{
    "status": "ok",
    "meta": {
        "count": 1,
        "page_total": 1,
        "total": 1,
        "limit": 100,
        "page": 1
    },
    "data": {
        "4076779472": {
            "description": "1939 年の末、イギリス海軍造船局は 203 mm 砲を搭載する重巡洋艦の開発に注力していました。そして 1940 年に、エディンバラ級軽巡洋艦をベースとした複数の設計案が提案されました。その中でも最大かつ最も戦闘能力が高かったものは、排水量 15,500 トンで 203 mm 砲の三連装砲塔を 3 基搭載する案でした。計画によると、本級の各艦は 1944 年に就役する見込みでしたが、海軍本部がその低い速力に不満を持ち、軽巡洋艦の大量建造を優先することになったため、本計画は放棄されました。本計画をゲーム内で再現したのがこのアルベマールです。",
            "price_gold": 0,
            "ship_id_str": "PBSC208",
            "has_demo_profile": false,
            "images": {
                "small": "https://wows-gloss-icons.wgcdn.co/icons/vehicle/small/PBSC208_9814c4d69c8b9ed642fd5b8664b1e36642c32c8c2fef957df4ef082ba0852d15.png",
                "large": "https://wows-gloss-icons.wgcdn.co/icons/vehicle/large/PBSC208_89f89b5cee107a3be999b31c9b03a11ecd6088ff1bd3a9ed7d8c41b7433a696d.png",
                "medium": "https://wows-gloss-icons.wgcdn.co/icons/vehicle/medium/PBSC208_c63205504566678f26fd7596dc4f97cfdfb82eef49999ca03b18e8083693eec5.png",
                "contour": "https://wows-gloss-icons.wgcdn.co/icons/vehicle/contour/PBSC208_c134df23702b59df08fe0822e1925d2c21115bc395e80adc2a1146c9316d16d4.png"
            },
            "modules": {
                "engine": [
                    3555569616
                ],
                "torpedo_bomber": [],
                "fighter": [],
                "hull": [
                    3551277008,
                    3550228432
                ],
                "artillery": [
                    3556749264
                ],
                "torpedoes": [
                    3556126672
                ],
                "fire_control": [
                    3554062288,
                    3553013712
                ],
                "sonar": [],
                "flight_control": [],
                "dive_bomber": []
            },
            "modules_tree": {
                "3555569616": {
                    "name": "推力: 110,000 馬力",
                    "next_modules": null,
                    "is_default": true,
                    "price_xp": 0,
                    "price_credit": 600000,
                    "next_ships": null,
                    "module_id": 3555569616,
                    "type": "Engine",
                    "module_id_str": "PBUE705"
                },
                "3553013712": {
                    "name": "Mk VIII mod. 2",
                    "next_modules": null,
                    "is_default": false,
                    "price_xp": 19500,
                    "price_credit": 1750000,
                    "next_ships": null,
                    "module_id": 3553013712,
                    "type": "Suo",
                    "module_id_str": "PBUS707"
                },
                "3556749264": {
                    "name": "203 mm/50 Mk IX (Mk.III 砲座)",
                    "next_modules": null,
                    "is_default": true,
                    "price_xp": 0,
                    "price_credit": 600000,
                    "next_ships": null,
                    "module_id": 3556749264,
                    "type": "Artillery",
                    "module_id_str": "PBUA704"
                },
                "3556126672": {
                    "name": "533 mm Mk IX**",
                    "next_modules": null,
                    "is_default": true,
                    "price_xp": 0,
                    "price_credit": 600000,
                    "next_ships": null,
                    "module_id": 3556126672,
                    "type": "Torpedoes",
                    "module_id_str": "PBUT704"
                },
                "3554062288": {
                    "name": "Mk VIII mod. 1",
                    "next_modules": [
                        3553013712
                    ],
                    "is_default": true,
                    "price_xp": 0,
                    "price_credit": 600000,
                    "next_ships": null,
                    "module_id": 3554062288,
                    "type": "Suo",
                    "module_id_str": "PBUS706"
                },
                "3551277008": {
                    "name": "Albemarle (A)",
                    "next_modules": [
                        3550228432
                    ],
                    "is_default": true,
                    "price_xp": 0,
                    "price_credit": 900000,
                    "next_ships": null,
                    "module_id": 3551277008,
                    "type": "Hull",
                    "module_id_str": "PBUH709"
                },
                "3550228432": {
                    "name": "Albemarle (B)",
                    "next_modules": null,
                    "is_default": false,
                    "price_xp": 32500,
                    "price_credit": 2450000,
                    "next_ships": [
                        4075730896
                    ],
                    "module_id": 3550228432,
                    "type": "Hull",
                    "module_id_str": "PBUH710"
                }
            },
            "nation": "uk",
            "is_premium": false,
            "ship_id": 4076779472,
            "price_credit": 9000000,
            "default_profile": {
                "engine": {
                    "engine_id_str": "PBUE705",
                    "max_speed": 33.0,
                    "engine_id": 3555569616
                },
                "torpedo_bomber": null,
                "anti_aircraft": {
                    "slots": {
                        "0": {
                            "distance": -1.0,
                            "avg_damage": null,
                            "caliber": 20,
                            "name": "20 mm Oerlikon Mk.I (Mk.IIA 砲座)",
                            "guns": 16
                        },
                        "1": {
                            "distance": -1.0,
                            "avg_damage": null,
                            "caliber": 40,
                            "name": "40 mm/39 Vickers QF Mk.VIII (Mk.VII 砲座)",
                            "guns": 2
                        },
                        "2": {
                            "distance": -1.0,
                            "avg_damage": null,
                            "caliber": 40,
                            "name": "40 mm/39 Vickers QF Mk.VIII (Mk.VI 砲座)",
                            "guns": 4
                        },
                        "3": {
                            "distance": -1.0,
                            "avg_damage": null,
                            "caliber": 113,
                            "name": "113 mm/45 QF Mk.V (RP41 Mk.VI 砲座)",
                            "guns": 6
                        }
                    },
                    "defense": 69
                },
                "depth_charge": null,
                "mobility": {
                    "rudder_time": 15.0,
                    "total": 50,
                    "max_speed": 33.0,
                    "turning_radius": 720
                },
                "hull": {
                    "hull_id": 3551277008,
                    "hull_id_str": "PBUH709",
                    "torpedoes_barrels": 2,
                    "anti_aircraft_barrels": 28,
                    "range": {
                        "max": 152,
                        "min": 16
                    },
                    "health": 39400,
                    "planes_amount": null,
                    "artillery_barrels": 3,
                    "atba_barrels": 6
                },
                "atbas": {
                    "distance": 6.6,
                    "slots": {
                        "0": {
                            "burn_probability": 7.0,
                            "bullet_speed": 746,
                            "name": "113 mm HE Mk XVI",
                            "shot_delay": 3.0,
                            "damage": 1600,
                            "bullet_mass": 25,
                            "type": "HE",
                            "gun_rate": 20.0
                        }
                    }
                },
                "artillery": {
                    "max_dispersion": 131,
                    "shells": {
                        "AP": {
                            "burn_probability": null,
                            "bullet_speed": 814,
                            "name": "203 mm AP 256 lb",
                            "damage": 4500,
                            "bullet_mass": 116,
                            "type": "AP"
                        },
                        "HE": {
                            "burn_probability": 17.0,
                            "bullet_speed": 814,
                            "name": "203 mm HE 256 lb",
                            "damage": 3300,
                            "bullet_mass": 116,
                            "type": "HE"
                        }
                    },
                    "shot_delay": 13.0,
                    "rotation_time": 22.5,
                    "distance": 14.3,
                    "artillery_id": 3556749264,
                    "artillery_id_str": "PBUA704",
                    "slots": {
                        "0": {
                            "barrels": 3,
                            "name": "203 mm/50 Mk IX (Mk.III 砲座)",
                            "guns": 3
                        }
                    },
                    "gun_rate": 4.6
                },
                "torpedoes": {
                    "visibility_dist": 1.3,
                    "distance": 10.0,
                    "torpedoes_id": 3556126672,
                    "torpedo_name": "533 mm Mk IX**",
                    "reload_time": 96,
                    "torpedo_speed": 62,
                    "rotation_time": 7.2,
                    "torpedoes_id_str": "PBUT704",
                    "slots": {
                        "0": {
                            "barrels": 4,
                            "caliber": 533,
                            "name": "533 mm QR Mk II",
                            "guns": 2
                        }
                    },
                    "max_damage": 15533
                },
                "fighters": null,
                "submarine_mobility": null,
                "fire_control": {
                    "fire_control_id": 3554062288,
                    "distance": 0.0,
                    "distance_increase": null,
                    "fire_control_id_str": "PBUS706"
                },
                "submarine_sonar": null,
                "battle_level_range_max": 10,
                "battle_level_range_min": 8,
                "flight_control": null,
                "submarine_battery": null,
                "concealment": {
                    "total": 57,
                    "detect_distance_by_plane": 7.7,
                    "detect_distance_by_submarine": 7.7,
                    "detect_distance_by_ship": 12.1
                },
                "armour": {
                    "casemate": {
                        "max": -1,
                        "min": -1
                    },
                    "deck": {
                        "max": -1,
                        "min": -1
                    },
                    "flood_damage": 19,
                    "range": {
                        "max": 152,
                        "min": 16
                    },
                    "health": 39400,
                    "extremities": {
                        "max": -1,
                        "min": -1
                    },
                    "total": 53,
                    "citadel": {
                        "max": -1,
                        "min": -1
                    }
                },
                "weaponry": {
                    "torpedoes": 23,
                    "aircraft": 0,
                    "artillery": 76,
                    "anti_aircraft": 69
                },
                "dive_bomber": null
            },
            "upgrades": [
                4273131440,
                4257402800,
                4259499952,
                4261597104,
                4262645680,
                4287811504,
                4265791408,
                4266839984,
                4268937136,
                4267888560,
                4220702640,
                4275228592,
                4269985712,
                4281520048
            ],
            "tier": 8,
            "next_ships": {
                "4075730896": 176000
            },
            "mod_slots": 5,
            "type": "Cruiser",
            "is_special": false,
            "name": "Albemarle"
        }
    }
}