{
    "status": "ok",
    "meta": {
        "count": 1,
        "page_total": 1,
        "total": 1,
        "limit": 100,
        "page": 1
    },
    "data": {
        "4182685520": {
            "description": "ワシントン海軍軍縮条約の制限下で建造されたデュケーヌ級およびシュフラン級という 2 種類の巡洋艦の後、155 mm 砲弾に耐え得る強化型装甲を備えた艦艇を開発する任務が設計技師陣に与えられました。距離に関しては、水平防御で 15 km 以内、垂直防御で 20 km 以内の距離から発射された砲弾に対する防御力が求められました。この巡洋艦は前級艦と異なり、全長が短く全幅が長い平甲板型の船体を備え、推進機関は直線的に配置されていました。第二次世界大戦初頭、アルジェリーは哨戒および護衛任務に従事し、金塊の輸送船も護衛しました。",
            "price_gold": 0,
            "ship_id_str": "PFSC107",
            "has_demo_profile": false,
            "images": {
                "small": "https://wows-gloss-icons.wgcdn.co/icons/vehicle/small/PFSC107_4418cdb14fe0786127b50ad58bc6bd8b3582556461a0fd83dd36c1bcac4038a7.png",
                "large": "https://wows-gloss-icons.wgcdn.co/icons/vehicle/large/PFSC107_fae0d9252027e8638843365352e98bf18f462874a2f8ba0641e9c1182a773e70.png",
                "medium": "https://wows-gloss-icons.wgcdn.co/icons/vehicle/medium/PFSC107_167154e534e94a443c44801455d4427f9e50cab10500130b8fc19d62a20dc1f2.png",
                "contour": "https://wows-gloss-icons.wgcdn.co/icons/vehicle/contour/PFSC107_885ab5ef99b74544d7a73bc0f7d31146bcf43ec26f9beca60167593c8a9c8de0.png"
            },
            "modules": {
                "engine": [
                    3664621392
                ],
                "torpedo_bomber": [],
                "fighter": [],
                "hull": [
                    3663474512,
                    3664523088
                ],
                "artillery": [
                    3664752464
                ],
                "torpedoes": [
                    3664129872
                ],
                "fire_control": [
                    3664162640,
                    3663114064
                ],
                "sonar": [],
                "flight_control": [],
                "dive_bomber": []
            },
            "modules_tree": {
                "3664162640": {
                    "name": "PCA n° 7 Mle 1",
                    "next_modules": [
                        3663114064
                    ],
                    "is_default": true,
                    "price_xp": 0,
                    "price_credit": 400000,
                    "next_ships": null,
                    "module_id": 3664162640,
                    "type": "Suo",
                    "module_id_str": "PFUS601"
                },
                "3663114064": {
                    "name": "PCA n° 7 Mle 2",
                    "next_modules": null,
                    "is_default": false,
                    "price_xp": 10200,
                    "price_credit": 820000,
                    "next_ships": null,
                    "module_id": 3663114064,
                    "type": "Suo",
                    "module_id_str": "PFUS602"
                },
                "3663474512": {
                    "name": "Algérie (B)",
                    "next_modules": null,
                    "is_default": false,
                    "price_xp": 17800,
                    "price_credit": 1300000,
                    "next_ships": [
                        4181636944
                    ],
                    "module_id": 3663474512,
                    "type": "Hull",
                    "module_id_str": "PFUH602"
                },
                "3664129872": {
                    "name": "550 mm 23DT",
                    "next_modules": null,
                    "is_default": true,
                    "price_xp": 0,
                    "price_credit": 400000,
                    "next_ships": null,
                    "module_id": 3664129872,
                    "type": "Torpedoes",
                    "module_id_str": "PFUT601"
                },
                "3664523088": {
                    "name": "Algérie (A)",
                    "next_modules": [
                        3663474512
                    ],
                    "is_default": true,
                    "price_xp": 0,
                    "price_credit": 610000,
                    "next_ships": null,
                    "module_id": 3664523088,
                    "type": "Hull",
                    "module_id_str": "PFUH601"
                },
                "3664621392": {
                    "name": "推力: 84,000 馬力",
                    "next_modules": null,
                    "is_default": true,
                    "price_xp": 0,
                    "price_credit": 390000,
                    "next_ships": null,
                    "module_id": 3664621392,
                    "type": "Engine",
                    "module_id_str": "PFUE601"
                },
                "3664752464": {
                    "name": "203 mm/50 Mle 1924 (Mle 1931 砲座)",
                    "next_modules": null,
                    "is_default": true,
                    "price_xp": 0,
                    "price_credit": 440000,
                    "next_ships": [
                        4076779344
                    ],
                    "module_id": 3664752464,
                    "type": "Artillery",
                    "module_id_str": "PFUA601"
                }
            },
            "nation": "france",
            "is_premium": false,
            "ship_id": 4182685520,
            "price_credit": 5600000,
            "default_profile": {
                "engine": {
                    "engine_id_str": "PFUE601",
                    "max_speed": 31.0,
                    "engine_id": 3664621392
                },
                "torpedo_bomber": null,
                "anti_aircraft": {
                    "slots": {
                        "0": {
                            "distance": -1.0,
                            "avg_damage": null,
                            "caliber": 13,
                            "name": "12.7 mm Browning (単装銃座)",
                            "guns": 4
                        },
                        "1": {
                            "distance": -1.0,
                            "avg_damage": null,
                            "caliber": 13,
                            "name": "13.2 mm Hotchkiss Mle 1929 (CAQ Mle 1929 銃座)",
                            "guns": 4
                        },
                        "2": {
                            "distance": -1.0,
                            "avg_damage": null,
                            "caliber": 37,
                            "name": "37 mm/50 CAIL Mle 1933 (CAD Mle 1933 砲座)",
                            "guns": 4
                        },
                        "3": {
                            "distance": -1.0,
                            "avg_damage": null,
                            "caliber": 100,
                            "name": "100 mm/45 Mle 1930 (Mle 1931 砲座)",
                            "guns": 6
                        }
                    },
                    "defense": 43
                },
                "depth_charge": null,
                "mobility": {
                    "rudder_time": 13.4,
                    "total": 48,
                    "max_speed": 31.0,
                    "turning_radius": 660
                },
                "hull": {
                    "hull_id": 3664523088,
                    "hull_id_str": "PFUH601",
                    "torpedoes_barrels": 2,
                    "anti_aircraft_barrels": 18,
                    "range": {
                        "max": 110,
                        "min": 6
                    },
                    "health": 29700,
                    "planes_amount": null,
                    "artillery_barrels": 4,
                    "atba_barrels": 6
                },
                "atbas": {
                    "distance": 6.3,
                    "slots": {
                        "0": {
                            "burn_probability": 6.0,
                            "bullet_speed": 780,
                            "name": "100 mm HE OEA Mle 1928",
                            "shot_delay": 4.0,
                            "damage": 1400,
                            "bullet_mass": 14,
                            "type": "HE",
                            "gun_rate": 15.0
                        }
                    }
                },
                "artillery": {
                    "max_dispersion": 145,
                    "shells": {
                        "AP": {
                            "burn_probability": null,
                            "bullet_speed": 820,
                            "name": "203 mm AP OPf Mle 1936",
                            "damage": 4800,
                            "bullet_mass": 134,
                            "type": "AP"
                        },
                        "HE": {
                            "burn_probability": 15.0,
                            "bullet_speed": 850,
                            "name": "203 mm HE OEA Mle 1927",
                            "damage": 2800,
                            "bullet_mass": 124,
                            "type": "HE"
                        }
                    },
                    "shot_delay": 12.0,
                    "rotation_time": 25.7,
                    "distance": 16.3,
                    "artillery_id": 3664752464,
                    "artillery_id_str": "PFUA601",
                    "slots": {
                        "0": {
                            "barrels": 2,
                            "name": "203 mm/50 Mle 1924 (Mle 1931 砲座)",
                            "guns": 4
                        }
                    },
                    "gun_rate": 5.0
                },
                "torpedoes": {
                    "visibility_dist": 1.3,
                    "distance": 9.0,
                    "torpedoes_id": 3664129872,
                    "torpedo_name": "550 mm 23DT",
                    "reload_time": 90,
                    "torpedo_speed": 60,
                    "rotation_time": 7.2,
                    "torpedoes_id_str": "PFUT601",
                    "slots": {
                        "0": {
                            "barrels": 3,
                            "caliber": 550,
                            "name": "550 mm tube lance-torpilles",
                            "guns": 2
                        }
                    },
                    "max_damage": 14833
                },
                "fighters": null,
                "submarine_mobility": null,
                "fire_control": {
                    "fire_control_id": 3664162640,
                    "distance": 0.0,
                    "distance_increase": null,
                    "fire_control_id_str": "PFUS601"
                },
                "submarine_sonar": null,
                "battle_level_range_max": 9,
                "battle_level_range_min": 7,
                "flight_control": null,
                "submarine_battery": null,
                "concealment": {
                    "total": 53,
                    "detect_distance_by_plane": 6.4,
                    "detect_distance_by_submarine": 6.4,
                    "detect_distance_by_ship": 13.4
                },
                "armour": {
                    "casemate": {
                        "max": -1,
                        "min": -1
                    },
                    "deck": {
                        "max": -1,
                        "min": -1
                    },
                    "flood_damage": 16,
                    "range": {
                        "max": 110,
                        "min": 6
                    },
                    "health": 29700,
                    "extremities": {
                        "max": -1,
                        "min": -1
                    },
                    "total": 41,
                    "citadel": {
                        "max": -1,
                        "min": -1
                    }
                },
                "weaponry": {
                    "torpedoes": 15,
                    "aircraft": 0,
                    "artillery": 76,
                    "anti_aircraft": 43
                },
                "dive_bomber": null
            },
            "upgrades": [
                4273131440,
                4259499952,
                4261597104,
                4262645680,
                4220702640,
                4268937136,
                4267888560,
                4287811504,
                4275228592,
                4269985712,
                4281520048
            ],
            "tier": 7,
            "next_ships": {
                "4181636944": 110000,
                "4076779344": 110000
            },
            "mod_slots": 4,
            "type": "Cruiser",
            "is_special": false,
            "name": "Algérie"
        }
    }
}