{
    "status": "ok",
    "meta": {
        "count": 1,
        "page_total": 1,
        "total": 1,
        "limit": 100,
        "page": 1
    },
    "data": {
        "4181636848": {
            "description": "スペインは内戦後、その海軍を強化する方法を模索していました。そのための計画案のひとつはイタリアのアンサルド社が提案したものであり、ザラ級を拡大し、203 mm 三連装砲座を 3 基搭載した重巡洋艦でした。これを具現化したのがこのアマルフィです。",
            "price_gold": 0,
            "ship_id_str": "PISC108",
            "has_demo_profile": false,
            "images": {
                "small": "https://wows-gloss-icons.wgcdn.co/icons/vehicle/small/PISC108_cfbcefc56001806febabf1fd507fb6ba7af4d2e335534ee14278a288aad642de.png",
                "large": "https://wows-gloss-icons.wgcdn.co/icons/vehicle/large/PISC108_a79d05f1a25123e3d372e917c9269b406ab8cfc9c2c4f26d666d163ec6050ac2.png",
                "medium": "https://wows-gloss-icons.wgcdn.co/icons/vehicle/medium/PISC108_0e0705bd0b83989627be282df48820a1477e29e064fa00aedef3f19045c7e953.png",
                "contour": "https://wows-gloss-icons.wgcdn.co/icons/vehicle/contour/PISC108_ec823b6070f9e5fb823019e83bbdfa6dcb854938af7ec975675a67fc31ec15ba.png"
            },
            "modules": {
                "engine": [
                    3558715120
                ],
                "torpedo_bomber": [],
                "fighter": [],
                "hull": [
                    3557568240,
                    3558616816
                ],
                "artillery": [
                    3558846192
                ],
                "torpedoes": [
                    3559272176
                ],
                "fire_control": [
                    3558256368,
                    3557207792
                ],
                "sonar": [],
                "flight_control": [],
                "dive_bomber": []
            },
            "modules_tree": {
                "3558616816": {
                    "name": "Amalfi (A)",
                    "next_modules": [
                        3557568240
                    ],
                    "is_default": true,
                    "price_xp": 0,
                    "price_credit": 1000000,
                    "next_ships": null,
                    "module_id": 3558616816,
                    "type": "Hull",
                    "module_id_str": "PIUH702"
                },
                "3558715120": {
                    "name": "推力: 192,000 馬力",
                    "next_modules": null,
                    "is_default": true,
                    "price_xp": 0,
                    "price_credit": 620000,
                    "next_ships": null,
                    "module_id": 3558715120,
                    "type": "Engine",
                    "module_id_str": "PIUE702"
                },
                "3557568240": {
                    "name": "Amalfi (B)",
                    "next_modules": null,
                    "is_default": false,
                    "price_xp": 30000,
                    "price_credit": 2000000,
                    "next_ships": [
                        4180588272
                    ],
                    "module_id": 3557568240,
                    "type": "Hull",
                    "module_id_str": "PIUH703"
                },
                "3558846192": {
                    "name": "203 mm/55 Model 1934 (砲塔)",
                    "next_modules": null,
                    "is_default": true,
                    "price_xp": 0,
                    "price_credit": 730000,
                    "next_ships": null,
                    "module_id": 3558846192,
                    "type": "Artillery",
                    "module_id_str": "PIUA702"
                },
                "3557207792": {
                    "name": "SDT 8 mod.2",
                    "next_modules": null,
                    "is_default": false,
                    "price_xp": 18000,
                    "price_credit": 1100000,
                    "next_ships": null,
                    "module_id": 3557207792,
                    "type": "Suo",
                    "module_id_str": "PIUS703"
                },
                "3559272176": {
                    "name": "533 mm Si 270 M",
                    "next_modules": null,
                    "is_default": true,
                    "price_xp": 0,
                    "price_credit": 620000,
                    "next_ships": null,
                    "module_id": 3559272176,
                    "type": "Torpedoes",
                    "module_id_str": "PIUT701"
                },
                "3558256368": {
                    "name": "SDT 8 mod.1",
                    "next_modules": [
                        3557207792
                    ],
                    "is_default": true,
                    "price_xp": 0,
                    "price_credit": 550000,
                    "next_ships": null,
                    "module_id": 3558256368,
                    "type": "Suo",
                    "module_id_str": "PIUS702"
                }
            },
            "nation": "italy",
            "is_premium": false,
            "ship_id": 4181636848,
            "price_credit": 9100000,
            "default_profile": {
                "engine": {
                    "engine_id_str": "PIUE702",
                    "max_speed": 37.0,
                    "engine_id": 3558715120
                },
                "torpedo_bomber": null,
                "anti_aircraft": {
                    "slots": {
                        "0": {
                            "distance": -1.0,
                            "avg_damage": null,
                            "caliber": 20,
                            "name": "20 mm/65 Breda Model 1935 (Model 1935 砲座)",
                            "guns": 12
                        },
                        "1": {
                            "distance": -1.0,
                            "avg_damage": null,
                            "caliber": 37,
                            "name": "37 mm/54 Model 1938 (Model 1938 砲座)",
                            "guns": 6
                        },
                        "2": {
                            "distance": -1.0,
                            "avg_damage": null,
                            "caliber": 90,
                            "name": "90 mm/50 Model 1939 (砲塔)",
                            "guns": 12
                        }
                    },
                    "defense": 64
                },
                "depth_charge": null,
                "mobility": {
                    "rudder_time": 15.3,
                    "total": 59,
                    "max_speed": 37.0,
                    "turning_radius": 680
                },
                "hull": {
                    "hull_id": 3558616816,
                    "hull_id_str": "PIUH702",
                    "torpedoes_barrels": 2,
                    "anti_aircraft_barrels": 30,
                    "range": {
                        "max": 150,
                        "min": 16
                    },
                    "health": 38500,
                    "planes_amount": null,
                    "artillery_barrels": 3,
                    "atba_barrels": 12
                },
                "atbas": {
                    "distance": 6.6,
                    "slots": {
                        "0": {
                            "burn_probability": 5.0,
                            "bullet_speed": 860,
                            "name": "90 mm proiettili HE",
                            "shot_delay": 4.0,
                            "damage": 1300,
                            "bullet_mass": 10,
                            "type": "HE",
                            "gun_rate": 15.0
                        }
                    }
                },
                "artillery": {
                    "max_dispersion": 134,
                    "shells": {
                        "AP": {
                            "burn_probability": null,
                            "bullet_speed": 910,
                            "name": "203 mm proiettili AP 1924 mod.2",
                            "damage": 4800,
                            "bullet_mass": 125,
                            "type": "AP"
                        }
                    },
                    "shot_delay": 16.0,
                    "rotation_time": 25.7,
                    "distance": 14.7,
                    "artillery_id": 3558846192,
                    "artillery_id_str": "PIUA702",
                    "slots": {
                        "0": {
                            "barrels": 3,
                            "name": "203 mm/55 Model 1934 (砲塔)",
                            "guns": 3
                        }
                    },
                    "gun_rate": 3.8
                },
                "torpedoes": {
                    "visibility_dist": 1.0,
                    "distance": 12.0,
                    "torpedoes_id": 3559272176,
                    "torpedo_name": "533 mm Si 270 M",
                    "reload_time": 95,
                    "torpedo_speed": 51,
                    "rotation_time": 7.2,
                    "torpedoes_id_str": "PIUT701",
                    "slots": {
                        "0": {
                            "barrels": 4,
                            "caliber": 533,
                            "name": "533 mm tubo lanciasiluri",
                            "guns": 2
                        }
                    },
                    "max_damage": 12666
                },
                "fighters": null,
                "submarine_mobility": null,
                "fire_control": {
                    "fire_control_id": 3558256368,
                    "distance": 0.0,
                    "distance_increase": null,
                    "fire_control_id_str": "PIUS702"
                },
                "submarine_sonar": null,
                "battle_level_range_max": 10,
                "battle_level_range_min": 8,
                "flight_control": null,
                "submarine_battery": null,
                "concealment": {
                    "total": 46,
                    "detect_distance_by_plane": 8.7,
                    "detect_distance_by_submarine": 8.7,
                    "detect_distance_by_ship": 14.0
                },
                "armour": {
                    "casemate": {
                        "max": -1,
                        "min": -1
                    },
                    "deck": {
                        "max": -1,
                        "min": -1
                    },
                    "flood_damage": 19,
                    "range": {
                        "max": 150,
                        "min": 16
                    },
                    "health": 38500,
                    "extremities": {
                        "max": -1,
                        "min": -1
                    },
                    "total": 52,
                    "citadel": {
                        "max": -1,
                        "min": -1
                    }
                },
                "weaponry": {
                    "torpedoes": 17,
                    "aircraft": 0,
                    "artillery": 84,
                    "anti_aircraft": 64
                },
                "dive_bomber": null
            },
            "upgrades": [
                4273131440,
                4257402800,
                4259499952,
                4261597104,
                4262645680,
                4287811504,
                4268937136,
                4265791408,
                4266839984,
                4267888560,
                4220702640,
                4275228592,
                4269985712,
                4281520048
            ],
            "tier": 8,
            "next_ships": {
                "4180588272": 160000
            },
            "mod_slots": 5,
            "type": "Cruiser",
            "is_special": false,
            "name": "Amalfi"
        }
    }
}