{
    "status": "ok",
    "meta": {
        "count": 1,
        "page_total": 1,
        "total": 1,
        "limit": 100,
        "page": 1
    },
    "data": {
        "4183766768": {
            "description": "イタリア戦艦の 2 番目のシリーズは、改良版のコンテ・ディ・カヴールの設計をベースとしていました。1913 年に起工されたアンドレア・ドーリアは、1920 年代のフィウメ問題とコルフ島事件に参加しました。1930 年代と 1940 年代に、本艦の推進機関と兵装がアップグレードされました。本艦は第二次世界大戦中には輸送船団をリビアへと護衛し、シルテ湾海戦に参加しました。",
            "price_gold": 0,
            "ship_id_str": "PISB106",
            "has_demo_profile": false,
            "images": {
                "small": "https://wows-gloss-icons.wgcdn.co/icons/vehicle/small/PISB106_5896eaca6a4ae46a54dd24971021f670a148c3713df48f357353cb38099dd052.png",
                "large": "https://wows-gloss-icons.wgcdn.co/icons/vehicle/large/PISB106_9b076ebaa0d4193e63df4ef26e8c83b0f071fcbee4c575516907d638b22d0cfa.png",
                "medium": "https://wows-gloss-icons.wgcdn.co/icons/vehicle/medium/PISB106_f7295bf9750d102014b056772b03c6d69b8a5fe606fd6189cd89dbb3389816f5.png",
                "contour": "https://wows-gloss-icons.wgcdn.co/icons/vehicle/contour/PISB106_4f8138e3a62d773900a04ea64cb136f417df229c5fcceb7b7c14885f10605dad.png"
            },
            "modules": {
                "engine": [
                    3765284592
                ],
                "torpedo_bomber": [],
                "fighter": [],
                "hull": [
                    3763089136,
                    3764137712
                ],
                "artillery": [
                    3765415664
                ],
                "torpedoes": [],
                "fire_control": [
                    3762728688,
                    3763777264
                ],
                "sonar": [],
                "flight_control": [],
                "dive_bomber": []
            },
            "modules_tree": {
                "3763089136": {
                    "name": "Andrea Doria (B)",
                    "next_modules": null,
                    "is_default": false,
                    "price_xp": 15000,
                    "price_credit": 1050000,
                    "next_ships": [
                        4182718192
                    ],
                    "module_id": 3763089136,
                    "type": "Hull",
                    "module_id_str": "PIUH507"
                },
                "3764137712": {
                    "name": "Andrea Doria (A)",
                    "next_modules": [
                        3763089136
                    ],
                    "is_default": true,
                    "price_xp": 0,
                    "price_credit": 375000,
                    "next_ships": null,
                    "module_id": 3764137712,
                    "type": "Hull",
                    "module_id_str": "PIUH506"
                },
                "3765284592": {
                    "name": "推力: 75,000 馬力",
                    "next_modules": null,
                    "is_default": true,
                    "price_xp": 0,
                    "price_credit": 250000,
                    "next_ships": null,
                    "module_id": 3765284592,
                    "type": "Engine",
                    "module_id_str": "PIUE505"
                },
                "3762728688": {
                    "name": "SDT 6 mod.2",
                    "next_modules": null,
                    "is_default": false,
                    "price_xp": 10000,
                    "price_credit": 700000,
                    "next_ships": null,
                    "module_id": 3762728688,
                    "type": "Suo",
                    "module_id_str": "PIUS507"
                },
                "3765415664": {
                    "name": "320 mm/44 OTO Model 1934 (Model 1934 砲座)",
                    "next_modules": null,
                    "is_default": true,
                    "price_xp": 0,
                    "price_credit": 250000,
                    "next_ships": null,
                    "module_id": 3765415664,
                    "type": "Artillery",
                    "module_id_str": "PIUA505"
                },
                "3763777264": {
                    "name": "SDT 6 mod.1",
                    "next_modules": [
                        3762728688
                    ],
                    "is_default": true,
                    "price_xp": 0,
                    "price_credit": 250000,
                    "next_ships": null,
                    "module_id": 3763777264,
                    "type": "Suo",
                    "module_id_str": "PIUS506"
                }
            },
            "nation": "italy",
            "is_premium": false,
            "ship_id": 4183766768,
            "price_credit": 3500000,
            "default_profile": {
                "engine": {
                    "engine_id_str": "PIUE505",
                    "max_speed": 27.0,
                    "engine_id": 3765284592
                },
                "torpedo_bomber": null,
                "anti_aircraft": {
                    "slots": {
                        "0": {
                            "distance": -1.0,
                            "avg_damage": null,
                            "caliber": 13,
                            "name": "13.2 mm/76 Breda Model 1931 (連装銃座)",
                            "guns": 8
                        },
                        "1": {
                            "distance": -1.0,
                            "avg_damage": null,
                            "caliber": 37,
                            "name": "37 mm/54 Breda Model 1939 (Model RM1939 砲座)",
                            "guns": 9
                        },
                        "2": {
                            "distance": -1.0,
                            "avg_damage": null,
                            "caliber": 90,
                            "name": "90 mm/50 Model 1939 (砲塔)",
                            "guns": 10
                        }
                    },
                    "defense": 56
                },
                "depth_charge": null,
                "mobility": {
                    "rudder_time": 18.2,
                    "total": 36,
                    "max_speed": 27.0,
                    "turning_radius": 640
                },
                "hull": {
                    "hull_id": 3764137712,
                    "hull_id_str": "PIUH506",
                    "torpedoes_barrels": 0,
                    "anti_aircraft_barrels": 27,
                    "range": {
                        "max": 250,
                        "min": 16
                    },
                    "health": 41300,
                    "planes_amount": null,
                    "artillery_barrels": 4,
                    "atba_barrels": 14
                },
                "atbas": {
                    "distance": 5.0,
                    "slots": {
                        "0": {
                            "burn_probability": 9.0,
                            "bullet_speed": 825,
                            "name": "135 mm proiettili HE 1938",
                            "shot_delay": 7.0,
                            "damage": 1950,
                            "bullet_mass": 33,
                            "type": "HE",
                            "gun_rate": 8.6
                        },
                        "1": {
                            "burn_probability": 5.0,
                            "bullet_speed": 860,
                            "name": "90 mm proiettili HE",
                            "shot_delay": 4.0,
                            "damage": 1300,
                            "bullet_mass": 10,
                            "type": "HE",
                            "gun_rate": 15.0
                        }
                    }
                },
                "artillery": {
                    "max_dispersion": 219,
                    "shells": {
                        "AP": {
                            "burn_probability": null,
                            "bullet_speed": 830,
                            "name": "320 mm proiettili AP",
                            "damage": 9700,
                            "bullet_mass": 525,
                            "type": "AP"
                        }
                    },
                    "shot_delay": 30.0,
                    "rotation_time": 36.0,
                    "distance": 15.6,
                    "artillery_id": 3765415664,
                    "artillery_id_str": "PIUA505",
                    "slots": {
                        "0": {
                            "barrels": 2,
                            "name": "320 mm/44 OTO Model 1934 (Model 1934 砲座)",
                            "guns": 2
                        },
                        "1": {
                            "barrels": 3,
                            "name": "320 mm/44 OTO Model 1934 (Model 1934 砲座)",
                            "guns": 2
                        }
                    },
                    "gun_rate": 2.0
                },
                "torpedoes": null,
                "fighters": null,
                "submarine_mobility": null,
                "fire_control": {
                    "fire_control_id": 3763777264,
                    "distance": 0.0,
                    "distance_increase": null,
                    "fire_control_id_str": "PIUS506"
                },
                "submarine_sonar": null,
                "battle_level_range_max": 8,
                "battle_level_range_min": 6,
                "flight_control": null,
                "submarine_battery": null,
                "concealment": {
                    "total": 49,
                    "detect_distance_by_plane": 8.4,
                    "detect_distance_by_submarine": 8.4,
                    "detect_distance_by_ship": 13.4
                },
                "armour": {
                    "casemate": {
                        "max": -1,
                        "min": -1
                    },
                    "deck": {
                        "max": -1,
                        "min": -1
                    },
                    "flood_damage": 32,
                    "range": {
                        "max": 250,
                        "min": 16
                    },
                    "health": 41300,
                    "extremities": {
                        "max": -1,
                        "min": -1
                    },
                    "total": 52,
                    "citadel": {
                        "max": -1,
                        "min": -1
                    }
                },
                "weaponry": {
                    "torpedoes": 0,
                    "aircraft": 0,
                    "artillery": 90,
                    "anti_aircraft": 56
                },
                "dive_bomber": null
            },
            "upgrades": [
                4273131440,
                4261597104,
                4259499952,
                4262645680,
                4268937136,
                4267888560,
                4287811504,
                4275228592,
                4269985712,
                4281520048
            ],
            "tier": 6,
            "next_ships": {
                "4182718192": 80000
            },
            "mod_slots": 4,
            "type": "Battleship",
            "is_special": false,
            "name": "Andrea Doria"
        }
    }
}