{
    "status": "ok",
    "meta": {
        "count": 1,
        "page_total": 1,
        "total": 1,
        "limit": 100,
        "page": 1
    },
    "data": {
        "4276008304": {
            "description": "9 門の 203 mm 砲を搭載した重巡洋艦の計画案で、第二次世界大戦の序盤にイギリスで開発された計画案をベースとしています。カウンティ級重巡洋艦と比較して、より堅牢な装甲、三連装砲塔に収められたより強力な主砲など、大きな長所がありました。しかし戦争の最中にはより小型の艦艇の建造が優先されたため、建造には至りませんでした。本案を具現化したのがこのオークランドです。",
            "price_gold": 0,
            "ship_id_str": "PUSC018",
            "has_demo_profile": false,
            "images": {
                "small": "https://wows-gloss-icons.wgcdn.co/icons/vehicle/small/PUSC018_a1b245886bf5da6800a73621f3cc0285f29a5b3b28970ddb4ca4dd8b4eb1a217.png",
                "large": "https://wows-gloss-icons.wgcdn.co/icons/vehicle/large/PUSC018_1342d037faef8073493a879fe200cec9305fc645c8ebc0be1854c4db22368776.png",
                "medium": "https://wows-gloss-icons.wgcdn.co/icons/vehicle/medium/PUSC018_81a76245cff9cfdc34c05cf12b477d51b6c29e65d53614ebd9a12f55595d20a8.png",
                "contour": "https://wows-gloss-icons.wgcdn.co/icons/vehicle/contour/PUSC018_02dd8fb5e8ef6786da15d617dc2125bcba9949713f405ca53748027826341bd6.png"
            },
            "modules": {
                "engine": [
                    3541937520
                ],
                "torpedo_bomber": [],
                "fighter": [],
                "hull": [
                    3541839216,
                    3540790640
                ],
                "artillery": [
                    3542068592
                ],
                "torpedoes": [
                    3541446000
                ],
                "fire_control": [
                    3541478768,
                    3540430192
                ],
                "sonar": [],
                "flight_control": [],
                "dive_bomber": []
            },
            "modules_tree": {
                "3542068592": {
                    "name": "203 mm/50 Mk IX (Mk.III 砲座)",
                    "next_modules": null,
                    "is_default": true,
                    "price_xp": 0,
                    "price_credit": 900000,
                    "next_ships": null,
                    "module_id": 3542068592,
                    "type": "Artillery",
                    "module_id_str": "PUUA718"
                },
                "3541839216": {
                    "name": "Auckland (A)",
                    "next_modules": [
                        3540790640
                    ],
                    "is_default": true,
                    "price_xp": 0,
                    "price_credit": 1350000,
                    "next_ships": null,
                    "module_id": 3541839216,
                    "type": "Hull",
                    "module_id_str": "PUUH718"
                },
                "3540430192": {
                    "name": "Mk VIII mod. 2",
                    "next_modules": null,
                    "is_default": false,
                    "price_xp": 24000,
                    "price_credit": 1400000,
                    "next_ships": null,
                    "module_id": 3540430192,
                    "type": "Suo",
                    "module_id_str": "PUUS719"
                },
                "3541446000": {
                    "name": "533 mm QR Mk II",
                    "next_modules": null,
                    "is_default": true,
                    "price_xp": 0,
                    "price_credit": 900000,
                    "next_ships": null,
                    "module_id": 3541446000,
                    "type": "Torpedoes",
                    "module_id_str": "PUUT718"
                },
                "3541478768": {
                    "name": "Mk VIII mod. 1",
                    "next_modules": [
                        3540430192
                    ],
                    "is_default": true,
                    "price_xp": 0,
                    "price_credit": 900000,
                    "next_ships": null,
                    "module_id": 3541478768,
                    "type": "Suo",
                    "module_id_str": "PUUS718"
                },
                "3541937520": {
                    "name": "推力: 110,000 馬力",
                    "next_modules": null,
                    "is_default": true,
                    "price_xp": 0,
                    "price_credit": 900000,
                    "next_ships": null,
                    "module_id": 3541937520,
                    "type": "Engine",
                    "module_id_str": "PUUE718"
                },
                "3540790640": {
                    "name": "Auckland (B)",
                    "next_modules": null,
                    "is_default": false,
                    "price_xp": 36000,
                    "price_credit": 2100000,
                    "next_ships": [
                        4274959728
                    ],
                    "module_id": 3540790640,
                    "type": "Hull",
                    "module_id_str": "PUUH719"
                }
            },
            "nation": "commonwealth",
            "is_premium": false,
            "ship_id": 4276008304,
            "price_credit": 9000000,
            "default_profile": {
                "engine": {
                    "engine_id_str": "PUUE718",
                    "max_speed": 33.0,
                    "engine_id": 3541937520
                },
                "torpedo_bomber": null,
                "anti_aircraft": {
                    "slots": {
                        "0": {
                            "distance": -1.0,
                            "avg_damage": null,
                            "caliber": 20,
                            "name": "20 mm Oerlikon (Mk.4 砲座)",
                            "guns": 10
                        },
                        "1": {
                            "distance": -1.0,
                            "avg_damage": null,
                            "caliber": 40,
                            "name": "40 mm/39 Vickers QF Mk.VIII (Mk.VII 砲座)",
                            "guns": 4
                        },
                        "2": {
                            "distance": -1.0,
                            "avg_damage": null,
                            "caliber": 102,
                            "name": "102 mm/45 QF Mk.XVII (Mk.XIX 砲座)",
                            "guns": 6
                        }
                    },
                    "defense": 53
                },
                "depth_charge": null,
                "mobility": {
                    "rudder_time": 14.1,
                    "total": 51,
                    "max_speed": 33.0,
                    "turning_radius": 720
                },
                "hull": {
                    "hull_id": 3541839216,
                    "hull_id_str": "PUUH718",
                    "torpedoes_barrels": 2,
                    "anti_aircraft_barrels": 20,
                    "range": {
                        "max": 152,
                        "min": 16
                    },
                    "health": 35400,
                    "planes_amount": null,
                    "artillery_barrels": 3,
                    "atba_barrels": 6
                },
                "atbas": {
                    "distance": 6.6,
                    "slots": {
                        "0": {
                            "burn_probability": 6.0,
                            "bullet_speed": 811,
                            "name": "102 mm HE 35 lb",
                            "shot_delay": 3.0,
                            "damage": 1500,
                            "bullet_mass": 16,
                            "type": "HE",
                            "gun_rate": 20.0
                        }
                    }
                },
                "artillery": {
                    "max_dispersion": 133,
                    "shells": {
                        "AP": {
                            "burn_probability": null,
                            "bullet_speed": 841,
                            "name": "203 mm AP 256 lb",
                            "damage": 4350,
                            "bullet_mass": 107,
                            "type": "AP"
                        },
                        "HE": {
                            "burn_probability": 18.0,
                            "bullet_speed": 841,
                            "name": "203 mm HE 256 lb",
                            "damage": 2950,
                            "bullet_mass": 107,
                            "type": "HE"
                        }
                    },
                    "shot_delay": 11.0,
                    "rotation_time": 30.0,
                    "distance": 14.5,
                    "artillery_id": 3542068592,
                    "artillery_id_str": "PUUA718",
                    "slots": {
                        "0": {
                            "barrels": 3,
                            "name": "203 mm/50 Mk IX (Mk.III 砲座)",
                            "guns": 3
                        }
                    },
                    "gun_rate": 5.5
                },
                "torpedoes": {
                    "visibility_dist": 1.3,
                    "distance": 12.0,
                    "torpedoes_id": 3541446000,
                    "torpedo_name": "533 mm Mk IX**",
                    "reload_time": 96,
                    "torpedo_speed": 62,
                    "rotation_time": 7.2,
                    "torpedoes_id_str": "PUUT718",
                    "slots": {
                        "0": {
                            "barrels": 4,
                            "caliber": 533,
                            "name": "533 mm QR Mk II",
                            "guns": 2
                        }
                    },
                    "max_damage": 16766
                },
                "fighters": null,
                "submarine_mobility": null,
                "fire_control": {
                    "fire_control_id": 3541478768,
                    "distance": 0.0,
                    "distance_increase": null,
                    "fire_control_id_str": "PUUS718"
                },
                "submarine_sonar": null,
                "battle_level_range_max": 10,
                "battle_level_range_min": 8,
                "flight_control": null,
                "submarine_battery": null,
                "concealment": {
                    "total": 51,
                    "detect_distance_by_plane": 7.7,
                    "detect_distance_by_submarine": 7.7,
                    "detect_distance_by_ship": 13.3
                },
                "armour": {
                    "casemate": {
                        "max": -1,
                        "min": -1
                    },
                    "deck": {
                        "max": -1,
                        "min": -1
                    },
                    "flood_damage": 19,
                    "range": {
                        "max": 152,
                        "min": 16
                    },
                    "health": 35400,
                    "extremities": {
                        "max": -1,
                        "min": -1
                    },
                    "total": 49,
                    "citadel": {
                        "max": -1,
                        "min": -1
                    }
                },
                "weaponry": {
                    "torpedoes": 27,
                    "aircraft": 0,
                    "artillery": 74,
                    "anti_aircraft": 53
                },
                "dive_bomber": null
            },
            "upgrades": [
                4262645680,
                4281520048,
                4273131440,
                4261597104,
                4265791408,
                4269985712,
                4266839984,
                4268937136,
                4275228592,
                4220702640,
                4259499952,
                4287811504,
                4267888560,
                4257402800
            ],
            "tier": 8,
            "next_ships": {
                "4274959728": 170000
            },
            "mod_slots": 5,
            "type": "Cruiser",
            "is_special": false,
            "name": "Auckland"
        }
    }
}