{
    "status": "ok",
    "meta": {
        "count": 1,
        "page_total": 1,
        "total": 1,
        "limit": 100,
        "page": 1
    },
    "data": {
        "3437180368": {
            "description": "トーナメントで新たなメカニズムや艦艇コンテンツをテストする目的で作成された、トーナメント・エディションのクローンです。",
            "price_gold": 12500,
            "ship_id_str": "PRSB818",
            "has_demo_profile": false,
            "images": {
                "small": "https://wows-gloss-icons.wgcdn.co/icons/vehicle/small/PRSB818_616c574101a1de12a63a77be0069e56cd4313933f5568f27b5818b4efec4913f.png",
                "large": "https://wows-gloss-icons.wgcdn.co/icons/vehicle/large/PRSB818_fb06be7060eece4995317b1868a24b69b246c89a421060c5e227b1c5a92d5d52.png",
                "medium": "https://wows-gloss-icons.wgcdn.co/icons/vehicle/medium/PRSB818_82f765ae3fd98490fcf48aeb796b13499891bd1756fb94a2940ba5d26827c7a1.png",
                "contour": "https://wows-gloss-icons.wgcdn.co/icons/vehicle/contour/PRSB818_f71bc2af6a882a9aa611a16157efec24a65838670ef07b4329ae14c8f79ba074.png"
            },
            "modules": {
                "engine": [
                    3361582544
                ],
                "torpedo_bomber": [],
                "fighter": [],
                "hull": [
                    3361484240
                ],
                "artillery": [
                    3361713616
                ],
                "torpedoes": [],
                "fire_control": [
                    3361123792
                ],
                "sonar": [],
                "flight_control": [],
                "dive_bomber": []
            },
            "modules_tree": {
                "3361123792": {
                    "name": "GFCS VIII mod. 1",
                    "next_modules": null,
                    "is_default": true,
                    "price_xp": 0,
                    "price_credit": 0,
                    "next_ships": null,
                    "module_id": 3361123792,
                    "type": "Suo",
                    "module_id_str": "PRUS890"
                },
                "3361582544": {
                    "name": "推力: 210,000 馬力",
                    "next_modules": null,
                    "is_default": true,
                    "price_xp": 0,
                    "price_credit": 0,
                    "next_ships": null,
                    "module_id": 3361582544,
                    "type": "Engine",
                    "module_id_str": "PRUE890"
                },
                "3361484240": {
                    "name": "Borodino TE",
                    "next_modules": null,
                    "is_default": true,
                    "price_xp": 0,
                    "price_credit": 0,
                    "next_ships": null,
                    "module_id": 3361484240,
                    "type": "Hull",
                    "module_id_str": "PRUH890"
                },
                "3361713616": {
                    "name": "406 mm/50 B-37 (MK-1 砲座)",
                    "next_modules": null,
                    "is_default": true,
                    "price_xp": 0,
                    "price_credit": 0,
                    "next_ships": null,
                    "module_id": 3361713616,
                    "type": "Artillery",
                    "module_id_str": "PRUA890"
                }
            },
            "nation": "ussr",
            "is_premium": false,
            "ship_id": 3437180368,
            "price_credit": 0,
            "default_profile": {
                "engine": {
                    "engine_id_str": "PRUE890",
                    "max_speed": 31.6,
                    "engine_id": 3361582544
                },
                "torpedo_bomber": null,
                "anti_aircraft": {
                    "slots": {
                        "0": {
                            "distance": -1.0,
                            "avg_damage": null,
                            "caliber": 25,
                            "name": "25 mm 110-PM (4M-120 砲座)",
                            "guns": 12
                        },
                        "1": {
                            "distance": -1.0,
                            "avg_damage": null,
                            "caliber": 57,
                            "name": "57 mm ZIF-31B 砲座",
                            "guns": 12
                        },
                        "2": {
                            "distance": -1.0,
                            "avg_damage": null,
                            "caliber": 180,
                            "name": "180 mm/65 SM-45 (SM-48 砲座)",
                            "guns": 2
                        }
                    },
                    "defense": 75
                },
                "depth_charge": null,
                "mobility": {
                    "rudder_time": 15.4,
                    "total": 43,
                    "max_speed": 31.6,
                    "turning_radius": 1060
                },
                "hull": {
                    "hull_id": 3361484240,
                    "hull_id_str": "PRUH890",
                    "torpedoes_barrels": 0,
                    "anti_aircraft_barrels": 26,
                    "range": {
                        "max": 495,
                        "min": 18
                    },
                    "health": 72000,
                    "planes_amount": null,
                    "artillery_barrels": 2,
                    "atba_barrels": 2
                },
                "atbas": {
                    "distance": 6.6,
                    "slots": {
                        "0": {
                            "burn_probability": 13.0,
                            "bullet_speed": 1000,
                            "name": "HE-32",
                            "shot_delay": 6.0,
                            "damage": 2500,
                            "bullet_mass": 98,
                            "type": "HE",
                            "gun_rate": 10.0
                        }
                    }
                },
                "artillery": {
                    "max_dispersion": 218,
                    "shells": {
                        "AP": {
                            "burn_probability": null,
                            "bullet_speed": 830,
                            "name": "406 mm AP Model 1937",
                            "damage": 13250,
                            "bullet_mass": 1108,
                            "type": "AP"
                        },
                        "HE": {
                            "burn_probability": 40.0,
                            "bullet_speed": 830,
                            "name": "406 mm HE Model 1937",
                            "damage": 5800,
                            "bullet_mass": 1108,
                            "type": "HE"
                        }
                    },
                    "shot_delay": 20.0,
                    "rotation_time": 30.0,
                    "distance": 20.3,
                    "artillery_id": 3361713616,
                    "artillery_id_str": "PRUA890",
                    "slots": {
                        "0": {
                            "barrels": 3,
                            "name": "406 mm/50 B-37 (MK-1 砲座)",
                            "guns": 2
                        }
                    },
                    "gun_rate": 3.0
                },
                "torpedoes": null,
                "fighters": null,
                "submarine_mobility": null,
                "fire_control": {
                    "fire_control_id": 3361123792,
                    "distance": 0.0,
                    "distance_increase": null,
                    "fire_control_id_str": "PRUS890"
                },
                "submarine_sonar": null,
                "battle_level_range_max": 10,
                "battle_level_range_min": 8,
                "flight_control": null,
                "submarine_battery": null,
                "concealment": {
                    "total": 37,
                    "detect_distance_by_plane": 10.0,
                    "detect_distance_by_submarine": 10.0,
                    "detect_distance_by_ship": 15.3
                },
                "armour": {
                    "casemate": {
                        "max": -1,
                        "min": -1
                    },
                    "deck": {
                        "max": -1,
                        "min": -1
                    },
                    "flood_damage": 24,
                    "range": {
                        "max": 495,
                        "min": 18
                    },
                    "health": 72000,
                    "extremities": {
                        "max": -1,
                        "min": -1
                    },
                    "total": 88,
                    "citadel": {
                        "max": -1,
                        "min": -1
                    }
                },
                "weaponry": {
                    "torpedoes": 0,
                    "aircraft": 0,
                    "artillery": 92,
                    "anti_aircraft": 75
                },
                "dive_bomber": null
            },
            "upgrades": [
                4273131440,
                4259499952,
                4261597104,
                4262645680,
                4287811504,
                4265791408,
                4266839984,
                4268937136,
                4267888560,
                4275228592,
                4269985712,
                4281520048
            ],
            "tier": 8,
            "next_ships": {},
            "mod_slots": 5,
            "type": "Battleship",
            "is_special": false,
            "name": "Borodino TE"
        }
    }
}