{
    "status": "ok",
    "meta": {
        "count": 1,
        "page_total": 1,
        "total": 1,
        "limit": 100,
        "page": 1
    },
    "data": {
        "4075730768": {
            "description": "本計画案は元々、排水量 23,333 トンの巡洋艦として建造される予定でしたが、計画が却下されたことを受け、トン数が増やされていきました。最終的な設計案では、8 門の 330 mm 砲を四連装砲塔に搭載し、排水量は 26,500 トンに至っています。兵装としては 130 mm 両用砲の四連装砲塔が 3 基と連装砲塔が 2 基が採用される予定でした。これを具現化したのがこのブレストです。",
            "price_gold": 0,
            "ship_id_str": "PFSC209",
            "has_demo_profile": false,
            "images": {
                "small": "https://wows-gloss-icons.wgcdn.co/icons/vehicle/small/PFSC209_e816f979d6d84155f469bb6f42927d7e6c049aeec36902b16f306901b7ad3955.png",
                "large": "https://wows-gloss-icons.wgcdn.co/icons/vehicle/large/PFSC209_746e097f0ad9d022642bdc2e1b35c8592166e9909a84233a38eb2aa2a543fb5e.png",
                "medium": "https://wows-gloss-icons.wgcdn.co/icons/vehicle/medium/PFSC209_016604c2217f5726a57f01b4634d2f3f1acecd22c89d73da8a42fb46de4ab47e.png",
                "contour": "https://wows-gloss-icons.wgcdn.co/icons/vehicle/contour/PFSC209_3aaa4f7104e283e418c50b367a769b1298e4b76d25743f3c614cc9e0ef048026.png"
            },
            "modules": {
                "engine": [
                    3450711888
                ],
                "torpedo_bomber": [],
                "fighter": [],
                "hull": [
                    3448516432,
                    3447467856
                ],
                "artillery": [
                    3450842960
                ],
                "torpedoes": [],
                "fire_control": [
                    3447107408,
                    3448155984
                ],
                "sonar": [],
                "flight_control": [],
                "dive_bomber": []
            },
            "modules_tree": {
                "3447107408": {
                    "name": "PCA n° 9 Mle 2",
                    "next_modules": null,
                    "is_default": false,
                    "price_xp": 32000,
                    "price_credit": 2000000,
                    "next_ships": null,
                    "module_id": 3447107408,
                    "type": "Suo",
                    "module_id_str": "PFUS808"
                },
                "3448155984": {
                    "name": "PCA n° 9 Mle 1",
                    "next_modules": [
                        3447107408
                    ],
                    "is_default": true,
                    "price_xp": 0,
                    "price_credit": 1300000,
                    "next_ships": null,
                    "module_id": 3448155984,
                    "type": "Suo",
                    "module_id_str": "PFUS807"
                },
                "3448516432": {
                    "name": "Brest (A)",
                    "next_modules": [
                        3447467856
                    ],
                    "is_default": true,
                    "price_xp": 0,
                    "price_credit": 1950000,
                    "next_ships": null,
                    "module_id": 3448516432,
                    "type": "Hull",
                    "module_id_str": "PFUH807"
                },
                "3450711888": {
                    "name": "推力: 100,000 馬力",
                    "next_modules": null,
                    "is_default": true,
                    "price_xp": 0,
                    "price_credit": 1300000,
                    "next_ships": null,
                    "module_id": 3450711888,
                    "type": "Engine",
                    "module_id_str": "PFUE805"
                },
                "3447467856": {
                    "name": "Brest (B)",
                    "next_modules": null,
                    "is_default": false,
                    "price_xp": 48000,
                    "price_credit": 3000000,
                    "next_ships": [
                        4074682192
                    ],
                    "module_id": 3447467856,
                    "type": "Hull",
                    "module_id_str": "PFUH808"
                },
                "3450842960": {
                    "name": "330 mm/50 Mle 1931 (St. Chamond Mle 1932 砲座)",
                    "next_modules": null,
                    "is_default": true,
                    "price_xp": 0,
                    "price_credit": 1300000,
                    "next_ships": null,
                    "module_id": 3450842960,
                    "type": "Artillery",
                    "module_id_str": "PFUA805"
                }
            },
            "nation": "france",
            "is_premium": false,
            "ship_id": 4075730768,
            "price_credit": 13000000,
            "default_profile": {
                "engine": {
                    "engine_id_str": "PFUE805",
                    "max_speed": 31.5,
                    "engine_id": 3450711888
                },
                "torpedo_bomber": null,
                "anti_aircraft": {
                    "slots": {
                        "0": {
                            "distance": -1.0,
                            "avg_damage": null,
                            "caliber": 20,
                            "name": "20 mm Oerlikon (Mk.4 砲座)",
                            "guns": 18
                        },
                        "1": {
                            "distance": -1.0,
                            "avg_damage": null,
                            "caliber": 40,
                            "name": "40 mm Bofors (Mk.1 砲座)",
                            "guns": 8
                        },
                        "2": {
                            "distance": -1.0,
                            "avg_damage": null,
                            "caliber": 139,
                            "name": "139 mm/50 Mle 1938 (砲塔)",
                            "guns": 8
                        }
                    },
                    "defense": 73
                },
                "depth_charge": null,
                "mobility": {
                    "rudder_time": 18.4,
                    "total": 45,
                    "max_speed": 31.5,
                    "turning_radius": 720
                },
                "hull": {
                    "hull_id": 3448516432,
                    "hull_id_str": "PFUH807",
                    "torpedoes_barrels": 0,
                    "anti_aircraft_barrels": 34,
                    "range": {
                        "max": 335,
                        "min": 16
                    },
                    "health": 50100,
                    "planes_amount": null,
                    "artillery_barrels": 2,
                    "atba_barrels": 8
                },
                "atbas": {
                    "distance": 8.0,
                    "slots": {
                        "0": {
                            "burn_probability": 10.0,
                            "bullet_speed": 840,
                            "name": "139 mm HE OEA Mle 1928",
                            "shot_delay": 7.0,
                            "damage": 2000,
                            "bullet_mass": 40,
                            "type": "HE",
                            "gun_rate": 8.6
                        }
                    }
                },
                "artillery": {
                    "max_dispersion": 187,
                    "shells": {
                        "AP": {
                            "burn_probability": null,
                            "bullet_speed": 870,
                            "name": "330 mm AP OPfK Mle 1935",
                            "damage": 9700,
                            "bullet_mass": 560,
                            "type": "AP"
                        },
                        "HE": {
                            "burn_probability": 35.0,
                            "bullet_speed": 885,
                            "name": "330 mm HE OEA Mle 1935",
                            "damage": 4800,
                            "bullet_mass": 552,
                            "type": "HE"
                        }
                    },
                    "shot_delay": 28.0,
                    "rotation_time": 36.0,
                    "distance": 16.6,
                    "artillery_id": 3450842960,
                    "artillery_id_str": "PFUA805",
                    "slots": {
                        "0": {
                            "barrels": 4,
                            "name": "330 mm/50 Mle 1931 (St.Chamond Mle 1932 砲座)",
                            "guns": 2
                        }
                    },
                    "gun_rate": 2.1
                },
                "torpedoes": null,
                "fighters": null,
                "submarine_mobility": null,
                "fire_control": {
                    "fire_control_id": 3448155984,
                    "distance": 0.0,
                    "distance_increase": null,
                    "fire_control_id_str": "PFUS807"
                },
                "submarine_sonar": null,
                "battle_level_range_max": 11,
                "battle_level_range_min": 9,
                "flight_control": null,
                "submarine_battery": null,
                "concealment": {
                    "total": 40,
                    "detect_distance_by_plane": 10.0,
                    "detect_distance_by_submarine": 10.0,
                    "detect_distance_by_ship": 14.7
                },
                "armour": {
                    "casemate": {
                        "max": -1,
                        "min": -1
                    },
                    "deck": {
                        "max": -1,
                        "min": -1
                    },
                    "flood_damage": 19,
                    "range": {
                        "max": 335,
                        "min": 16
                    },
                    "health": 50100,
                    "extremities": {
                        "max": -1,
                        "min": -1
                    },
                    "total": 66,
                    "citadel": {
                        "max": -1,
                        "min": -1
                    }
                },
                "weaponry": {
                    "torpedoes": 0,
                    "aircraft": 0,
                    "artillery": 80,
                    "anti_aircraft": 73
                },
                "dive_bomber": null
            },
            "upgrades": [
                4262645680,
                4281520048,
                4273131440,
                4261597104,
                4265791408,
                4269985712,
                4267888560,
                4278374320,
                4266839984,
                4268937136,
                4275228592,
                4259499952,
                4287811504,
                4257402800,
                4280471472
            ],
            "tier": 9,
            "next_ships": {
                "4074682192": 240000
            },
            "mod_slots": 6,
            "type": "Cruiser",
            "is_special": false,
            "name": "Brest"
        }
    }
}