{
    "status": "ok",
    "meta": {
        "count": 1,
        "page_total": 1,
        "total": 1,
        "limit": 100,
        "page": 1
    },
    "data": {
        "4184815440": {
            "description": "1900 年代後半および 1910 年代前半の弩級戦艦の主砲口径は、拡大傾向にあり、同時期のイギリス、アメリカ、日本の最新鋭の戦艦は、343 ～ 356 mm 砲搭載型として設計されました。一方、新型フランス戦艦には 340 mm の主砲が採用されていました。また様々な制限をクリアするために新型戦艦の船体設計は前級のクールベとほぼ同一となりましたが、砲塔の数は 6 基から 5 基に変更されています。全 3 隻のブルターニュ級戦艦は、第一次世界大戦に続き第二次世界大戦の序盤でも運用されました。ブルターニュはメルセルケビール海戦で破壊されました。",
            "price_gold": 0,
            "ship_id_str": "PFSB105",
            "has_demo_profile": false,
            "images": {
                "small": "https://wows-gloss-icons.wgcdn.co/icons/vehicle/small/PFSB105_1095066e7833a8e5741e694be74003a48247143019d2eb5f367abd7183fe8694.png",
                "large": "https://wows-gloss-icons.wgcdn.co/icons/vehicle/large/PFSB105_95b0d3586a647c41126979317c03f67cda6dfc65994d72e1dddbe2e5b15b0a70.png",
                "medium": "https://wows-gloss-icons.wgcdn.co/icons/vehicle/medium/PFSB105_172201c2a6d6371d00f291fbcd89f50f92791c1c1638a1ecf54e0cab116c48b9.png",
                "contour": "https://wows-gloss-icons.wgcdn.co/icons/vehicle/contour/PFSB105_f93d236a8640e01768eb6ebe9f55dd9d20d7bb240339dfe011b087b8ff2c9294.png"
            },
            "modules": {
                "engine": [
                    3863850832,
                    3864899408
                ],
                "torpedo_bomber": [],
                "fighter": [],
                "hull": [
                    3862703952,
                    3863752528
                ],
                "artillery": [
                    3865030480
                ],
                "torpedoes": [],
                "fire_control": [
                    3863392080,
                    3862343504
                ],
                "sonar": [],
                "flight_control": [],
                "dive_bomber": []
            },
            "modules_tree": {
                "3863392080": {
                    "name": "PCA n° 5 Mle 1",
                    "next_modules": [
                        3862343504
                    ],
                    "is_default": true,
                    "price_xp": 0,
                    "price_credit": 64000,
                    "next_ships": null,
                    "module_id": 3863392080,
                    "type": "Suo",
                    "module_id_str": "PFUS411"
                },
                "3862343504": {
                    "name": "PCA n° 5 Mle 2",
                    "next_modules": null,
                    "is_default": false,
                    "price_xp": 3600,
                    "price_credit": 310000,
                    "next_ships": null,
                    "module_id": 3862343504,
                    "type": "Suo",
                    "module_id_str": "PFUS412"
                },
                "3862703952": {
                    "name": "Bretagne (B)",
                    "next_modules": null,
                    "is_default": false,
                    "price_xp": 5000,
                    "price_credit": 500000,
                    "next_ships": [
                        4183766864
                    ],
                    "module_id": 3862703952,
                    "type": "Hull",
                    "module_id_str": "PFUH412"
                },
                "3865030480": {
                    "name": "340 mm/45 Mle 1912 (砲塔)",
                    "next_modules": null,
                    "is_default": true,
                    "price_xp": 0,
                    "price_credit": 178000,
                    "next_ships": null,
                    "module_id": 3865030480,
                    "type": "Artillery",
                    "module_id_str": "PFUA410"
                },
                "3863752528": {
                    "name": "Bretagne (A)",
                    "next_modules": [
                        3862703952
                    ],
                    "is_default": true,
                    "price_xp": 0,
                    "price_credit": 190000,
                    "next_ships": null,
                    "module_id": 3863752528,
                    "type": "Hull",
                    "module_id_str": "PFUH411"
                },
                "3863850832": {
                    "name": "推力: 31,000 馬力",
                    "next_modules": null,
                    "is_default": false,
                    "price_xp": 3600,
                    "price_credit": 220000,
                    "next_ships": null,
                    "module_id": 3863850832,
                    "type": "Engine",
                    "module_id_str": "PFUE411"
                },
                "3864899408": {
                    "name": "推力: 29,000 馬力",
                    "next_modules": [
                        3863850832
                    ],
                    "is_default": true,
                    "price_xp": 0,
                    "price_credit": 84000,
                    "next_ships": null,
                    "module_id": 3864899408,
                    "type": "Engine",
                    "module_id_str": "PFUE410"
                }
            },
            "nation": "france",
            "is_premium": false,
            "ship_id": 4184815440,
            "price_credit": 1680000,
            "default_profile": {
                "engine": {
                    "engine_id_str": "PFUE410",
                    "max_speed": 19.9,
                    "engine_id": 3864899408
                },
                "torpedo_bomber": null,
                "anti_aircraft": {
                    "slots": {
                        "0": {
                            "distance": -1.0,
                            "avg_damage": null,
                            "caliber": 13,
                            "name": "13.2 mm Hotchkiss Mle 1929 (CAQ Mle 1929 銃座)",
                            "guns": 2
                        },
                        "1": {
                            "distance": -1.0,
                            "avg_damage": null,
                            "caliber": 37,
                            "name": "37 mm/50 Mle 1925 (CA Mle 1925 砲座)",
                            "guns": 8
                        },
                        "2": {
                            "distance": -1.0,
                            "avg_damage": null,
                            "caliber": 75,
                            "name": "75 mm/50 Mle 1922 (Mle 1922 砲座)",
                            "guns": 8
                        }
                    },
                    "defense": 27
                },
                "depth_charge": null,
                "mobility": {
                    "rudder_time": 17.5,
                    "total": 22,
                    "max_speed": 19.9,
                    "turning_radius": 580
                },
                "hull": {
                    "hull_id": 3863752528,
                    "hull_id_str": "PFUH411",
                    "torpedoes_barrels": 0,
                    "anti_aircraft_barrels": 18,
                    "range": {
                        "max": 400,
                        "min": 13
                    },
                    "health": 38300,
                    "planes_amount": null,
                    "artillery_barrels": 5,
                    "atba_barrels": 22
                },
                "atbas": {
                    "distance": 5.0,
                    "slots": {
                        "0": {
                            "burn_probability": 8.0,
                            "bullet_speed": 840,
                            "name": "139 mm HE OEA Mle 1910",
                            "shot_delay": 10.0,
                            "damage": 2000,
                            "bullet_mass": 32,
                            "type": "HE",
                            "gun_rate": 6.0
                        }
                    }
                },
                "artillery": {
                    "max_dispersion": 227,
                    "shells": {
                        "AP": {
                            "burn_probability": null,
                            "bullet_speed": 780,
                            "name": "340 mm AP OPf Mle 1924",
                            "damage": 9000,
                            "bullet_mass": 585,
                            "type": "AP"
                        },
                        "HE": {
                            "burn_probability": 26.0,
                            "bullet_speed": 921,
                            "name": "340 mm HE OEA Mle 1932",
                            "damage": 4450,
                            "bullet_mass": 432,
                            "type": "HE"
                        }
                    },
                    "shot_delay": 30.0,
                    "rotation_time": 45.0,
                    "distance": 16.5,
                    "artillery_id": 3865030480,
                    "artillery_id_str": "PFUA410",
                    "slots": {
                        "0": {
                            "barrels": 2,
                            "name": "340 mm/45 Mle 1912 (砲塔)",
                            "guns": 5
                        }
                    },
                    "gun_rate": 2.0
                },
                "torpedoes": null,
                "fighters": null,
                "submarine_mobility": null,
                "fire_control": {
                    "fire_control_id": 3863392080,
                    "distance": 0.0,
                    "distance_increase": null,
                    "fire_control_id_str": "PFUS411"
                },
                "submarine_sonar": null,
                "battle_level_range_max": 7,
                "battle_level_range_min": 5,
                "flight_control": null,
                "submarine_battery": null,
                "concealment": {
                    "total": 45,
                    "detect_distance_by_plane": 7.3,
                    "detect_distance_by_submarine": 7.3,
                    "detect_distance_by_ship": 14.8
                },
                "armour": {
                    "casemate": {
                        "max": -1,
                        "min": -1
                    },
                    "deck": {
                        "max": -1,
                        "min": -1
                    },
                    "flood_damage": 10,
                    "range": {
                        "max": 400,
                        "min": 13
                    },
                    "health": 38300,
                    "extremities": {
                        "max": -1,
                        "min": -1
                    },
                    "total": 47,
                    "citadel": {
                        "max": -1,
                        "min": -1
                    }
                },
                "weaponry": {
                    "torpedoes": 0,
                    "aircraft": 0,
                    "artillery": 77,
                    "anti_aircraft": 27
                },
                "dive_bomber": null
            },
            "upgrades": [
                4273131440,
                4261597104,
                4259499952,
                4262645680,
                4287811504,
                4275228592,
                4281520048
            ],
            "tier": 5,
            "next_ships": {
                "4183766864": 42500
            },
            "mod_slots": 3,
            "type": "Battleship",
            "is_special": false,
            "name": "Bretagne"
        }
    }
}