{
    "status": "ok",
    "meta": {
        "count": 1,
        "page_total": 1,
        "total": 1,
        "limit": 100,
        "page": 1
    },
    "data": {
        "4180588272": {
            "description": "イタリアの技師陣によるスペイン海軍向けの重巡洋艦計画の仮説上の開発案です。本案は、4 基の 203 mm 砲座を備えた暫定草案 VIII-203 と 4 基の三連装砲座を備えた暫定草案 XII-152 の特徴を組み合わせています。これを具現化したのがこのブリンディジです。",
            "price_gold": 0,
            "ship_id_str": "PISC109",
            "has_demo_profile": false,
            "images": {
                "small": "https://wows-gloss-icons.wgcdn.co/icons/vehicle/small/PISC109_3206b68f365f466d66a7e1718de1ccb0b4e7f6064dabf7f252ab6d4e566dce6b.png",
                "large": "https://wows-gloss-icons.wgcdn.co/icons/vehicle/large/PISC109_8a7381e3710acdef1c8dbd47cbd23f934400afd4af54b9d635978621cbb0cba3.png",
                "medium": "https://wows-gloss-icons.wgcdn.co/icons/vehicle/medium/PISC109_f850bf644b3a3c8ad3bf1ea69bf35374d2e6259fc489f42dc4479ceb60905af3.png",
                "contour": "https://wows-gloss-icons.wgcdn.co/icons/vehicle/contour/PISC109_0644a229bde608063f7f8507f0070d3c9402778d389dd8f0422158314a7e1ba7.png"
            },
            "modules": {
                "engine": [
                    3454906096
                ],
                "torpedo_bomber": [],
                "fighter": [],
                "hull": [
                    3453759216,
                    3454807792
                ],
                "artillery": [
                    3455037168
                ],
                "torpedoes": [
                    3454414576
                ],
                "fire_control": [
                    3454447344,
                    3453398768
                ],
                "sonar": [],
                "flight_control": [],
                "dive_bomber": []
            },
            "modules_tree": {
                "3454807792": {
                    "name": "Brindisi (A)",
                    "next_modules": [
                        3453759216
                    ],
                    "is_default": true,
                    "price_xp": 0,
                    "price_credit": 1450000,
                    "next_ships": null,
                    "module_id": 3454807792,
                    "type": "Hull",
                    "module_id_str": "PIUH801"
                },
                "3454906096": {
                    "name": "推力: 220,000 馬力",
                    "next_modules": null,
                    "is_default": true,
                    "price_xp": 0,
                    "price_credit": 900000,
                    "next_ships": null,
                    "module_id": 3454906096,
                    "type": "Engine",
                    "module_id_str": "PIUE801"
                },
                "3453759216": {
                    "name": "Brindisi (B)",
                    "next_modules": null,
                    "is_default": false,
                    "price_xp": 43000,
                    "price_credit": 2900000,
                    "next_ships": [
                        4179539696
                    ],
                    "module_id": 3453759216,
                    "type": "Hull",
                    "module_id_str": "PIUH802"
                },
                "3453398768": {
                    "name": "SDT 9 mod.2",
                    "next_modules": null,
                    "is_default": false,
                    "price_xp": 27000,
                    "price_credit": 1750000,
                    "next_ships": null,
                    "module_id": 3453398768,
                    "type": "Suo",
                    "module_id_str": "PIUS802"
                },
                "3455037168": {
                    "name": "203 mm/55 Model 1934 (砲塔)",
                    "next_modules": null,
                    "is_default": true,
                    "price_xp": 0,
                    "price_credit": 1100000,
                    "next_ships": null,
                    "module_id": 3455037168,
                    "type": "Artillery",
                    "module_id_str": "PIUA801"
                },
                "3454414576": {
                    "name": "533 mm Si 270 N",
                    "next_modules": null,
                    "is_default": true,
                    "price_xp": 0,
                    "price_credit": 800000,
                    "next_ships": null,
                    "module_id": 3454414576,
                    "type": "Torpedoes",
                    "module_id_str": "PIUT801"
                },
                "3454447344": {
                    "name": "SDT 9 mod.1",
                    "next_modules": [
                        3453398768
                    ],
                    "is_default": true,
                    "price_xp": 0,
                    "price_credit": 980000,
                    "next_ships": null,
                    "module_id": 3454447344,
                    "type": "Suo",
                    "module_id_str": "PIUS801"
                }
            },
            "nation": "italy",
            "is_premium": false,
            "ship_id": 4180588272,
            "price_credit": 14000000,
            "default_profile": {
                "engine": {
                    "engine_id_str": "PIUE801",
                    "max_speed": 36.7,
                    "engine_id": 3454906096
                },
                "torpedo_bomber": null,
                "anti_aircraft": {
                    "slots": {
                        "0": {
                            "distance": -1.0,
                            "avg_damage": null,
                            "caliber": 20,
                            "name": "20 mm/65 Breda Model 1935 (Model 1935 砲座)",
                            "guns": 10
                        },
                        "1": {
                            "distance": -1.0,
                            "avg_damage": null,
                            "caliber": 37,
                            "name": "37 mm/54 Model 1938 (Model 1938 砲座)",
                            "guns": 14
                        },
                        "2": {
                            "distance": -1.0,
                            "avg_damage": null,
                            "caliber": 90,
                            "name": "90 mm/50 Model 1939 (砲塔)",
                            "guns": 12
                        }
                    },
                    "defense": 73
                },
                "depth_charge": null,
                "mobility": {
                    "rudder_time": 15.1,
                    "total": 58,
                    "max_speed": 36.7,
                    "turning_radius": 730
                },
                "hull": {
                    "hull_id": 3454807792,
                    "hull_id_str": "PIUH801",
                    "torpedoes_barrels": 2,
                    "anti_aircraft_barrels": 36,
                    "range": {
                        "max": 150,
                        "min": 16
                    },
                    "health": 40000,
                    "planes_amount": null,
                    "artillery_barrels": 4,
                    "atba_barrels": 12
                },
                "atbas": {
                    "distance": 7.0,
                    "slots": {
                        "0": {
                            "burn_probability": 5.0,
                            "bullet_speed": 860,
                            "name": "90 mm proiettili HE",
                            "shot_delay": 4.0,
                            "damage": 1300,
                            "bullet_mass": 10,
                            "type": "HE",
                            "gun_rate": 15.0
                        }
                    }
                },
                "artillery": {
                    "max_dispersion": 140,
                    "shells": {
                        "AP": {
                            "burn_probability": null,
                            "bullet_speed": 910,
                            "name": "203 mm proiettili AP 1924 mod.2",
                            "damage": 4800,
                            "bullet_mass": 125,
                            "type": "AP"
                        }
                    },
                    "shot_delay": 20.0,
                    "rotation_time": 25.7,
                    "distance": 15.6,
                    "artillery_id": 3455037168,
                    "artillery_id_str": "PIUA801",
                    "slots": {
                        "0": {
                            "barrels": 3,
                            "name": "203 mm/55 Model 1934 (砲塔)",
                            "guns": 4
                        }
                    },
                    "gun_rate": 3.0
                },
                "torpedoes": {
                    "visibility_dist": 1.1,
                    "distance": 13.5,
                    "torpedoes_id": 3454414576,
                    "torpedo_name": "533 mm Si 270 N",
                    "reload_time": 95,
                    "torpedo_speed": 56,
                    "rotation_time": 7.2,
                    "torpedoes_id_str": "PIUT801",
                    "slots": {
                        "0": {
                            "barrels": 4,
                            "caliber": 533,
                            "name": "533 mm tubo lanciasiluri",
                            "guns": 2
                        }
                    },
                    "max_damage": 13900
                },
                "fighters": null,
                "submarine_mobility": null,
                "fire_control": {
                    "fire_control_id": 3454447344,
                    "distance": 0.0,
                    "distance_increase": null,
                    "fire_control_id_str": "PIUS801"
                },
                "submarine_sonar": null,
                "battle_level_range_max": 11,
                "battle_level_range_min": 9,
                "flight_control": null,
                "submarine_battery": null,
                "concealment": {
                    "total": 40,
                    "detect_distance_by_plane": 9.2,
                    "detect_distance_by_submarine": 9.2,
                    "detect_distance_by_ship": 15.1
                },
                "armour": {
                    "casemate": {
                        "max": -1,
                        "min": -1
                    },
                    "deck": {
                        "max": -1,
                        "min": -1
                    },
                    "flood_damage": 22,
                    "range": {
                        "max": 150,
                        "min": 16
                    },
                    "health": 40000,
                    "extremities": {
                        "max": -1,
                        "min": -1
                    },
                    "total": 55,
                    "citadel": {
                        "max": -1,
                        "min": -1
                    }
                },
                "weaponry": {
                    "torpedoes": 22,
                    "aircraft": 0,
                    "artillery": 83,
                    "anti_aircraft": 73
                },
                "dive_bomber": null
            },
            "upgrades": [
                4287811504,
                4281520048,
                4279422896,
                4261597104,
                4220702640,
                4265791408,
                4273131440,
                4269985712,
                4278374320,
                4262645680,
                4266839984,
                4268937136,
                4275228592,
                4259499952,
                4267888560,
                4257402800,
                4280471472
            ],
            "tier": 9,
            "next_ships": {
                "4179539696": 238000
            },
            "mod_slots": 6,
            "type": "Cruiser",
            "is_special": false,
            "name": "Brindisi"
        }
    }
}