{
    "status": "ok",
    "meta": {
        "count": 1,
        "page_total": 1,
        "total": 1,
        "limit": 100,
        "page": 1
    },
    "data": {
        "4284396912": {
            "description": "サーベラスは、大型で耐航性に優れた巡洋艦です。1920 年代前半のオーストラリアの設計を発展させたものであり、排水量が増加し、12 門の 203 mm 砲から成るより大規模な主砲を搭載していました。そのレイアウトとシルエットは、イギリスのカウンティ級巡洋艦と多くの共通点があります。",
            "price_gold": 0,
            "ship_id_str": "PUSC010",
            "has_demo_profile": false,
            "images": {
                "small": "https://wows-gloss-icons.wgcdn.co/icons/vehicle/small/PUSC010_6d1ff243adcc7bbd0aaf1afbd99937f3566e53e12e97269dc33ba63d1c687737.png",
                "large": "https://wows-gloss-icons.wgcdn.co/icons/vehicle/large/PUSC010_30fce5cadd363e6c8fc14c091c5ece2c1f92e8b5f15374c7e95378fd482a8c44.png",
                "medium": "https://wows-gloss-icons.wgcdn.co/icons/vehicle/medium/PUSC010_1623ee6c861139adb56584578c7bd4dec71a3c8eec0c8a9a330762875fd769cd.png",
                "contour": "https://wows-gloss-icons.wgcdn.co/icons/vehicle/contour/PUSC010_0920cea0a8e4f2d16a10eaf3c8644b3bb788fd1e3c60e59969ab656802ffb937.png"
            },
            "modules": {
                "engine": [
                    3340610928
                ],
                "torpedo_bomber": [],
                "fighter": [],
                "hull": [
                    3340512624
                ],
                "artillery": [
                    3340742000
                ],
                "torpedoes": [
                    3340119408
                ],
                "fire_control": [
                    3340152176
                ],
                "sonar": [],
                "flight_control": [],
                "dive_bomber": []
            },
            "modules_tree": {
                "3340610928": {
                    "name": "推力: 115,000 馬力",
                    "next_modules": null,
                    "is_default": true,
                    "price_xp": 0,
                    "price_credit": 2000000,
                    "next_ships": null,
                    "module_id": 3340610928,
                    "type": "Engine",
                    "module_id_str": "PUUE910"
                },
                "3340512624": {
                    "name": "Cerberus",
                    "next_modules": null,
                    "is_default": true,
                    "price_xp": 0,
                    "price_credit": 3000000,
                    "next_ships": null,
                    "module_id": 3340512624,
                    "type": "Hull",
                    "module_id_str": "PUUH910"
                },
                "3340119408": {
                    "name": "533 mm Mk VII",
                    "next_modules": null,
                    "is_default": true,
                    "price_xp": 0,
                    "price_credit": 2000000,
                    "next_ships": null,
                    "module_id": 3340119408,
                    "type": "Torpedoes",
                    "module_id_str": "PUUT910"
                },
                "3340152176": {
                    "name": "Mk X mod. 1",
                    "next_modules": null,
                    "is_default": true,
                    "price_xp": 0,
                    "price_credit": 2000000,
                    "next_ships": null,
                    "module_id": 3340152176,
                    "type": "Suo",
                    "module_id_str": "PUUS910"
                },
                "3340742000": {
                    "name": "203 mm/50 BL Mk.VIII (Mk.III 砲座)",
                    "next_modules": null,
                    "is_default": true,
                    "price_xp": 0,
                    "price_credit": 2000000,
                    "next_ships": null,
                    "module_id": 3340742000,
                    "type": "Artillery",
                    "module_id_str": "PUUA910"
                }
            },
            "nation": "commonwealth",
            "is_premium": false,
            "ship_id": 4284396912,
            "price_credit": 20000000,
            "default_profile": {
                "engine": {
                    "engine_id_str": "PUUE910",
                    "max_speed": 34.0,
                    "engine_id": 3340610928
                },
                "torpedo_bomber": null,
                "anti_aircraft": {
                    "slots": {
                        "0": {
                            "distance": -1.0,
                            "avg_damage": null,
                            "caliber": 20,
                            "name": "20 mm Oerlikon Mk.II (Mk.V 砲座)",
                            "guns": 16
                        },
                        "1": {
                            "distance": -1.0,
                            "avg_damage": null,
                            "caliber": 40,
                            "name": "40 mm/56 OQF Mk.IX (Mk.VI 砲座)",
                            "guns": 8
                        },
                        "2": {
                            "distance": -1.0,
                            "avg_damage": null,
                            "caliber": 102,
                            "name": "102 mm/45 QF Mk.XVI (Mk.XIX 砲座)",
                            "guns": 6
                        }
                    },
                    "defense": 73
                },
                "depth_charge": null,
                "mobility": {
                    "rudder_time": 11.0,
                    "total": 54,
                    "max_speed": 34.0,
                    "turning_radius": 790
                },
                "hull": {
                    "hull_id": 3340512624,
                    "hull_id_str": "PUUH910",
                    "torpedoes_barrels": 2,
                    "anti_aircraft_barrels": 30,
                    "range": {
                        "max": 203,
                        "min": 16
                    },
                    "health": 47300,
                    "planes_amount": null,
                    "artillery_barrels": 4,
                    "atba_barrels": 6
                },
                "atbas": {
                    "distance": 7.3,
                    "slots": {
                        "0": {
                            "burn_probability": 6.0,
                            "bullet_speed": 811,
                            "name": "102 mm HE 35 lb",
                            "shot_delay": 3.0,
                            "damage": 1500,
                            "bullet_mass": 16,
                            "type": "HE",
                            "gun_rate": 20.0
                        }
                    }
                },
                "artillery": {
                    "max_dispersion": 157,
                    "shells": {
                        "AP": {
                            "burn_probability": null,
                            "bullet_speed": 841,
                            "name": "203 mm AP 256 lb",
                            "damage": 4350,
                            "bullet_mass": 107,
                            "type": "AP"
                        },
                        "HE": {
                            "burn_probability": 18.0,
                            "bullet_speed": 841,
                            "name": "203 mm HE 256 lb",
                            "damage": 2950,
                            "bullet_mass": 107,
                            "type": "HE"
                        }
                    },
                    "shot_delay": 10.0,
                    "rotation_time": 30.0,
                    "distance": 18.0,
                    "artillery_id": 3340742000,
                    "artillery_id_str": "PUUA910",
                    "slots": {
                        "0": {
                            "barrels": 3,
                            "name": "203 mm/50 BL Mk.VIII (Mk.III 砲座)",
                            "guns": 4
                        }
                    },
                    "gun_rate": 5.7
                },
                "torpedoes": {
                    "visibility_dist": 1.3,
                    "distance": 13.5,
                    "torpedoes_id": 3340119408,
                    "torpedo_name": "533 mm Mk VII",
                    "reload_time": 96,
                    "torpedo_speed": 65,
                    "rotation_time": 7.2,
                    "torpedoes_id_str": "PUUT910",
                    "slots": {
                        "0": {
                            "barrels": 4,
                            "caliber": 533,
                            "name": "533 mm QR Mk IV",
                            "guns": 2
                        }
                    },
                    "max_damage": 16766
                },
                "fighters": null,
                "submarine_mobility": null,
                "fire_control": {
                    "fire_control_id": 3340152176,
                    "distance": 0.0,
                    "distance_increase": null,
                    "fire_control_id_str": "PUUS910"
                },
                "submarine_sonar": null,
                "battle_level_range_max": 11,
                "battle_level_range_min": 10,
                "flight_control": null,
                "submarine_battery": null,
                "concealment": {
                    "total": 55,
                    "detect_distance_by_plane": 8.2,
                    "detect_distance_by_submarine": 8.2,
                    "detect_distance_by_ship": 12.3
                },
                "armour": {
                    "casemate": {
                        "max": -1,
                        "min": -1
                    },
                    "deck": {
                        "max": -1,
                        "min": -1
                    },
                    "flood_damage": 19,
                    "range": {
                        "max": 203,
                        "min": 16
                    },
                    "health": 47300,
                    "extremities": {
                        "max": -1,
                        "min": -1
                    },
                    "total": 65,
                    "citadel": {
                        "max": -1,
                        "min": -1
                    }
                },
                "weaponry": {
                    "torpedoes": 30,
                    "aircraft": 0,
                    "artillery": 78,
                    "anti_aircraft": 73
                },
                "dive_bomber": null
            },
            "upgrades": [
                4268937136,
                4287811504,
                4281520048,
                4273131440,
                4261597104,
                4220702640,
                4265791408,
                4269985712,
                4278374320,
                4262645680,
                4266839984,
                4275228592,
                4279422896,
                4259499952,
                4267888560,
                4257402800,
                4280471472
            ],
            "tier": 10,
            "next_ships": {},
            "mod_slots": 6,
            "type": "Cruiser",
            "is_special": false,
            "name": "Cerberus"
        }
    }
}