{
    "status": "ok",
    "meta": {
        "count": 1,
        "page_total": 1,
        "total": 1,
        "limit": 100,
        "page": 1
    },
    "data": {
        "4182685008": {
            "description": "クラウン・コロニー級巡洋艦セイロンは、第二次世界大戦末期に太平洋とインド洋で運用され、1950 年代には朝鮮戦争とスエズ危機に参加しました。 1959 年、ペルーに売却されたセイロンは、同国で 1980 年代前半まで「コロネル・ボロニャシ」という艦名で運用されました。",
            "price_gold": 0,
            "ship_id_str": "PVSC107",
            "has_demo_profile": false,
            "images": {
                "small": "https://wows-gloss-icons.wgcdn.co/icons/vehicle/small/PVSC107_2bb9b695f217b35b0de470fc28e14e802deeed52c4453c24283f333afb0c52ea.png",
                "large": "https://wows-gloss-icons.wgcdn.co/icons/vehicle/large/PVSC107_b043d4bbb5de1f69c4aa0a66f8c3accea43db6e0db89a2a07f45b48e95420924.png",
                "medium": "https://wows-gloss-icons.wgcdn.co/icons/vehicle/medium/PVSC107_4602432a73b70320a72b3943964099f5e0f168e8f6c0affc74ad1d7164d4807d.png",
                "contour": "https://wows-gloss-icons.wgcdn.co/icons/vehicle/contour/PVSC107_137feacb9d93aa2d4c6ba6cc062f5d7b47d6627df47f150e3343595ddb2b0765.png"
            },
            "modules": {
                "engine": [
                    3663572304
                ],
                "torpedo_bomber": [],
                "fighter": [],
                "hull": [
                    3662425424,
                    3663474000
                ],
                "artillery": [
                    3663703376
                ],
                "torpedoes": [
                    3664129360
                ],
                "fire_control": [
                    3662064976,
                    3663113552
                ],
                "sonar": [],
                "flight_control": [],
                "dive_bomber": []
            },
            "modules_tree": {
                "3663474000": {
                    "name": "Coronel Bolognesi (A)",
                    "next_modules": [
                        3662425424
                    ],
                    "is_default": true,
                    "price_xp": 0,
                    "price_credit": 855000,
                    "next_ships": null,
                    "module_id": 3663474000,
                    "type": "Hull",
                    "module_id_str": "PVUH602"
                },
                "3662064976": {
                    "name": "Mk7 mod. 2",
                    "next_modules": null,
                    "is_default": false,
                    "price_xp": 16000,
                    "price_credit": 1000000,
                    "next_ships": null,
                    "module_id": 3662064976,
                    "type": "Suo",
                    "module_id_str": "PVUS603"
                },
                "3663572304": {
                    "name": "推力: 72,500 馬力",
                    "next_modules": null,
                    "is_default": true,
                    "price_xp": 0,
                    "price_credit": 570000,
                    "next_ships": null,
                    "module_id": 3663572304,
                    "type": "Engine",
                    "module_id_str": "PVUE602"
                },
                "3663703376": {
                    "name": "152 mm/50 BL Mk.XXIII (Mk.XXIII 砲座)",
                    "next_modules": null,
                    "is_default": true,
                    "price_xp": 0,
                    "price_credit": 570000,
                    "next_ships": [
                        4276041040
                    ],
                    "module_id": 3663703376,
                    "type": "Artillery",
                    "module_id_str": "PVUA602"
                },
                "3662425424": {
                    "name": "Coronel Bolognesi (B)",
                    "next_modules": null,
                    "is_default": false,
                    "price_xp": 24000,
                    "price_credit": 1500000,
                    "next_ships": [
                        4181636432
                    ],
                    "module_id": 3662425424,
                    "type": "Hull",
                    "module_id_str": "PVUH603"
                },
                "3663113552": {
                    "name": "Mk7 mod. 1",
                    "next_modules": [
                        3662064976
                    ],
                    "is_default": true,
                    "price_xp": 0,
                    "price_credit": 570000,
                    "next_ships": null,
                    "module_id": 3663113552,
                    "type": "Suo",
                    "module_id_str": "PVUS602"
                },
                "3664129360": {
                    "name": "533 mm Mk IX",
                    "next_modules": null,
                    "is_default": true,
                    "price_xp": 0,
                    "price_credit": 570000,
                    "next_ships": null,
                    "module_id": 3664129360,
                    "type": "Torpedoes",
                    "module_id_str": "PVUT601"
                }
            },
            "nation": "pan_america",
            "is_premium": false,
            "ship_id": 4182685008,
            "price_credit": 5700000,
            "default_profile": {
                "engine": {
                    "engine_id_str": "PVUE602",
                    "max_speed": 31.5,
                    "engine_id": 3663572304
                },
                "torpedo_bomber": null,
                "anti_aircraft": {
                    "slots": {
                        "0": {
                            "distance": -1.0,
                            "avg_damage": null,
                            "caliber": 40,
                            "name": "40 mm/56 OQF Mk.III (Mk.VII 砲座)",
                            "guns": 13
                        },
                        "1": {
                            "distance": -1.0,
                            "avg_damage": null,
                            "caliber": 102,
                            "name": "102 mm/45 QF Mk.XVI (Mk.XIX 砲座)",
                            "guns": 4
                        }
                    },
                    "defense": 58
                },
                "depth_charge": null,
                "mobility": {
                    "rudder_time": 12.1,
                    "total": 50,
                    "max_speed": 31.5,
                    "turning_radius": 600
                },
                "hull": {
                    "hull_id": 3663474000,
                    "hull_id_str": "PVUH602",
                    "torpedoes_barrels": 2,
                    "anti_aircraft_barrels": 17,
                    "range": {
                        "max": 114,
                        "min": 10
                    },
                    "health": 27100,
                    "planes_amount": null,
                    "artillery_barrels": 3,
                    "atba_barrels": 4
                },
                "atbas": {
                    "distance": 6.3,
                    "slots": {
                        "0": {
                            "burn_probability": 6.0,
                            "bullet_speed": 811,
                            "name": "102 mm HE 35 lb",
                            "shot_delay": 3.0,
                            "damage": 1500,
                            "bullet_mass": 16,
                            "type": "HE",
                            "gun_rate": 20.0
                        }
                    }
                },
                "artillery": {
                    "max_dispersion": 117,
                    "shells": {
                        "AP": {
                            "burn_probability": null,
                            "bullet_speed": 841,
                            "name": "152 mm AP 6crh Mk V",
                            "damage": 3200,
                            "bullet_mass": 55,
                            "type": "AP"
                        }
                    },
                    "shot_delay": 6.0,
                    "rotation_time": 20.0,
                    "distance": 13.7,
                    "artillery_id": 3663703376,
                    "artillery_id_str": "PVUA602",
                    "slots": {
                        "0": {
                            "barrels": 3,
                            "name": "152 mm/50 BL Mk.XXIII (Mk.XXIII 砲座)",
                            "guns": 3
                        }
                    },
                    "gun_rate": 9.2
                },
                "torpedoes": {
                    "visibility_dist": 1.3,
                    "distance": 8.0,
                    "torpedoes_id": 3664129360,
                    "torpedo_name": "533 mm Mk IX",
                    "reload_time": 72,
                    "torpedo_speed": 61,
                    "rotation_time": 7.2,
                    "torpedoes_id_str": "PVUT601",
                    "slots": {
                        "0": {
                            "barrels": 3,
                            "caliber": 533,
                            "name": "533 mm TR Mk IV",
                            "guns": 2
                        }
                    },
                    "max_damage": 15866
                },
                "fighters": null,
                "submarine_mobility": null,
                "fire_control": {
                    "fire_control_id": 3663113552,
                    "distance": 0.0,
                    "distance_increase": null,
                    "fire_control_id_str": "PVUS602"
                },
                "submarine_sonar": null,
                "battle_level_range_max": 9,
                "battle_level_range_min": 7,
                "flight_control": null,
                "submarine_battery": null,
                "concealment": {
                    "total": 64,
                    "detect_distance_by_plane": 6.4,
                    "detect_distance_by_submarine": 6.4,
                    "detect_distance_by_ship": 11.2
                },
                "armour": {
                    "casemate": {
                        "max": -1,
                        "min": -1
                    },
                    "deck": {
                        "max": -1,
                        "min": -1
                    },
                    "flood_damage": 4,
                    "range": {
                        "max": 114,
                        "min": 10
                    },
                    "health": 27100,
                    "extremities": {
                        "max": -1,
                        "min": -1
                    },
                    "total": 38,
                    "citadel": {
                        "max": -1,
                        "min": -1
                    }
                },
                "weaponry": {
                    "torpedoes": 18,
                    "aircraft": 0,
                    "artillery": 48,
                    "anti_aircraft": 58
                },
                "dive_bomber": null
            },
            "upgrades": [
                4273131440,
                4220702640,
                4259499952,
                4261597104,
                4262645680,
                4287811504,
                4268937136,
                4267888560,
                4275228592,
                4269985712,
                4281520048
            ],
            "tier": 7,
            "next_ships": {
                "4181636432": 110000,
                "4276041040": 135000
            },
            "mod_slots": 4,
            "type": "Cruiser",
            "is_special": false,
            "name": "Coronel Bolognesi"
        }
    }
}