{
    "status": "ok",
    "meta": {
        "count": 1,
        "page_total": 1,
        "total": 1,
        "limit": 100,
        "page": 1
    },
    "data": {
        "4185831184": {
            "description": "特別委員会の作業の結果に基づいて、1930 年にオランダで新たな巡洋艦の開発が開始されました。本艦は、既に就役していた 2 隻に加えて、東インド諸島の艦隊に加えることが計画されていました。本計画はドイツとオランダの会社によって開発され、当時のドイツ艦艇のデザインの特徴を備えていました。この巡洋艦は、最も尊敬されているオランダの提督の 1 人であるミヒール・デ・ラウターに因んで命名されました。本艦は 1936 年 10 月に進水し、翌年に東インド諸島に送られ、第二次世界大戦が勃発するまでそこに滞在しました。そして 1942 年、デ・ラウターはカレル・ドールマン提督が指揮する連合国艦隊の旗艦を務めました。",
            "price_gold": 0,
            "ship_id_str": "PHSC104",
            "has_demo_profile": false,
            "images": {
                "small": "https://wows-gloss-icons.wgcdn.co/icons/vehicle/small/PHSC104_2dfb4c44cb66dcfeded8ddbcbc309bef0be2ce42b14e9381c48af9512e9a9540.png",
                "large": "https://wows-gloss-icons.wgcdn.co/icons/vehicle/large/PHSC104_c96062f94244564b36a2ed93a9264b1946c3ea25b2f445cd65671c701f6c5493.png",
                "medium": "https://wows-gloss-icons.wgcdn.co/icons/vehicle/medium/PHSC104_1af2308254911825aabb700c10f8e83d6fd58143f7599e36d93292bec60531f5.png",
                "contour": "https://wows-gloss-icons.wgcdn.co/icons/vehicle/contour/PHSC104_a97c1872424412cb359907bcfacac4249cfa8318989e20927072fb6d68c57353.png"
            },
            "modules": {
                "engine": [
                    3979194128
                ],
                "torpedo_bomber": [],
                "fighter": [],
                "hull": [
                    3978047248,
                    3979095824
                ],
                "artillery": [
                    3979325200
                ],
                "torpedoes": [],
                "fire_control": [
                    3977686800,
                    3978735376
                ],
                "sonar": [],
                "flight_control": [],
                "dive_bomber": []
            },
            "modules_tree": {
                "3979194128": {
                    "name": "推力: 75,000 馬力",
                    "next_modules": null,
                    "is_default": true,
                    "price_xp": 0,
                    "price_credit": 70000,
                    "next_ships": null,
                    "module_id": 3979194128,
                    "type": "Engine",
                    "module_id_str": "PHUE301"
                },
                "3979095824": {
                    "name": "De Ruyter (A)",
                    "next_modules": [
                        3978047248
                    ],
                    "is_default": true,
                    "price_xp": 0,
                    "price_credit": 105000,
                    "next_ships": null,
                    "module_id": 3979095824,
                    "type": "Hull",
                    "module_id_str": "PHUH301"
                },
                "3978047248": {
                    "name": "De Ruyter (B)",
                    "next_modules": null,
                    "is_default": false,
                    "price_xp": 2400,
                    "price_credit": 240000,
                    "next_ships": [
                        4184782608
                    ],
                    "module_id": 3978047248,
                    "type": "Hull",
                    "module_id_str": "PHUH302"
                },
                "3978735376": {
                    "name": "Vuurleiding Mk 4 Mod. 1",
                    "next_modules": [
                        3977686800
                    ],
                    "is_default": true,
                    "price_xp": 0,
                    "price_credit": 70000,
                    "next_ships": null,
                    "module_id": 3978735376,
                    "type": "Suo",
                    "module_id_str": "PHUS301"
                },
                "3977686800": {
                    "name": "Vuurleiding Mk 4 Mod. 2",
                    "next_modules": null,
                    "is_default": false,
                    "price_xp": 1600,
                    "price_credit": 160000,
                    "next_ships": null,
                    "module_id": 3977686800,
                    "type": "Suo",
                    "module_id_str": "PHUS302"
                },
                "3979325200": {
                    "name": "150 mm/50 Mk.9/Mk.10 (Mk.9/Mk.10 砲座)",
                    "next_modules": null,
                    "is_default": true,
                    "price_xp": 0,
                    "price_credit": 70000,
                    "next_ships": null,
                    "module_id": 3979325200,
                    "type": "Artillery",
                    "module_id_str": "PHUA301"
                }
            },
            "nation": "netherlands",
            "is_premium": false,
            "ship_id": 4185831184,
            "price_credit": 700000,
            "default_profile": {
                "engine": {
                    "engine_id_str": "PHUE301",
                    "max_speed": 32.0,
                    "engine_id": 3979194128
                },
                "torpedo_bomber": null,
                "anti_aircraft": {
                    "slots": {
                        "0": {
                            "distance": -1.0,
                            "avg_damage": null,
                            "caliber": 12,
                            "name": "12.7 mm Browning M1921",
                            "guns": 4
                        },
                        "1": {
                            "distance": -1.0,
                            "avg_damage": null,
                            "caliber": 25,
                            "name": "25 mm akan L/64 Model 1932 (連装砲座)",
                            "guns": 5
                        }
                    },
                    "defense": 32
                },
                "depth_charge": null,
                "mobility": {
                    "rudder_time": 9.8,
                    "total": 52,
                    "max_speed": 32.0,
                    "turning_radius": 660
                },
                "hull": {
                    "hull_id": 3979095824,
                    "hull_id_str": "PHUH301",
                    "torpedoes_barrels": 0,
                    "anti_aircraft_barrels": 9,
                    "range": {
                        "max": 100,
                        "min": 7
                    },
                    "health": 21500,
                    "planes_amount": null,
                    "artillery_barrels": 4,
                    "atba_barrels": 0
                },
                "atbas": {
                    "distance": 0.0
                },
                "artillery": {
                    "max_dispersion": 119,
                    "shells": {
                        "AP": {
                            "burn_probability": null,
                            "bullet_speed": 900,
                            "name": "150 mm AP Pantsergranaat",
                            "damage": 3000,
                            "bullet_mass": 47,
                            "type": "AP"
                        },
                        "HE": {
                            "burn_probability": 11.0,
                            "bullet_speed": 900,
                            "name": "150 mm HE Brisantgranaat",
                            "damage": 2150,
                            "bullet_mass": 46,
                            "type": "HE"
                        }
                    },
                    "shot_delay": 9.0,
                    "rotation_time": 22.5,
                    "distance": 12.6,
                    "artillery_id": 3979325200,
                    "artillery_id_str": "PHUA301",
                    "slots": {
                        "0": {
                            "barrels": 1,
                            "name": "150 mm/50 Mk.10 (Mk.10 砲座)",
                            "guns": 1
                        },
                        "1": {
                            "barrels": 2,
                            "name": "150 mm/50 Mk.9 (Mk.9 砲座)",
                            "guns": 3
                        }
                    },
                    "gun_rate": 6.7
                },
                "torpedoes": null,
                "fighters": null,
                "submarine_mobility": null,
                "fire_control": {
                    "fire_control_id": 3978735376,
                    "distance": 0.0,
                    "distance_increase": null,
                    "fire_control_id_str": "PHUS301"
                },
                "submarine_sonar": null,
                "battle_level_range_max": 5,
                "battle_level_range_min": 4,
                "flight_control": null,
                "submarine_battery": null,
                "concealment": {
                    "total": 64,
                    "detect_distance_by_plane": 5.1,
                    "detect_distance_by_submarine": 5.1,
                    "detect_distance_by_ship": 11.7
                },
                "armour": {
                    "casemate": {
                        "max": -1,
                        "min": -1
                    },
                    "deck": {
                        "max": -1,
                        "min": -1
                    },
                    "flood_damage": 10,
                    "range": {
                        "max": 100,
                        "min": 7
                    },
                    "health": 21500,
                    "extremities": {
                        "max": -1,
                        "min": -1
                    },
                    "total": 27,
                    "citadel": {
                        "max": -1,
                        "min": -1
                    }
                },
                "weaponry": {
                    "torpedoes": 0,
                    "aircraft": 0,
                    "artillery": 61,
                    "anti_aircraft": 32
                },
                "dive_bomber": null
            },
            "upgrades": [
                4273131440,
                4261597104,
                4262645680
            ],
            "tier": 4,
            "next_ships": {
                "4184782608": 11500
            },
            "mod_slots": 2,
            "type": "Cruiser",
            "is_special": false,
            "name": "De Ruyter"
        }
    }
}