{
    "status": "ok",
    "meta": {
        "count": 1,
        "page_total": 1,
        "total": 1,
        "limit": 100,
        "page": 1
    },
    "data": {
        "4278105904": {
            "description": "ドイッチュラントは、3 隻建造された独特な艦級の 1 番艦であり、本級の登場は、巡洋艦と戦艦の両方の開発に大きな影響を与えました。戦艦クラスの主砲と巡洋艦並みの大きさと速力、そして長大な航続距離を兼ね備え、極めて危険な通商破壊艦の代表例となりました。竣工後の数年間、本艦は大西洋への数回の航海を重ね、スペイン内戦にも参加しました。第二次世界大戦の序盤には、グリーンランドとバミューダ諸島の間で連合国の補給路を妨害するために展開されました。",
            "price_gold": 0,
            "ship_id_str": "PGSC016",
            "has_demo_profile": false,
            "images": {
                "small": "https://wows-gloss-icons.wgcdn.co/icons/vehicle/small/PGSC016_6bd14a02ae034c88b78d942bbfc52bdd0746feac94fb62994e222ccb9965e020.png",
                "large": "https://wows-gloss-icons.wgcdn.co/icons/vehicle/large/PGSC016_4e0d9e687c6df3c94537c7336d7050f18e21b4ae27df15ab4fd5d6f868e4e588.png",
                "medium": "https://wows-gloss-icons.wgcdn.co/icons/vehicle/medium/PGSC016_8f224bd1e8401a640af973eee5b144beb1418ba9da317f6570983684dd1d2ca8.png",
                "contour": "https://wows-gloss-icons.wgcdn.co/icons/vehicle/contour/PGSC016_050933f22f52738997505c1dc26e4f88f768283487acd17b58ef638197780666.png"
            },
            "modules": {
                "engine": [
                    3962416944
                ],
                "torpedo_bomber": [],
                "fighter": [],
                "hull": [
                    3962318640,
                    3961270064
                ],
                "artillery": [
                    3962548016
                ],
                "torpedoes": [
                    3961925424
                ],
                "fire_control": [
                    3960909616,
                    3961958192
                ],
                "sonar": [],
                "flight_control": [],
                "dive_bomber": []
            },
            "modules_tree": {
                "3961270064": {
                    "name": "Deutschland (B)",
                    "next_modules": null,
                    "is_default": false,
                    "price_xp": 9000,
                    "price_credit": 700000,
                    "next_ships": [
                        4277057328
                    ],
                    "module_id": 3961270064,
                    "type": "Hull",
                    "module_id_str": "PGUH318"
                },
                "3962548016": {
                    "name": "283 mm/52 SK C/28 (Drh LC/28 砲座)",
                    "next_modules": null,
                    "is_default": true,
                    "price_xp": 0,
                    "price_credit": 215000,
                    "next_ships": null,
                    "module_id": 3962548016,
                    "type": "Artillery",
                    "module_id_str": "PGUA317"
                },
                "3962318640": {
                    "name": "Deutschland (A)",
                    "next_modules": [
                        3961270064
                    ],
                    "is_default": true,
                    "price_xp": 0,
                    "price_credit": 345000,
                    "next_ships": null,
                    "module_id": 3962318640,
                    "type": "Hull",
                    "module_id_str": "PGUH317"
                },
                "3961958192": {
                    "name": "FKS Typ 6 Mod. 1",
                    "next_modules": [
                        3960909616
                    ],
                    "is_default": true,
                    "price_xp": 0,
                    "price_credit": 210000,
                    "next_ships": null,
                    "module_id": 3961958192,
                    "type": "Suo",
                    "module_id_str": "PGUS317"
                },
                "3960909616": {
                    "name": "FKS Typ 6 Mod. 2",
                    "next_modules": null,
                    "is_default": false,
                    "price_xp": 8000,
                    "price_credit": 670000,
                    "next_ships": null,
                    "module_id": 3960909616,
                    "type": "Suo",
                    "module_id_str": "PGUS318"
                },
                "3962416944": {
                    "name": "推力: 54,000 馬力",
                    "next_modules": null,
                    "is_default": true,
                    "price_xp": 0,
                    "price_credit": 180000,
                    "next_ships": null,
                    "module_id": 3962416944,
                    "type": "Engine",
                    "module_id_str": "PGUE317"
                },
                "3961925424": {
                    "name": "533 mm Vierling",
                    "next_modules": null,
                    "is_default": true,
                    "price_xp": 0,
                    "price_credit": 260000,
                    "next_ships": null,
                    "module_id": 3961925424,
                    "type": "Torpedoes",
                    "module_id_str": "PGUT317"
                }
            },
            "nation": "germany",
            "is_premium": false,
            "ship_id": 4278105904,
            "price_credit": 3040000,
            "default_profile": {
                "engine": {
                    "engine_id_str": "PGUE317",
                    "max_speed": 28.0,
                    "engine_id": 3962416944
                },
                "torpedo_bomber": null,
                "anti_aircraft": {
                    "slots": {
                        "0": {
                            "distance": -1.0,
                            "avg_damage": null,
                            "caliber": 20,
                            "name": "20 mm/65 C/38 (L/30 単装砲座)",
                            "guns": 10
                        },
                        "1": {
                            "distance": -1.0,
                            "avg_damage": null,
                            "caliber": 37,
                            "name": "37 mm/83 SK C/30 (Dopp LC/30 砲座)",
                            "guns": 4
                        },
                        "2": {
                            "distance": -1.0,
                            "avg_damage": null,
                            "caliber": 88,
                            "name": "88 mm/76 SK C/32 (Dop. L. C/32 砲座)",
                            "guns": 3
                        }
                    },
                    "defense": 38
                },
                "depth_charge": null,
                "mobility": {
                    "rudder_time": 12.7,
                    "total": 42,
                    "max_speed": 28.0,
                    "turning_radius": 680
                },
                "hull": {
                    "hull_id": 3962318640,
                    "hull_id_str": "PGUH317",
                    "torpedoes_barrels": 2,
                    "anti_aircraft_barrels": 17,
                    "range": {
                        "max": 170,
                        "min": 13
                    },
                    "health": 25950,
                    "planes_amount": null,
                    "artillery_barrels": 2,
                    "atba_barrels": 11
                },
                "atbas": {
                    "distance": 5.6,
                    "slots": {
                        "0": {
                            "burn_probability": 8.0,
                            "bullet_speed": 875,
                            "name": "150 mm Spr.Gr. L/4.32",
                            "shot_delay": 5.6,
                            "damage": 1700,
                            "bullet_mass": 45,
                            "type": "HE",
                            "gun_rate": 10.7
                        },
                        "1": {
                            "burn_probability": 4.0,
                            "bullet_speed": 950,
                            "name": "88 mm P.Spr.Gr.",
                            "shot_delay": 2.4,
                            "damage": 1000,
                            "bullet_mass": 9,
                            "type": "HE",
                            "gun_rate": 25.0
                        }
                    }
                },
                "artillery": {
                    "max_dispersion": 168,
                    "shells": {
                        "AP": {
                            "burn_probability": null,
                            "bullet_speed": 910,
                            "name": "283 mm P.Spr.Gr. L/4.4",
                            "damage": 7600,
                            "bullet_mass": 247,
                            "type": "AP"
                        },
                        "HE": {
                            "burn_probability": 20.0,
                            "bullet_speed": 910,
                            "name": "283 mm Spr.Gr. L/4.5 Kz.",
                            "damage": 3200,
                            "bullet_mass": 247,
                            "type": "HE"
                        }
                    },
                    "shot_delay": 19.0,
                    "rotation_time": 27.7,
                    "distance": 14.4,
                    "artillery_id": 3962548016,
                    "artillery_id_str": "PGUA317",
                    "slots": {
                        "0": {
                            "barrels": 3,
                            "name": "283 mm/52 SK C/28 (Drh LC/28 砲座)",
                            "guns": 2
                        }
                    },
                    "gun_rate": 3.1
                },
                "torpedoes": {
                    "visibility_dist": 1.3,
                    "distance": 8.0,
                    "torpedoes_id": 3961925424,
                    "torpedo_name": "G7 Steinbutt",
                    "reload_time": 100,
                    "torpedo_speed": 65,
                    "rotation_time": 7.2,
                    "torpedoes_id_str": "PGUT317",
                    "slots": {
                        "0": {
                            "barrels": 4,
                            "caliber": 533,
                            "name": "533 mm Vierling",
                            "guns": 2
                        }
                    },
                    "max_damage": 13700
                },
                "fighters": null,
                "submarine_mobility": null,
                "fire_control": {
                    "fire_control_id": 3961958192,
                    "distance": 0.0,
                    "distance_increase": null,
                    "fire_control_id_str": "PGUS317"
                },
                "submarine_sonar": null,
                "battle_level_range_max": 8,
                "battle_level_range_min": 6,
                "flight_control": null,
                "submarine_battery": null,
                "concealment": {
                    "total": 59,
                    "detect_distance_by_plane": 6.4,
                    "detect_distance_by_submarine": 6.4,
                    "detect_distance_by_ship": 12.3
                },
                "armour": {
                    "casemate": {
                        "max": -1,
                        "min": -1
                    },
                    "deck": {
                        "max": -1,
                        "min": -1
                    },
                    "flood_damage": 22,
                    "range": {
                        "max": 170,
                        "min": 13
                    },
                    "health": 25950,
                    "extremities": {
                        "max": -1,
                        "min": -1
                    },
                    "total": 35,
                    "citadel": {
                        "max": -1,
                        "min": -1
                    }
                },
                "weaponry": {
                    "torpedoes": 18,
                    "aircraft": 0,
                    "artillery": 78,
                    "anti_aircraft": 38
                },
                "dive_bomber": null
            },
            "upgrades": [
                4273131440,
                4220702640,
                4259499952,
                4261597104,
                4262645680,
                4287811504,
                4268937136,
                4267888560,
                4275228592,
                4269985712,
                4281520048
            ],
            "tier": 6,
            "next_ships": {
                "4277057328": 70500
            },
            "mod_slots": 4,
            "type": "Cruiser",
            "is_special": false,
            "name": "Deutschland"
        }
    }
}