{
    "status": "ok",
    "meta": {
        "count": 1,
        "page_total": 1,
        "total": 1,
        "limit": 100,
        "page": 1
    },
    "data": {
        "4280202608": {
            "description": "後期 C 級シリーズの発展型であるダナイー級巡洋艦の 1 隻であり、前級に比べて大型化され、砲熕兵装と雷装が共に強化されていました。本級の 5 番艦であるダニーデンは、1924 年から 1937 年までイギリス海軍のニュージーランド艦隊で運用されていました。第二次世界大戦中には大西洋で積極的に運用され、複数の敵輸送船を拿捕しました。しかし 1941 年 11 月、作戦行動中にドイツ軍の潜水艦によって撃沈されました。",
            "price_gold": 0,
            "ship_id_str": "PUSC014",
            "has_demo_profile": false,
            "images": {
                "small": "https://wows-gloss-icons.wgcdn.co/icons/vehicle/small/PUSC014_881cc7f5acbfc961b4ce7da43b20c65349a14a178db6b3783ca10f768ba976ce.png",
                "large": "https://wows-gloss-icons.wgcdn.co/icons/vehicle/large/PUSC014_ad4980542f6ac1239cb81f831413060457c170f7551c57ac17b1539e446e242e.png",
                "medium": "https://wows-gloss-icons.wgcdn.co/icons/vehicle/medium/PUSC014_d0e46268116de50ec7c3652c0f39afaae3fe7fe38d46335f63057ce22edac400.png",
                "contour": "https://wows-gloss-icons.wgcdn.co/icons/vehicle/contour/PUSC014_bfb4399b01461866a6e3c9b6d53b588e491a692f54eed0eec66678c17323a826.png"
            },
            "modules": {
                "engine": [
                    3979193712
                ],
                "torpedo_bomber": [],
                "fighter": [],
                "hull": [
                    3979095408,
                    3978046832
                ],
                "artillery": [
                    3979324784
                ],
                "torpedoes": [
                    3978702192
                ],
                "fire_control": [
                    3978734960,
                    3977686384
                ],
                "sonar": [],
                "flight_control": [],
                "dive_bomber": []
            },
            "modules_tree": {
                "3979324784": {
                    "name": "152 mm/50 BL Mk.XII (CPXIV 砲座)",
                    "next_modules": null,
                    "is_default": true,
                    "price_xp": 0,
                    "price_credit": 70000,
                    "next_ships": null,
                    "module_id": 3979324784,
                    "type": "Artillery",
                    "module_id_str": "PUUA301"
                },
                "3979095408": {
                    "name": "Dunedin (A)",
                    "next_modules": [
                        3978046832
                    ],
                    "is_default": true,
                    "price_xp": 0,
                    "price_credit": 105000,
                    "next_ships": null,
                    "module_id": 3979095408,
                    "type": "Hull",
                    "module_id_str": "PUUH301"
                },
                "3977686384": {
                    "name": "Mk IV mod. 2",
                    "next_modules": null,
                    "is_default": false,
                    "price_xp": 1600,
                    "price_credit": 160000,
                    "next_ships": null,
                    "module_id": 3977686384,
                    "type": "Suo",
                    "module_id_str": "PUUS302"
                },
                "3978702192": {
                    "name": "533 mm Mk II",
                    "next_modules": null,
                    "is_default": true,
                    "price_xp": 0,
                    "price_credit": 70000,
                    "next_ships": null,
                    "module_id": 3978702192,
                    "type": "Torpedoes",
                    "module_id_str": "PUUT301"
                },
                "3978734960": {
                    "name": "Mk IV mod. 1",
                    "next_modules": [
                        3977686384
                    ],
                    "is_default": true,
                    "price_xp": 0,
                    "price_credit": 70000,
                    "next_ships": null,
                    "module_id": 3978734960,
                    "type": "Suo",
                    "module_id_str": "PUUS301"
                },
                "3979193712": {
                    "name": "推力: 40,000 馬力",
                    "next_modules": null,
                    "is_default": true,
                    "price_xp": 0,
                    "price_credit": 70000,
                    "next_ships": null,
                    "module_id": 3979193712,
                    "type": "Engine",
                    "module_id_str": "PUUE301"
                },
                "3978046832": {
                    "name": "Dunedin (B)",
                    "next_modules": null,
                    "is_default": false,
                    "price_xp": 2400,
                    "price_credit": 240000,
                    "next_ships": [
                        4279154032
                    ],
                    "module_id": 3978046832,
                    "type": "Hull",
                    "module_id_str": "PUUH302"
                }
            },
            "nation": "commonwealth",
            "is_premium": false,
            "ship_id": 4280202608,
            "price_credit": 700000,
            "default_profile": {
                "engine": {
                    "engine_id_str": "PUUE301",
                    "max_speed": 29.0,
                    "engine_id": 3979193712
                },
                "torpedo_bomber": null,
                "anti_aircraft": {
                    "slots": {
                        "0": {
                            "distance": -1.0,
                            "avg_damage": null,
                            "caliber": 12,
                            "name": "12.7 mm Mk.III",
                            "guns": 2
                        },
                        "1": {
                            "distance": -1.0,
                            "avg_damage": null,
                            "caliber": 40,
                            "name": "40 mm/39 Vickers QF Mk.II (Mk.II HA 砲座)",
                            "guns": 3
                        },
                        "2": {
                            "distance": -1.0,
                            "avg_damage": null,
                            "caliber": 76,
                            "name": "76.2 mm/45 QF HA Mk.I (HA Mk.IV 砲座)",
                            "guns": 2
                        }
                    },
                    "defense": 27
                },
                "depth_charge": null,
                "mobility": {
                    "rudder_time": 8.2,
                    "total": 48,
                    "max_speed": 29.0,
                    "turning_radius": 550
                },
                "hull": {
                    "hull_id": 3979095408,
                    "hull_id_str": "PUUH301",
                    "torpedoes_barrels": 4,
                    "anti_aircraft_barrels": 7,
                    "range": {
                        "max": 76,
                        "min": 10
                    },
                    "health": 18200,
                    "planes_amount": null,
                    "artillery_barrels": 6,
                    "atba_barrels": 0
                },
                "atbas": {
                    "distance": 0.0
                },
                "artillery": {
                    "max_dispersion": 118,
                    "shells": {
                        "AP": {
                            "burn_probability": null,
                            "bullet_speed": 853,
                            "name": "152 mm AP 4crh",
                            "damage": 2250,
                            "bullet_mass": 42,
                            "type": "AP"
                        },
                        "HE": {
                            "burn_probability": 8.0,
                            "bullet_speed": 853,
                            "name": "152 mm HE 4crh",
                            "damage": 1700,
                            "bullet_mass": 42,
                            "type": "HE"
                        }
                    },
                    "shot_delay": 6.0,
                    "rotation_time": 18.0,
                    "distance": 12.4,
                    "artillery_id": 3979324784,
                    "artillery_id_str": "PUUA301",
                    "slots": {
                        "0": {
                            "barrels": 1,
                            "name": "152 mm/45 Mk.XII (PXIII* 砲座)",
                            "guns": 6
                        }
                    },
                    "gun_rate": 8.8
                },
                "torpedoes": {
                    "visibility_dist": 1.1,
                    "distance": 6.0,
                    "torpedoes_id": 3978702192,
                    "torpedo_name": "533 mm Mk II",
                    "reload_time": 62,
                    "torpedo_speed": 53,
                    "rotation_time": 7.2,
                    "torpedoes_id_str": "PUUT301",
                    "slots": {
                        "0": {
                            "barrels": 3,
                            "caliber": 533,
                            "name": "533 mm TR Mk I",
                            "guns": 4
                        }
                    },
                    "max_damage": 10000
                },
                "fighters": null,
                "submarine_mobility": null,
                "fire_control": {
                    "fire_control_id": 3978734960,
                    "distance": 0.0,
                    "distance_increase": null,
                    "fire_control_id_str": "PUUS301"
                },
                "submarine_sonar": null,
                "battle_level_range_max": 5,
                "battle_level_range_min": 4,
                "flight_control": null,
                "submarine_battery": null,
                "concealment": {
                    "total": 69,
                    "detect_distance_by_plane": 6.4,
                    "detect_distance_by_submarine": 6.4,
                    "detect_distance_by_ship": 10.1
                },
                "armour": {
                    "casemate": {
                        "max": -1,
                        "min": -1
                    },
                    "deck": {
                        "max": -1,
                        "min": -1
                    },
                    "flood_damage": 0,
                    "range": {
                        "max": 76,
                        "min": 10
                    },
                    "health": 18200,
                    "extremities": {
                        "max": -1,
                        "min": -1
                    },
                    "total": 24,
                    "citadel": {
                        "max": -1,
                        "min": -1
                    }
                },
                "weaponry": {
                    "torpedoes": 18,
                    "aircraft": 0,
                    "artillery": 53,
                    "anti_aircraft": 27
                },
                "dive_bomber": null
            },
            "upgrades": [
                4273131440,
                4261597104,
                4262645680
            ],
            "tier": 4,
            "next_ships": {
                "4279154032": 11500
            },
            "mod_slots": 2,
            "type": "Cruiser",
            "is_special": false,
            "name": "Dunedin"
        }
    }
}