{
    "status": "ok",
    "meta": {
        "count": 1,
        "page_total": 1,
        "total": 1,
        "limit": 100,
        "page": 1
    },
    "data": {
        "4181637072": {
            "description": "1933 年 8 月、日本における最上型軽巡洋艦の建造を受けて、主砲として 4 基の三連装砲塔を備える軽巡洋艦の開発計画が開始されました。その結果として、1936 年の建艦計画の下で 2 隻の軽巡洋艦が建造されました。本級のリードシップであったエディンバラは 1939 年に就役し、輸送船団の護衛やロフォーテン諸島への襲撃、およびドイツ戦艦ビスマルクの追撃戦に参加しました。そして 1942 年 4 月 20 日、本艦はレンドリースのための 2,000 万ドルを運んでいる最中に 2 本の魚雷を被雷しました。更にその後、ムールマンスクへ向けて曳航されている途中に再度の攻撃を受けました。この際に本艦はドイツ軍の駆逐艦を 1 隻撃沈しましたが、最終的には本艦も沈没しました。",
            "price_gold": 0,
            "ship_id_str": "PBSC108",
            "has_demo_profile": false,
            "images": {
                "small": "https://wows-gloss-icons.wgcdn.co/icons/vehicle/small/PBSC108_dccdb8ebad1fda321c8abc30c45c719c96826e10c0518daefc722117ca13c11f.png",
                "large": "https://wows-gloss-icons.wgcdn.co/icons/vehicle/large/PBSC108_285f1d664f0d4c7f87d495858a21a6778074ebe6894025b4c5f014b23e3e51c7.png",
                "medium": "https://wows-gloss-icons.wgcdn.co/icons/vehicle/medium/PBSC108_e6e3897fdf0a9a729510a2dc78f4f2f74c7f34d70251291acf74b70555784254.png",
                "contour": "https://wows-gloss-icons.wgcdn.co/icons/vehicle/contour/PBSC108_9cac3acc25b142acbd66a6db3665b8467d8f2d407105a9e584d68f6cd429042d.png"
            },
            "modules": {
                "engine": [
                    3549278160
                ],
                "torpedo_bomber": [],
                "fighter": [],
                "hull": [
                    3559665616,
                    3558617040
                ],
                "artillery": [
                    3559894992
                ],
                "torpedoes": [
                    3558223824,
                    3559272400
                ],
                "fire_control": [
                    3558256592,
                    3559305168
                ],
                "sonar": [],
                "flight_control": [],
                "dive_bomber": []
            },
            "modules_tree": {
                "3558223824": {
                    "name": "533 mm Mk IX**",
                    "next_modules": null,
                    "is_default": false,
                    "price_xp": 12000,
                    "price_credit": 1200000,
                    "next_ships": null,
                    "module_id": 3558223824,
                    "type": "Torpedoes",
                    "module_id_str": "PBUT702"
                },
                "3559305168": {
                    "name": "Mk VIII mod. 1",
                    "next_modules": [
                        3558256592
                    ],
                    "is_default": true,
                    "price_xp": 0,
                    "price_credit": 700000,
                    "next_ships": null,
                    "module_id": 3559305168,
                    "type": "Suo",
                    "module_id_str": "PBUS701"
                },
                "3559894992": {
                    "name": "152 mm/50 BL Mk.XXIII (Mk.XXIII 砲座)",
                    "next_modules": null,
                    "is_default": true,
                    "price_xp": 0,
                    "price_credit": 600000,
                    "next_ships": null,
                    "module_id": 3559894992,
                    "type": "Artillery",
                    "module_id_str": "PBUA701"
                },
                "3559272400": {
                    "name": "533 mm Mk IX*",
                    "next_modules": [
                        3558223824
                    ],
                    "is_default": true,
                    "price_xp": 0,
                    "price_credit": 1000000,
                    "next_ships": null,
                    "module_id": 3559272400,
                    "type": "Torpedoes",
                    "module_id_str": "PBUT701"
                },
                "3558256592": {
                    "name": "Mk VIII mod. 2",
                    "next_modules": null,
                    "is_default": false,
                    "price_xp": 15000,
                    "price_credit": 1500000,
                    "next_ships": null,
                    "module_id": 3558256592,
                    "type": "Suo",
                    "module_id_str": "PBUS702"
                },
                "3559665616": {
                    "name": "Edinburgh (A)",
                    "next_modules": [
                        3558617040
                    ],
                    "is_default": true,
                    "price_xp": 0,
                    "price_credit": 900000,
                    "next_ships": null,
                    "module_id": 3559665616,
                    "type": "Hull",
                    "module_id_str": "PBUH701"
                },
                "3558617040": {
                    "name": "Edinburgh (B)",
                    "next_modules": null,
                    "is_default": false,
                    "price_xp": 28000,
                    "price_credit": 2200000,
                    "next_ships": [
                        4180588496
                    ],
                    "module_id": 3558617040,
                    "type": "Hull",
                    "module_id_str": "PBUH702"
                },
                "3549278160": {
                    "name": "推力: 80,000 馬力",
                    "next_modules": null,
                    "is_default": true,
                    "price_xp": 0,
                    "price_credit": 500000,
                    "next_ships": null,
                    "module_id": 3549278160,
                    "type": "Engine",
                    "module_id_str": "PBUE711"
                }
            },
            "nation": "uk",
            "is_premium": false,
            "ship_id": 4181637072,
            "price_credit": 8800000,
            "default_profile": {
                "engine": {
                    "engine_id_str": "PBUE711",
                    "max_speed": 32.5,
                    "engine_id": 3549278160
                },
                "torpedo_bomber": null,
                "anti_aircraft": {
                    "slots": {
                        "0": {
                            "distance": -1.0,
                            "avg_damage": null,
                            "caliber": 20,
                            "name": "20 mm Oerlikon Mk.I (Mk.IIA 砲座)",
                            "guns": 8
                        },
                        "1": {
                            "distance": -1.0,
                            "avg_damage": null,
                            "caliber": 20,
                            "name": "20 mm Oerlikon Mk.II (Mk.V 砲座)",
                            "guns": 5
                        },
                        "2": {
                            "distance": -1.0,
                            "avg_damage": null,
                            "caliber": 40,
                            "name": "40 mm/39 Vickers QF Mk.VIII (Mk.VI 砲座)",
                            "guns": 3
                        },
                        "3": {
                            "distance": -1.0,
                            "avg_damage": null,
                            "caliber": 102,
                            "name": "102 mm/45 QF Mk.XVI (Mk.XIX 砲座)",
                            "guns": 6
                        }
                    },
                    "defense": 57
                },
                "depth_charge": {
                    "num_bombs_in_pack": 3,
                    "bomb_max_damage": 5000,
                    "max_packs": 2,
                    "reload_time": 40.0
                },
                "mobility": {
                    "rudder_time": 13.4,
                    "total": 50,
                    "max_speed": 32.5,
                    "turning_radius": 730
                },
                "hull": {
                    "hull_id": 3559665616,
                    "hull_id_str": "PBUH701",
                    "torpedoes_barrels": 2,
                    "anti_aircraft_barrels": 22,
                    "range": {
                        "max": 114,
                        "min": 6
                    },
                    "health": 31800,
                    "planes_amount": null,
                    "artillery_barrels": 4,
                    "atba_barrels": 6
                },
                "atbas": {
                    "distance": 6.6,
                    "slots": {
                        "0": {
                            "burn_probability": 6.0,
                            "bullet_speed": 811,
                            "name": "102 mm HE 35 lb",
                            "shot_delay": 3.0,
                            "damage": 1500,
                            "bullet_mass": 16,
                            "type": "HE",
                            "gun_rate": 20.0
                        }
                    }
                },
                "artillery": {
                    "max_dispersion": 129,
                    "shells": {
                        "AP": {
                            "burn_probability": null,
                            "bullet_speed": 841,
                            "name": "152 mm AP 6crh Mk IV",
                            "damage": 3100,
                            "bullet_mass": 51,
                            "type": "AP"
                        }
                    },
                    "shot_delay": 7.0,
                    "rotation_time": 25.7,
                    "distance": 14.0,
                    "artillery_id": 3559894992,
                    "artillery_id_str": "PBUA701",
                    "slots": {
                        "0": {
                            "barrels": 3,
                            "name": "152 mm/50 BL Mk.XXIII (Mk.XXIII 砲座)",
                            "guns": 4
                        }
                    },
                    "gun_rate": 7.8
                },
                "torpedoes": {
                    "visibility_dist": 1.3,
                    "distance": 8.0,
                    "torpedoes_id": 3559272400,
                    "torpedo_name": "533 mm Mk IX*",
                    "reload_time": 72,
                    "torpedo_speed": 61,
                    "rotation_time": 7.2,
                    "torpedoes_id_str": "PBUT701",
                    "slots": {
                        "0": {
                            "barrels": 3,
                            "caliber": 533,
                            "name": "533 mm TR Mk IV",
                            "guns": 2
                        }
                    },
                    "max_damage": 15866
                },
                "fighters": null,
                "submarine_mobility": null,
                "fire_control": {
                    "fire_control_id": 3559305168,
                    "distance": 0.0,
                    "distance_increase": null,
                    "fire_control_id_str": "PBUS701"
                },
                "submarine_sonar": null,
                "battle_level_range_max": 10,
                "battle_level_range_min": 8,
                "flight_control": null,
                "submarine_battery": null,
                "concealment": {
                    "total": 61,
                    "detect_distance_by_plane": 7.2,
                    "detect_distance_by_submarine": 7.2,
                    "detect_distance_by_ship": 11.4
                },
                "armour": {
                    "casemate": {
                        "max": -1,
                        "min": -1
                    },
                    "deck": {
                        "max": -1,
                        "min": -1
                    },
                    "flood_damage": 0,
                    "range": {
                        "max": 114,
                        "min": 6
                    },
                    "health": 31800,
                    "extremities": {
                        "max": -1,
                        "min": -1
                    },
                    "total": 45,
                    "citadel": {
                        "max": -1,
                        "min": -1
                    }
                },
                "weaponry": {
                    "torpedoes": 18,
                    "aircraft": 0,
                    "artillery": 46,
                    "anti_aircraft": 57
                },
                "dive_bomber": null
            },
            "upgrades": [
                4273131440,
                4265791408,
                4220702640,
                4257402800,
                4259499952,
                4261597104,
                4262645680,
                4287811504,
                4266839984,
                4269985712,
                4267888560,
                4275228592,
                4281520048
            ],
            "tier": 8,
            "next_ships": {
                "4180588496": 173000
            },
            "mod_slots": 5,
            "type": "Cruiser",
            "is_special": false,
            "name": "Edinburgh"
        }
    }
}