{
    "status": "ok",
    "meta": {
        "count": 1,
        "page_total": 1,
        "total": 1,
        "limit": 100,
        "page": 1
    },
    "data": {
        "4182685456": {
            "description": "巡洋艦カイクダウンは建造中に「エーンドラハト」と改名され、同時に兵装構成も変更されました。その後、未完成だった本艦はドイツ軍に接収され、「KH2」と改名されました。彼らは、本艦をドイツ海軍の艦艇として竣工させることを意図していました。終戦後、オランダは変更された計画案の下でエーンドラハトを建造し続け、巡洋艦は「デ・ゼーヴェン・プロヴィンシェン」と改名されました。元エーンドラハトは 1953 年に就役し、1975 年にペルーに売却されるまでオランダの海軍資産でした。そしてペルーでは 1999 年までアギーレおよびアルミランテ・グラウとして運用されました。",
            "price_gold": 0,
            "ship_id_str": "PHSC107",
            "has_demo_profile": false,
            "images": {
                "small": "https://wows-gloss-icons.wgcdn.co/icons/vehicle/small/PHSC107_c8ea4f3e501622147a955d8017d990debe2f6a61e38504e41f421cafce05f932.png",
                "large": "https://wows-gloss-icons.wgcdn.co/icons/vehicle/large/PHSC107_1c89bafcd22a4fd66bc89a5160c9b9228add89c8228096909eed78bd7bb6e7be.png",
                "medium": "https://wows-gloss-icons.wgcdn.co/icons/vehicle/medium/PHSC107_dc67e334ff6fd193a9c06a24557c84be8bfea1294440485c81a2923ece9c9b29.png",
                "contour": "https://wows-gloss-icons.wgcdn.co/icons/vehicle/contour/PHSC107_1d031f4619c4ba071ca26f12b6e9bcbc8119036af2477d9fae6fd70053d31e4a.png"
            },
            "modules": {
                "engine": [
                    3664621328
                ],
                "torpedo_bomber": [],
                "fighter": [],
                "hull": [
                    3664523024,
                    3663474448
                ],
                "artillery": [
                    3664752400
                ],
                "torpedoes": [],
                "fire_control": [
                    3663114000,
                    3664162576
                ],
                "sonar": [],
                "flight_control": [],
                "dive_bomber": []
            },
            "modules_tree": {
                "3664752400": {
                    "name": "152 mm/53 Model 1942 (砲塔)",
                    "next_modules": null,
                    "is_default": true,
                    "price_xp": 0,
                    "price_credit": 570000,
                    "next_ships": null,
                    "module_id": 3664752400,
                    "type": "Artillery",
                    "module_id_str": "PHUA601"
                },
                "3663474448": {
                    "name": "Eendracht (B)",
                    "next_modules": null,
                    "is_default": false,
                    "price_xp": 24000,
                    "price_credit": 1500000,
                    "next_ships": [
                        4181636880
                    ],
                    "module_id": 3663474448,
                    "type": "Hull",
                    "module_id_str": "PHUH602"
                },
                "3664523024": {
                    "name": "Eendracht (A)",
                    "next_modules": [
                        3663474448
                    ],
                    "is_default": true,
                    "price_xp": 0,
                    "price_credit": 855000,
                    "next_ships": null,
                    "module_id": 3664523024,
                    "type": "Hull",
                    "module_id_str": "PHUH601"
                },
                "3664162576": {
                    "name": "Vuurleiding Mk 7 Mod. 1",
                    "next_modules": [
                        3663114000
                    ],
                    "is_default": true,
                    "price_xp": 0,
                    "price_credit": 570000,
                    "next_ships": null,
                    "module_id": 3664162576,
                    "type": "Suo",
                    "module_id_str": "PHUS601"
                },
                "3663114000": {
                    "name": "Vuurleiding Mk 7 Mod. 2",
                    "next_modules": null,
                    "is_default": false,
                    "price_xp": 16000,
                    "price_credit": 1000000,
                    "next_ships": [
                        4276008720
                    ],
                    "module_id": 3663114000,
                    "type": "Suo",
                    "module_id_str": "PHUS602"
                },
                "3664621328": {
                    "name": "推力: 85,000 馬力",
                    "next_modules": null,
                    "is_default": true,
                    "price_xp": 0,
                    "price_credit": 570000,
                    "next_ships": null,
                    "module_id": 3664621328,
                    "type": "Engine",
                    "module_id_str": "PHUE601"
                }
            },
            "nation": "netherlands",
            "is_premium": false,
            "ship_id": 4182685456,
            "price_credit": 5700000,
            "default_profile": {
                "engine": {
                    "engine_id_str": "PHUE601",
                    "max_speed": 33.0,
                    "engine_id": 3664621328
                },
                "torpedo_bomber": null,
                "anti_aircraft": {
                    "slots": {
                        "0": {
                            "distance": -1.0,
                            "avg_damage": null,
                            "caliber": 40,
                            "name": "40 mm/56 Bofors (Mk.3 砲座)",
                            "guns": 7
                        },
                        "1": {
                            "distance": -1.0,
                            "avg_damage": null,
                            "caliber": 40,
                            "name": "40 mm/56 Bofors Model 1936 (Mk.IV* Hazemeyer 砲座)",
                            "guns": 10
                        }
                    },
                    "defense": 71
                },
                "depth_charge": {
                    "num_bombs_in_pack": 10,
                    "bomb_max_damage": 2000,
                    "max_packs": 2,
                    "reload_time": 40.0
                },
                "mobility": {
                    "rudder_time": 12.5,
                    "total": 52,
                    "max_speed": 33.0,
                    "turning_radius": 720
                },
                "hull": {
                    "hull_id": 3664523024,
                    "hull_id_str": "PHUH601",
                    "torpedoes_barrels": 0,
                    "anti_aircraft_barrels": 17,
                    "range": {
                        "max": 100,
                        "min": 10
                    },
                    "health": 28800,
                    "planes_amount": null,
                    "artillery_barrels": 4,
                    "atba_barrels": 0
                },
                "atbas": {
                    "distance": 0.0
                },
                "artillery": {
                    "max_dispersion": 125,
                    "shells": {
                        "AP": {
                            "burn_probability": null,
                            "bullet_speed": 900,
                            "name": "152 mm AP Pantsergranaat",
                            "damage": 3000,
                            "bullet_mass": 47,
                            "type": "AP"
                        },
                        "HE": {
                            "burn_probability": 11.0,
                            "bullet_speed": 900,
                            "name": "152 mm HE Brisantgranaat",
                            "damage": 2200,
                            "bullet_mass": 46,
                            "type": "HE"
                        }
                    },
                    "shot_delay": 8.0,
                    "rotation_time": 22.5,
                    "distance": 13.4,
                    "artillery_id": 3664752400,
                    "artillery_id_str": "PHUA601",
                    "slots": {
                        "0": {
                            "barrels": 2,
                            "name": "152 mm/53 Model 1942 (砲塔)",
                            "guns": 2
                        },
                        "1": {
                            "barrels": 3,
                            "name": "152 mm/53 Model 1942 (砲塔)",
                            "guns": 2
                        }
                    },
                    "gun_rate": 7.5
                },
                "torpedoes": null,
                "fighters": null,
                "submarine_mobility": null,
                "fire_control": {
                    "fire_control_id": 3664162576,
                    "distance": 0.0,
                    "distance_increase": null,
                    "fire_control_id_str": "PHUS601"
                },
                "submarine_sonar": null,
                "battle_level_range_max": 9,
                "battle_level_range_min": 7,
                "flight_control": null,
                "submarine_battery": null,
                "concealment": {
                    "total": 63,
                    "detect_distance_by_plane": 6.0,
                    "detect_distance_by_submarine": 6.0,
                    "detect_distance_by_ship": 11.5
                },
                "armour": {
                    "casemate": {
                        "max": -1,
                        "min": -1
                    },
                    "deck": {
                        "max": -1,
                        "min": -1
                    },
                    "flood_damage": 19,
                    "range": {
                        "max": 100,
                        "min": 10
                    },
                    "health": 28800,
                    "extremities": {
                        "max": -1,
                        "min": -1
                    },
                    "total": 40,
                    "citadel": {
                        "max": -1,
                        "min": -1
                    }
                },
                "weaponry": {
                    "torpedoes": 0,
                    "aircraft": 0,
                    "artillery": 64,
                    "anti_aircraft": 71
                },
                "dive_bomber": null
            },
            "upgrades": [
                4273131440,
                4259499952,
                4261597104,
                4262645680,
                4287811504,
                4268937136,
                4267888560,
                4275228592,
                4269985712
            ],
            "tier": 7,
            "next_ships": {
                "4181636880": 110000,
                "4276008720": 110000
            },
            "mod_slots": 4,
            "type": "Cruiser",
            "is_special": false,
            "name": "Eendracht"
        }
    }
}