{
    "status": "ok",
    "meta": {
        "count": 1,
        "page_total": 1,
        "total": 1,
        "limit": 100,
        "page": 1
    },
    "data": {
        "4182718192": {
            "description": "1913 年の艦隊補充計画では、イギリスのクイーン・エリザベス級戦艦に対抗可能な 4 隻の高速戦艦の建造が計画されました。そしてリードシップであったフランチェスコ・カラッチョロが 1914 年に起工されましたが、資材不足と優先順位の変更により建造は中止されました。",
            "price_gold": 0,
            "ship_id_str": "PISB107",
            "has_demo_profile": false,
            "images": {
                "small": "https://wows-gloss-icons.wgcdn.co/icons/vehicle/small/PISB107_f9535943d377bea1509c39096e93cbbc6f265010c13eb8ca03a57830665134a6.png",
                "large": "https://wows-gloss-icons.wgcdn.co/icons/vehicle/large/PISB107_4452844c6a55202402ae1568879c42141b86cd8675ccdf4b52891ee85e18016e.png",
                "medium": "https://wows-gloss-icons.wgcdn.co/icons/vehicle/medium/PISB107_8a66b17abacf117d1a6c6d087b292d230a0da38348feb47eec70ce00a9c112e4.png",
                "contour": "https://wows-gloss-icons.wgcdn.co/icons/vehicle/contour/PISB107_f142fdff26754877ec2716208ae36eeeecc59fceb595916e685ab37b12a1dd40.png"
            },
            "modules": {
                "engine": [
                    3661475568
                ],
                "torpedo_bomber": [],
                "fighter": [],
                "hull": [
                    3659280112,
                    3660328688
                ],
                "artillery": [
                    3661606640
                ],
                "torpedoes": [],
                "fire_control": [
                    3658919664,
                    3659968240
                ],
                "sonar": [],
                "flight_control": [],
                "dive_bomber": []
            },
            "modules_tree": {
                "3660328688": {
                    "name": "F. Caracciolo (A)",
                    "next_modules": [
                        3659280112
                    ],
                    "is_default": true,
                    "price_xp": 0,
                    "price_credit": 600000,
                    "next_ships": null,
                    "module_id": 3660328688,
                    "type": "Hull",
                    "module_id_str": "PIUH605"
                },
                "3661475568": {
                    "name": "推力: 186,000 馬力",
                    "next_modules": null,
                    "is_default": true,
                    "price_xp": 0,
                    "price_credit": 400000,
                    "next_ships": null,
                    "module_id": 3661475568,
                    "type": "Engine",
                    "module_id_str": "PIUE604"
                },
                "3659280112": {
                    "name": "F. Caracciolo (B)",
                    "next_modules": null,
                    "is_default": false,
                    "price_xp": 24000,
                    "price_credit": 1500000,
                    "next_ships": [
                        4181669616
                    ],
                    "module_id": 3659280112,
                    "type": "Hull",
                    "module_id_str": "PIUH606"
                },
                "3658919664": {
                    "name": "SDT 7 mod.2",
                    "next_modules": null,
                    "is_default": false,
                    "price_xp": 16000,
                    "price_credit": 1000000,
                    "next_ships": null,
                    "module_id": 3658919664,
                    "type": "Suo",
                    "module_id_str": "PIUS606"
                },
                "3661606640": {
                    "name": "381 mm/50 Model 1934 (砲塔)",
                    "next_modules": null,
                    "is_default": true,
                    "price_xp": 0,
                    "price_credit": 400000,
                    "next_ships": null,
                    "module_id": 3661606640,
                    "type": "Artillery",
                    "module_id_str": "PIUA604"
                },
                "3659968240": {
                    "name": "SDT 7 mod.1",
                    "next_modules": [
                        3658919664
                    ],
                    "is_default": true,
                    "price_xp": 0,
                    "price_credit": 400000,
                    "next_ships": null,
                    "module_id": 3659968240,
                    "type": "Suo",
                    "module_id_str": "PIUS605"
                }
            },
            "nation": "italy",
            "is_premium": false,
            "ship_id": 4182718192,
            "price_credit": 6500000,
            "default_profile": {
                "engine": {
                    "engine_id_str": "PIUE604",
                    "max_speed": 29.0,
                    "engine_id": 3661475568
                },
                "torpedo_bomber": null,
                "anti_aircraft": {
                    "slots": {
                        "0": {
                            "distance": -1.0,
                            "avg_damage": null,
                            "caliber": 20,
                            "name": "20 mm/65 Breda Model 1935 (Model 1935 砲座)",
                            "guns": 10
                        },
                        "1": {
                            "distance": -1.0,
                            "avg_damage": null,
                            "caliber": 37,
                            "name": "37 mm/54 Model 1938 (Model 1938 砲座)",
                            "guns": 8
                        },
                        "2": {
                            "distance": -1.0,
                            "avg_damage": null,
                            "caliber": 90,
                            "name": "90 mm/50 Model 1939 (砲塔)",
                            "guns": 12
                        }
                    },
                    "defense": 60
                },
                "depth_charge": null,
                "mobility": {
                    "rudder_time": 20.0,
                    "total": 38,
                    "max_speed": 29.0,
                    "turning_radius": 740
                },
                "hull": {
                    "hull_id": 3660328688,
                    "hull_id_str": "PIUH605",
                    "torpedoes_barrels": 0,
                    "anti_aircraft_barrels": 30,
                    "range": {
                        "max": 381,
                        "min": 19
                    },
                    "health": 52600,
                    "planes_amount": null,
                    "artillery_barrels": 4,
                    "atba_barrels": 16
                },
                "atbas": {
                    "distance": 5.6,
                    "slots": {
                        "0": {
                            "burn_probability": 7.0,
                            "bullet_speed": 950,
                            "name": "152 mm proiettili HE",
                            "shot_delay": 8.0,
                            "damage": 2100,
                            "bullet_mass": 44,
                            "type": "HE",
                            "gun_rate": 7.5
                        },
                        "1": {
                            "burn_probability": 5.0,
                            "bullet_speed": 860,
                            "name": "90 mm proiettili HE",
                            "shot_delay": 4.0,
                            "damage": 1300,
                            "bullet_mass": 10,
                            "type": "HE",
                            "gun_rate": 15.0
                        }
                    }
                },
                "artillery": {
                    "max_dispersion": 222,
                    "shells": {
                        "AP": {
                            "burn_probability": null,
                            "bullet_speed": 850,
                            "name": "381 mm proiettili AP",
                            "damage": 12000,
                            "bullet_mass": 885,
                            "type": "AP"
                        }
                    },
                    "shot_delay": 33.0,
                    "rotation_time": 30.0,
                    "distance": 15.9,
                    "artillery_id": 3661606640,
                    "artillery_id_str": "PIUA604",
                    "slots": {
                        "0": {
                            "barrels": 2,
                            "name": "381 mm/50 Model 1934 (砲塔)",
                            "guns": 4
                        }
                    },
                    "gun_rate": 1.8
                },
                "torpedoes": null,
                "fighters": null,
                "submarine_mobility": null,
                "fire_control": {
                    "fire_control_id": 3659968240,
                    "distance": 0.0,
                    "distance_increase": null,
                    "fire_control_id_str": "PIUS605"
                },
                "submarine_sonar": null,
                "battle_level_range_max": 9,
                "battle_level_range_min": 7,
                "flight_control": null,
                "submarine_battery": null,
                "concealment": {
                    "total": 44,
                    "detect_distance_by_plane": 9.7,
                    "detect_distance_by_submarine": 9.7,
                    "detect_distance_by_ship": 13.9
                },
                "armour": {
                    "casemate": {
                        "max": -1,
                        "min": -1
                    },
                    "deck": {
                        "max": -1,
                        "min": -1
                    },
                    "flood_damage": 42,
                    "range": {
                        "max": 381,
                        "min": 19
                    },
                    "health": 52600,
                    "extremities": {
                        "max": -1,
                        "min": -1
                    },
                    "total": 66,
                    "citadel": {
                        "max": -1,
                        "min": -1
                    }
                },
                "weaponry": {
                    "torpedoes": 0,
                    "aircraft": 0,
                    "artillery": 91,
                    "anti_aircraft": 60
                },
                "dive_bomber": null
            },
            "upgrades": [
                4273131440,
                4261597104,
                4259499952,
                4262645680,
                4268937136,
                4267888560,
                4287811504,
                4275228592,
                4269985712,
                4281520048
            ],
            "tier": 7,
            "next_ships": {
                "4181669616": 140000
            },
            "mod_slots": 4,
            "type": "Battleship",
            "is_special": false,
            "name": "Francesco Caracciolo"
        }
    }
}