{
    "status": "ok",
    "meta": {
        "count": 1,
        "page_total": 1,
        "total": 1,
        "limit": 100,
        "page": 1
    },
    "data": {
        "4182718256": {
            "description": "1933 年、ドイツはヴェルサイユ条約で定められた制限を超える艦艇の設計に着手しました。330 mm 砲を搭載したフランス艦艇に対抗すべく、設計案には強化型装甲と 3 基目の砲塔が盛り込まれました。この新型戦艦グナイゼナウは、ヴェ―ザー作戦およびベルリン作戦、そしてイギリス海峡の突破作戦に参加しました。1942 年、グナイゼナウはイギリスの爆撃機が投下した爆弾を被弾しました。その後、戦艦グナイゼナウからは主砲が撤去され、ノルウェーの沿岸防御に流用されました。1945 年 3 月 27 日、赤軍の攻勢に伴いグナイゼナウは自沈しました。",
            "price_gold": 0,
            "ship_id_str": "PGSB107",
            "has_demo_profile": false,
            "images": {
                "small": "https://wows-gloss-icons.wgcdn.co/icons/vehicle/small/PGSB107_d40dddfed38d402024b9c438bcd1999dccf85f2766e6c88ea29044e1f020a285.png",
                "large": "https://wows-gloss-icons.wgcdn.co/icons/vehicle/large/PGSB107_b65091229f4607938439851b6d08daea24a43dd9e7d92b5680f79642bc3f0dba.png",
                "medium": "https://wows-gloss-icons.wgcdn.co/icons/vehicle/medium/PGSB107_99da80537188d5f981aaa2ed2e696bcfe5a2d8cef4f61927a39946806ff3db19.png",
                "contour": "https://wows-gloss-icons.wgcdn.co/icons/vehicle/contour/PGSB107_0c3b7f3fdd06c95ab119c64409e9649db674aecdf1db46ed9cdcad96a8258f4d.png"
            },
            "modules": {
                "engine": [
                    3653087024,
                    3654135600
                ],
                "torpedo_bomber": [],
                "fighter": [],
                "hull": [
                    3654037296,
                    3652988720
                ],
                "artillery": [
                    3654266672
                ],
                "torpedoes": [
                    3663081264
                ],
                "fire_control": [
                    3652628272,
                    3653676848
                ],
                "sonar": [],
                "flight_control": [],
                "dive_bomber": []
            },
            "modules_tree": {
                "3654266672": {
                    "name": "380 mm/52 SK C/34 (Drh LC/34 砲座)",
                    "next_modules": null,
                    "is_default": true,
                    "price_xp": 0,
                    "price_credit": 520000,
                    "next_ships": null,
                    "module_id": 3654266672,
                    "type": "Artillery",
                    "module_id_str": "PGUA611"
                },
                "3653087024": {
                    "name": "推力: 160,000 馬力",
                    "next_modules": null,
                    "is_default": false,
                    "price_xp": 8000,
                    "price_credit": 650000,
                    "next_ships": null,
                    "module_id": 3653087024,
                    "type": "Engine",
                    "module_id_str": "PGUE612"
                },
                "3654037296": {
                    "name": "Gneisenau (A)",
                    "next_modules": [
                        3652988720
                    ],
                    "is_default": true,
                    "price_xp": 0,
                    "price_credit": 620000,
                    "next_ships": null,
                    "module_id": 3654037296,
                    "type": "Hull",
                    "module_id_str": "PGUH611"
                },
                "3654135600": {
                    "name": "推力: 125,000 馬力",
                    "next_modules": [
                        3653087024
                    ],
                    "is_default": true,
                    "price_xp": 0,
                    "price_credit": 300000,
                    "next_ships": null,
                    "module_id": 3654135600,
                    "type": "Engine",
                    "module_id_str": "PGUE611"
                },
                "3653676848": {
                    "name": "FKS Typ 7 Mod. 1",
                    "next_modules": [
                        3652628272
                    ],
                    "is_default": true,
                    "price_xp": 0,
                    "price_credit": 360000,
                    "next_ships": null,
                    "module_id": 3653676848,
                    "type": "Suo",
                    "module_id_str": "PGUS611"
                },
                "3663081264": {
                    "name": "G7a T1",
                    "next_modules": null,
                    "is_default": true,
                    "price_xp": 0,
                    "price_credit": 260000,
                    "next_ships": null,
                    "module_id": 3663081264,
                    "type": "Torpedoes",
                    "module_id_str": "PGUT602"
                },
                "3652988720": {
                    "name": "Gneisenau (B)",
                    "next_modules": null,
                    "is_default": false,
                    "price_xp": 24000,
                    "price_credit": 1350000,
                    "next_ships": [
                        4181669680
                    ],
                    "module_id": 3652988720,
                    "type": "Hull",
                    "module_id_str": "PGUH612"
                },
                "3652628272": {
                    "name": "FKS Typ 7 Mod. 2",
                    "next_modules": null,
                    "is_default": false,
                    "price_xp": 12000,
                    "price_credit": 800000,
                    "next_ships": null,
                    "module_id": 3652628272,
                    "type": "Suo",
                    "module_id_str": "PGUS612"
                }
            },
            "nation": "germany",
            "is_premium": false,
            "ship_id": 4182718256,
            "price_credit": 6700000,
            "default_profile": {
                "engine": {
                    "engine_id_str": "PGUE611",
                    "max_speed": 28.8,
                    "engine_id": 3654135600
                },
                "torpedo_bomber": null,
                "anti_aircraft": {
                    "slots": {
                        "0": {
                            "distance": -1.0,
                            "avg_damage": null,
                            "caliber": 20,
                            "name": "20 mm/65 C/38 (連装砲座)",
                            "guns": 14
                        },
                        "1": {
                            "distance": -1.0,
                            "avg_damage": null,
                            "caliber": 20,
                            "name": "20 mm/65 C/38 (Flak 35 Vierling L/38 砲座)",
                            "guns": 7
                        },
                        "2": {
                            "distance": -1.0,
                            "avg_damage": null,
                            "caliber": 37,
                            "name": "37 mm/83 SK C/30 (Dopp LC/30 砲座)",
                            "guns": 8
                        },
                        "3": {
                            "distance": -1.0,
                            "avg_damage": null,
                            "caliber": 105,
                            "name": "105 mm/65 SK C/33 (Dop. L. C/31 砲座)",
                            "guns": 7
                        }
                    },
                    "defense": 59
                },
                "depth_charge": null,
                "mobility": {
                    "rudder_time": 20.6,
                    "total": 36,
                    "max_speed": 28.8,
                    "turning_radius": 830
                },
                "hull": {
                    "hull_id": 3654037296,
                    "hull_id_str": "PGUH611",
                    "torpedoes_barrels": 2,
                    "anti_aircraft_barrels": 36,
                    "range": {
                        "max": 360,
                        "min": 16
                    },
                    "health": 50900,
                    "planes_amount": null,
                    "artillery_barrels": 3,
                    "atba_barrels": 15
                },
                "atbas": {
                    "distance": 6.3,
                    "slots": {
                        "0": {
                            "burn_probability": 8.0,
                            "bullet_speed": 875,
                            "name": "150 mm Spr.Gr. L/4.5",
                            "shot_delay": 7.5,
                            "damage": 1700,
                            "bullet_mass": 45,
                            "type": "HE",
                            "gun_rate": 8.0
                        },
                        "1": {
                            "burn_probability": 8.0,
                            "bullet_speed": 875,
                            "name": "150 mm Spr.Gr. L/4.5",
                            "shot_delay": 7.5,
                            "damage": 1700,
                            "bullet_mass": 45,
                            "type": "HE",
                            "gun_rate": 8.0
                        },
                        "2": {
                            "burn_probability": 5.0,
                            "bullet_speed": 900,
                            "name": "105 mm Spr.Gr. Kz.",
                            "shot_delay": 3.4,
                            "damage": 1200,
                            "bullet_mass": 15,
                            "type": "HE",
                            "gun_rate": 17.9
                        }
                    }
                },
                "artillery": {
                    "max_dispersion": 237,
                    "shells": {
                        "AP": {
                            "burn_probability": null,
                            "bullet_speed": 820,
                            "name": "380 mm P.Spr.Gr. L/4.4",
                            "damage": 11600,
                            "bullet_mass": 800,
                            "type": "AP"
                        },
                        "HE": {
                            "burn_probability": 34.0,
                            "bullet_speed": 820,
                            "name": "380 mm Spr.Gr. L/4.6",
                            "damage": 4400,
                            "bullet_mass": 800,
                            "type": "HE"
                        }
                    },
                    "shot_delay": 26.0,
                    "rotation_time": 36.0,
                    "distance": 17.8,
                    "artillery_id": 3654266672,
                    "artillery_id_str": "PGUA611",
                    "slots": {
                        "0": {
                            "barrels": 2,
                            "name": "380 mm/52 SK C/34 (Drh LC/34 砲座)",
                            "guns": 3
                        }
                    },
                    "gun_rate": 2.3
                },
                "torpedoes": {
                    "visibility_dist": 1.3,
                    "distance": 6.0,
                    "torpedoes_id": 3663081264,
                    "torpedo_name": "G7a T1",
                    "reload_time": 68,
                    "torpedo_speed": 64,
                    "rotation_time": 7.2,
                    "torpedoes_id_str": "PGUT602",
                    "slots": {
                        "0": {
                            "barrels": 3,
                            "caliber": 533,
                            "name": "533 mm Drilling",
                            "guns": 2
                        }
                    },
                    "max_damage": 13700
                },
                "fighters": null,
                "submarine_mobility": null,
                "fire_control": {
                    "fire_control_id": 3653676848,
                    "distance": 0.0,
                    "distance_increase": null,
                    "fire_control_id_str": "PGUS611"
                },
                "submarine_sonar": null,
                "battle_level_range_max": 9,
                "battle_level_range_min": 7,
                "flight_control": null,
                "submarine_battery": null,
                "concealment": {
                    "total": 37,
                    "detect_distance_by_plane": 10.0,
                    "detect_distance_by_submarine": 10.0,
                    "detect_distance_by_ship": 15.2
                },
                "armour": {
                    "casemate": {
                        "max": -1,
                        "min": -1
                    },
                    "deck": {
                        "max": -1,
                        "min": -1
                    },
                    "flood_damage": 22,
                    "range": {
                        "max": 360,
                        "min": 16
                    },
                    "health": 50900,
                    "extremities": {
                        "max": -1,
                        "min": -1
                    },
                    "total": 64,
                    "citadel": {
                        "max": -1,
                        "min": -1
                    }
                },
                "weaponry": {
                    "torpedoes": 14,
                    "aircraft": 0,
                    "artillery": 84,
                    "anti_aircraft": 59
                },
                "dive_bomber": null
            },
            "upgrades": [
                4273131440,
                4220702640,
                4259499952,
                4261597104,
                4262645680,
                4287811504,
                4268937136,
                4267888560,
                4275228592,
                4269985712,
                4281520048
            ],
            "tier": 7,
            "next_ships": {
                "4181669680": 135000
            },
            "mod_slots": 4,
            "type": "Battleship",
            "is_special": false,
            "name": "Gneisenau"
        }
    }
}