{
    "status": "ok",
    "meta": {
        "count": 1,
        "page_total": 1,
        "total": 1,
        "limit": 100,
        "page": 1
    },
    "data": {
        "4078843344": {
            "description": "1932 年の夏、ソ連海軍の代表団が最新のマエストラーレ級駆逐艦を視察するためにイタリアを訪問しました。この艦級は、ソ連の新しい駆逐艦の設計のベースとして選ばれました。この技術設計はプロイェークト 7 として割り当てられ、1934 年 12 月に承認されました。グネヴヌイは 1935 年にレニングラードの第 190 造船所で起工され、1938 年 10 月に就役しました。しかし本艦は 1941 年 6 月 23 日にドイツ軍の機雷源に進入し、沈没しました。",
            "price_gold": 0,
            "ship_id_str": "PRSD206",
            "has_demo_profile": false,
            "images": {
                "small": "https://wows-gloss-icons.wgcdn.co/icons/vehicle/small/PRSD206_888f2ff51238f5c02ad3ccb5825078ac3f116cc3fa9a5b1f10de8a864db82c3b.png",
                "large": "https://wows-gloss-icons.wgcdn.co/icons/vehicle/large/PRSD206_fb228963ef0abe5d7f35f2ca3db157c9707a768d4d25843912a74c04f9c41186.png",
                "medium": "https://wows-gloss-icons.wgcdn.co/icons/vehicle/medium/PRSD206_c0f69d9974690b351bcf3a9c813262c3a78422b46c12f57b7150f42ed59c9178.png",
                "contour": "https://wows-gloss-icons.wgcdn.co/icons/vehicle/contour/PRSD206_4c8c60582edef0a42c2b2a16b246424a8f755cf7fe927f32431200bf7f5a77ad.png"
            },
            "modules": {
                "engine": [
                    3768430032
                ],
                "torpedo_bomber": [],
                "fighter": [],
                "hull": [
                    3767283152,
                    3766234576
                ],
                "artillery": [
                    3747589584
                ],
                "torpedoes": [
                    3756404176,
                    3755355600
                ],
                "fire_control": [
                    3755388368,
                    3756436944
                ],
                "sonar": [],
                "flight_control": [],
                "dive_bomber": []
            },
            "modules_tree": {
                "3747589584": {
                    "name": "130 mm/50 Model 1936 (B-13-IIc 砲座)",
                    "next_modules": null,
                    "is_default": true,
                    "price_xp": 0,
                    "price_credit": 170000,
                    "next_ships": null,
                    "module_id": 3747589584,
                    "type": "Artillery",
                    "module_id_str": "PRUA522"
                },
                "3766234576": {
                    "name": "Gnevny (B)",
                    "next_modules": null,
                    "is_default": false,
                    "price_xp": 10700,
                    "price_credit": 860000,
                    "next_ships": [
                        4077794768
                    ],
                    "module_id": 3766234576,
                    "type": "Hull",
                    "module_id_str": "PRUH504"
                },
                "3768430032": {
                    "name": "推力: 48,000 馬力",
                    "next_modules": null,
                    "is_default": true,
                    "price_xp": 0,
                    "price_credit": 150000,
                    "next_ships": null,
                    "module_id": 3768430032,
                    "type": "Engine",
                    "module_id_str": "PRUE502"
                },
                "3755355600": {
                    "name": "53-39 mod. 1",
                    "next_modules": null,
                    "is_default": false,
                    "price_xp": 5900,
                    "price_credit": 480000,
                    "next_ships": [
                        4183209424
                    ],
                    "module_id": 3755355600,
                    "type": "Torpedoes",
                    "module_id_str": "PRUT514"
                },
                "3756436944": {
                    "name": "GFCS VI mod. 1",
                    "next_modules": [
                        3755388368
                    ],
                    "is_default": true,
                    "price_xp": 0,
                    "price_credit": 180000,
                    "next_ships": null,
                    "module_id": 3756436944,
                    "type": "Suo",
                    "module_id_str": "PRUS513"
                },
                "3767283152": {
                    "name": "Gnevny (A)",
                    "next_modules": [
                        3766234576
                    ],
                    "is_default": true,
                    "price_xp": 0,
                    "price_credit": 380000,
                    "next_ships": null,
                    "module_id": 3767283152,
                    "type": "Hull",
                    "module_id_str": "PRUH503"
                },
                "3756404176": {
                    "name": "53-38",
                    "next_modules": [
                        3755355600
                    ],
                    "is_default": true,
                    "price_xp": 0,
                    "price_credit": 250000,
                    "next_ships": null,
                    "module_id": 3756404176,
                    "type": "Torpedoes",
                    "module_id_str": "PRUT513"
                },
                "3755388368": {
                    "name": "GFCS VI mod. 2",
                    "next_modules": null,
                    "is_default": false,
                    "price_xp": 7200,
                    "price_credit": 580000,
                    "next_ships": null,
                    "module_id": 3755388368,
                    "type": "Suo",
                    "module_id_str": "PRUS514"
                }
            },
            "nation": "ussr",
            "is_premium": false,
            "ship_id": 4078843344,
            "price_credit": 2990000,
            "default_profile": {
                "engine": {
                    "engine_id_str": "PRUE502",
                    "max_speed": 38.0,
                    "engine_id": 3768430032
                },
                "torpedo_bomber": null,
                "anti_aircraft": {
                    "slots": {
                        "0": {
                            "distance": -1.0,
                            "avg_damage": null,
                            "caliber": 12,
                            "name": "12.7 mm DShK",
                            "guns": 4
                        },
                        "1": {
                            "distance": -1.0,
                            "avg_damage": null,
                            "caliber": 45,
                            "name": "45 mm 21-K 砲座",
                            "guns": 3
                        },
                        "2": {
                            "distance": -1.0,
                            "avg_damage": null,
                            "caliber": 76,
                            "name": "76 mm Model 1935 (34-K 砲座)",
                            "guns": 2
                        }
                    },
                    "defense": 25
                },
                "depth_charge": {
                    "num_bombs_in_pack": 8,
                    "bomb_max_damage": 2400,
                    "max_packs": 2,
                    "reload_time": 40.0
                },
                "mobility": {
                    "rudder_time": 6.1,
                    "total": 68,
                    "max_speed": 38.0,
                    "turning_radius": 610
                },
                "hull": {
                    "hull_id": 3767283152,
                    "hull_id_str": "PRUH503",
                    "torpedoes_barrels": 2,
                    "anti_aircraft_barrels": 9,
                    "range": {
                        "max": 19,
                        "min": 10
                    },
                    "health": 12000,
                    "planes_amount": null,
                    "artillery_barrels": 4,
                    "atba_barrels": 0
                },
                "atbas": {
                    "distance": 0.0
                },
                "artillery": {
                    "max_dispersion": 96,
                    "shells": {
                        "AP": {
                            "burn_probability": null,
                            "bullet_speed": 870,
                            "name": "SAP-46",
                            "damage": 2500,
                            "bullet_mass": 34,
                            "type": "AP"
                        },
                        "HE": {
                            "burn_probability": 8.0,
                            "bullet_speed": 870,
                            "name": "HE-46",
                            "damage": 1900,
                            "bullet_mass": 33,
                            "type": "HE"
                        }
                    },
                    "shot_delay": 5.0,
                    "rotation_time": 12.0,
                    "distance": 10.8,
                    "artillery_id": 3747589584,
                    "artillery_id_str": "PRUA522",
                    "slots": {
                        "0": {
                            "barrels": 1,
                            "name": "130 mm/50 Model 1936 (B-13-IIc 砲座)",
                            "guns": 4
                        }
                    },
                    "gun_rate": 12.0
                },
                "torpedoes": {
                    "visibility_dist": 1.2,
                    "distance": 6.0,
                    "torpedoes_id": 3756404176,
                    "torpedo_name": "53-38 mod. 1",
                    "reload_time": 66,
                    "torpedo_speed": 59,
                    "rotation_time": 7.2,
                    "torpedoes_id_str": "PRUT513",
                    "slots": {
                        "0": {
                            "barrels": 3,
                            "caliber": 533,
                            "name": "533 mm 三連装 39-U",
                            "guns": 2
                        }
                    },
                    "max_damage": 11233
                },
                "fighters": null,
                "submarine_mobility": null,
                "fire_control": {
                    "fire_control_id": 3756436944,
                    "distance": 0.0,
                    "distance_increase": null,
                    "fire_control_id_str": "PRUS513"
                },
                "submarine_sonar": null,
                "battle_level_range_max": 8,
                "battle_level_range_min": 6,
                "flight_control": null,
                "submarine_battery": null,
                "concealment": {
                    "total": 92,
                    "detect_distance_by_plane": 2.9,
                    "detect_distance_by_submarine": 2.9,
                    "detect_distance_by_ship": 6.8
                },
                "armour": {
                    "casemate": {
                        "max": -1,
                        "min": -1
                    },
                    "deck": {
                        "max": -1,
                        "min": -1
                    },
                    "flood_damage": 0,
                    "range": {
                        "max": 19,
                        "min": 10
                    },
                    "health": 12000,
                    "extremities": {
                        "max": -1,
                        "min": -1
                    },
                    "total": 20,
                    "citadel": {
                        "max": -1,
                        "min": -1
                    }
                },
                "weaponry": {
                    "torpedoes": 11,
                    "aircraft": 0,
                    "artillery": 55,
                    "anti_aircraft": 25
                },
                "dive_bomber": null
            },
            "upgrades": [
                4273131440,
                4259499952,
                4261597104,
                4262645680,
                4220702640,
                4287811504,
                4268937136,
                4269985712,
                4267888560,
                4275228592
            ],
            "tier": 6,
            "next_ships": {
                "4077794768": 68000,
                "4183209424": 40000
            },
            "mod_slots": 4,
            "type": "Destroyer",
            "is_special": false,
            "name": "Gnevny"
        }
    }
}