{
    "status": "ok",
    "meta": {
        "count": 1,
        "page_total": 1,
        "total": 1,
        "limit": 100,
        "page": 1
    },
    "data": {
        "4077828080": {
            "description": "ブルックリン級の設計は巡洋艦ニューオーリンズの船体に基づいており、ロンドン海軍軍縮条約による制限と、当時日本で建造中だった最上型巡洋艦の諸元を考慮して開発されました。その後、設計を改良した巡洋艦が 2 隻発注され、そのうちの 1 隻がヘレナでした。第二次世界大戦が始まると、本艦は太平洋で運用されました。ヘレナは真珠湾攻撃で損害を被りましたが、サボ島沖海戦やガダルカナル島の戦いなどの重要な戦闘に参加し続けました。しかし、本艦は最終的に 1943 年 7 月 6 日のクラ湾夜戦で失われました。",
            "price_gold": 0,
            "ship_id_str": "PASC207",
            "has_demo_profile": false,
            "images": {
                "small": "https://wows-gloss-icons.wgcdn.co/icons/vehicle/small/PASC207_e4d8422459b071f8e81053c0c7e0083ffa550efc2c0358a1547c06643fb9bf17.png",
                "large": "https://wows-gloss-icons.wgcdn.co/icons/vehicle/large/PASC207_bedfd0e1f3c52855fcc0b5daa058e015effb832441284b360dd50a559cfaacc6.png",
                "medium": "https://wows-gloss-icons.wgcdn.co/icons/vehicle/medium/PASC207_19abe889afc6a8d4116ff491c66c54d012bfe331be4a1bfa51d1d880f4f547b6.png",
                "contour": "https://wows-gloss-icons.wgcdn.co/icons/vehicle/contour/PASC207_d81c033b028f2a3b3d957dd0ffbf53038dbdca899e7c3e6dbda853737f66d505.png"
            },
            "modules": {
                "engine": [
                    3660427248
                ],
                "torpedo_bomber": [],
                "fighter": [],
                "hull": [
                    3660328944,
                    3661377520
                ],
                "artillery": [
                    3662655472
                ],
                "torpedoes": [],
                "fire_control": [
                    3661017072,
                    3662065648
                ],
                "sonar": [],
                "flight_control": [],
                "dive_bomber": []
            },
            "modules_tree": {
                "3661377520": {
                    "name": "Helena (A)",
                    "next_modules": [
                        3660328944
                    ],
                    "is_default": true,
                    "price_xp": 0,
                    "price_credit": 605000,
                    "next_ships": null,
                    "module_id": 3661377520,
                    "type": "Hull",
                    "module_id_str": "PAUH604"
                },
                "3660328944": {
                    "name": "Helena (B)",
                    "next_modules": null,
                    "is_default": false,
                    "price_xp": 14300,
                    "price_credit": 1150000,
                    "next_ships": [
                        4076779504
                    ],
                    "module_id": 3660328944,
                    "type": "Hull",
                    "module_id_str": "PAUH605"
                },
                "3661017072": {
                    "name": "Mk7 mod. 2",
                    "next_modules": null,
                    "is_default": false,
                    "price_xp": 16700,
                    "price_credit": 970000,
                    "next_ships": null,
                    "module_id": 3661017072,
                    "type": "Suo",
                    "module_id_str": "PAUS604"
                },
                "3662065648": {
                    "name": "Mk7 mod. 1",
                    "next_modules": [
                        3661017072
                    ],
                    "is_default": true,
                    "price_xp": 0,
                    "price_credit": 390000,
                    "next_ships": null,
                    "module_id": 3662065648,
                    "type": "Suo",
                    "module_id_str": "PAUS603"
                },
                "3660427248": {
                    "name": "推力: 100,000 馬力",
                    "next_modules": null,
                    "is_default": true,
                    "price_xp": 0,
                    "price_credit": 395000,
                    "next_ships": null,
                    "module_id": 3660427248,
                    "type": "Engine",
                    "module_id_str": "PAUE605"
                },
                "3662655472": {
                    "name": "152 mm/47 Mk.16 (砲塔)",
                    "next_modules": null,
                    "is_default": true,
                    "price_xp": 0,
                    "price_credit": 435000,
                    "next_ships": null,
                    "module_id": 3662655472,
                    "type": "Artillery",
                    "module_id_str": "PAUA603"
                }
            },
            "nation": "usa",
            "is_premium": false,
            "ship_id": 4077828080,
            "price_credit": 5800000,
            "default_profile": {
                "engine": {
                    "engine_id_str": "PAUE605",
                    "max_speed": 32.5,
                    "engine_id": 3660427248
                },
                "torpedo_bomber": null,
                "anti_aircraft": {
                    "slots": {
                        "0": {
                            "distance": -1.0,
                            "avg_damage": null,
                            "caliber": 20,
                            "name": "20 mm Oerlikon (Mk.4 砲座)",
                            "guns": 10
                        },
                        "1": {
                            "distance": -1.0,
                            "avg_damage": null,
                            "caliber": 20,
                            "name": "20 mm Oerlikon (Mk.24 砲座)",
                            "guns": 4
                        },
                        "2": {
                            "distance": -1.0,
                            "avg_damage": null,
                            "caliber": 28,
                            "name": "28 mm Mk.1 (Mk.2 砲座)",
                            "guns": 8
                        },
                        "3": {
                            "distance": -1.0,
                            "avg_damage": null,
                            "caliber": 127,
                            "name": "127 mm/38 Mk.12 (Mk.29 砲座)",
                            "guns": 4
                        }
                    },
                    "defense": 54
                },
                "depth_charge": null,
                "mobility": {
                    "rudder_time": 12.8,
                    "total": 51,
                    "max_speed": 32.5,
                    "turning_radius": 680
                },
                "hull": {
                    "hull_id": 3661377520,
                    "hull_id_str": "PAUH604",
                    "torpedoes_barrels": 0,
                    "anti_aircraft_barrels": 26,
                    "range": {
                        "max": 165,
                        "min": 6
                    },
                    "health": 28700,
                    "planes_amount": null,
                    "artillery_barrels": 5,
                    "atba_barrels": 4
                },
                "atbas": {
                    "distance": 5.6,
                    "slots": {
                        "0": {
                            "burn_probability": 5.0,
                            "bullet_speed": 792,
                            "name": "127 mm HE Mk32",
                            "shot_delay": 6.0,
                            "damage": 1800,
                            "bullet_mass": 25,
                            "type": "HE",
                            "gun_rate": 10.0
                        }
                    }
                },
                "artillery": {
                    "max_dispersion": 124,
                    "shells": {
                        "AP": {
                            "burn_probability": null,
                            "bullet_speed": 762,
                            "name": "152 mm AP Mk35",
                            "damage": 3200,
                            "bullet_mass": 59,
                            "type": "AP"
                        },
                        "HE": {
                            "burn_probability": 12.0,
                            "bullet_speed": 812,
                            "name": "152 mm HE/HC Mk34",
                            "damage": 2200,
                            "bullet_mass": 48,
                            "type": "HE"
                        }
                    },
                    "shot_delay": 8.0,
                    "rotation_time": 22.5,
                    "distance": 13.2,
                    "artillery_id": 3662655472,
                    "artillery_id_str": "PAUA603",
                    "slots": {
                        "0": {
                            "barrels": 3,
                            "name": "152 mm/47 Mk.16 (砲塔)",
                            "guns": 5
                        }
                    },
                    "gun_rate": 7.1
                },
                "torpedoes": null,
                "fighters": null,
                "submarine_mobility": null,
                "fire_control": {
                    "fire_control_id": 3662065648,
                    "distance": 0.0,
                    "distance_increase": null,
                    "fire_control_id_str": "PAUS603"
                },
                "submarine_sonar": null,
                "battle_level_range_max": 9,
                "battle_level_range_min": 7,
                "flight_control": null,
                "submarine_battery": null,
                "concealment": {
                    "total": 62,
                    "detect_distance_by_plane": 6.4,
                    "detect_distance_by_submarine": 6.4,
                    "detect_distance_by_ship": 11.5
                },
                "armour": {
                    "casemate": {
                        "max": -1,
                        "min": -1
                    },
                    "deck": {
                        "max": -1,
                        "min": -1
                    },
                    "flood_damage": 4,
                    "range": {
                        "max": 165,
                        "min": 6
                    },
                    "health": 28700,
                    "extremities": {
                        "max": -1,
                        "min": -1
                    },
                    "total": 40,
                    "citadel": {
                        "max": -1,
                        "min": -1
                    }
                },
                "weaponry": {
                    "torpedoes": 0,
                    "aircraft": 0,
                    "artillery": 67,
                    "anti_aircraft": 54
                },
                "dive_bomber": null
            },
            "upgrades": [
                4273131440,
                4259499952,
                4261597104,
                4262645680,
                4287811504,
                4268937136,
                4267888560,
                4275228592,
                4269985712,
                4281520048
            ],
            "tier": 7,
            "next_ships": {
                "4076779504": 110000
            },
            "mod_slots": 4,
            "type": "Cruiser",
            "is_special": false,
            "name": "Helena"
        }
    }
}