{
    "status": "ok",
    "meta": {
        "count": 1,
        "page_total": 1,
        "total": 1,
        "limit": 100,
        "page": 1
    },
    "data": {
        "4181636432": {
            "description": "1947 年、リオデジャネイロで米州相互援助条約が調印され、アルゼンチン、ブラジル、チリはアメリカで旧式となったブルックリン級巡洋艦を購入して艦隊を強化することになりました。各国がアメリカに新型巡洋艦の建造を発注していた場合、最新のウースター級巡洋艦が計画案の基礎として利用されていたことになります。それを具現化したのが、このイグナシオ・アジェンテです。",
            "price_gold": 0,
            "ship_id_str": "PVSC108",
            "has_demo_profile": false,
            "images": {
                "small": "https://wows-gloss-icons.wgcdn.co/icons/vehicle/small/PVSC108_7bc9d7244efbd92cc59ff2fc94e439de1700194f97daea4e51ae7a943c484275.png",
                "large": "https://wows-gloss-icons.wgcdn.co/icons/vehicle/large/PVSC108_c72e8cac3d7ff59de083ab0b90d71c1abeac58fb765f30d3c6e1d82c3818a795.png",
                "medium": "https://wows-gloss-icons.wgcdn.co/icons/vehicle/medium/PVSC108_331861a229772d562fae9a4e8053c08021b2332097f61da2497caec563134aeb.png",
                "contour": "https://wows-gloss-icons.wgcdn.co/icons/vehicle/contour/PVSC108_b8d2850fe30b2ec554f4b7d835006c41618ce9c35bb002befc05052106de3eca.png"
            },
            "modules": {
                "engine": [
                    3558714704
                ],
                "torpedo_bomber": [],
                "fighter": [],
                "hull": [
                    3558616400,
                    3557567824
                ],
                "artillery": [
                    3558845776
                ],
                "torpedoes": [
                    3559271760
                ],
                "fire_control": [
                    3558255952,
                    3557207376
                ],
                "sonar": [],
                "flight_control": [],
                "dive_bomber": []
            },
            "modules_tree": {
                "3557567824": {
                    "name": "Ignacio Allende (B)",
                    "next_modules": null,
                    "is_default": false,
                    "price_xp": 36000,
                    "price_credit": 2100000,
                    "next_ships": [
                        4180587856
                    ],
                    "module_id": 3557567824,
                    "type": "Hull",
                    "module_id_str": "PVUH703"
                },
                "3558255952": {
                    "name": "Mk8 mod. 1",
                    "next_modules": [
                        3557207376
                    ],
                    "is_default": true,
                    "price_xp": 0,
                    "price_credit": 900000,
                    "next_ships": null,
                    "module_id": 3558255952,
                    "type": "Suo",
                    "module_id_str": "PVUS702"
                },
                "3558845776": {
                    "name": "152 mm/47 DP Mk.16 (砲塔)",
                    "next_modules": null,
                    "is_default": true,
                    "price_xp": 0,
                    "price_credit": 900000,
                    "next_ships": null,
                    "module_id": 3558845776,
                    "type": "Artillery",
                    "module_id_str": "PVUA702"
                },
                "3558616400": {
                    "name": "Ignacio Allende (A)",
                    "next_modules": [
                        3557567824
                    ],
                    "is_default": true,
                    "price_xp": 0,
                    "price_credit": 1350000,
                    "next_ships": null,
                    "module_id": 3558616400,
                    "type": "Hull",
                    "module_id_str": "PVUH702"
                },
                "3559271760": {
                    "name": "533 mm Mk VIII",
                    "next_modules": null,
                    "is_default": true,
                    "price_xp": 0,
                    "price_credit": 900000,
                    "next_ships": null,
                    "module_id": 3559271760,
                    "type": "Torpedoes",
                    "module_id_str": "PVUT701"
                },
                "3557207376": {
                    "name": "Mk8 mod. 2",
                    "next_modules": null,
                    "is_default": false,
                    "price_xp": 24000,
                    "price_credit": 1400000,
                    "next_ships": null,
                    "module_id": 3557207376,
                    "type": "Suo",
                    "module_id_str": "PVUS703"
                },
                "3558714704": {
                    "name": "推力: 120,000 馬力",
                    "next_modules": null,
                    "is_default": true,
                    "price_xp": 0,
                    "price_credit": 900000,
                    "next_ships": null,
                    "module_id": 3558714704,
                    "type": "Engine",
                    "module_id_str": "PVUE702"
                }
            },
            "nation": "pan_america",
            "is_premium": false,
            "ship_id": 4181636432,
            "price_credit": 9000000,
            "default_profile": {
                "engine": {
                    "engine_id_str": "PVUE702",
                    "max_speed": 33.0,
                    "engine_id": 3558714704
                },
                "torpedo_bomber": null,
                "anti_aircraft": {
                    "slots": {
                        "0": {
                            "distance": -1.0,
                            "avg_damage": null,
                            "caliber": 20,
                            "name": "20 mm Oerlikon (Mk.4 砲座)",
                            "guns": 23
                        },
                        "1": {
                            "distance": -1.0,
                            "avg_damage": null,
                            "caliber": 76,
                            "name": "76.2 mm/50 Mk.22 (Mk.33 砲座)",
                            "guns": 3
                        },
                        "2": {
                            "distance": -1.0,
                            "avg_damage": null,
                            "caliber": 152,
                            "name": "152 mm/47 DP Mk.16 (砲塔)",
                            "guns": 4
                        }
                    },
                    "defense": 69
                },
                "depth_charge": null,
                "mobility": {
                    "rudder_time": 13.9,
                    "total": 52,
                    "max_speed": 33.0,
                    "turning_radius": 660
                },
                "hull": {
                    "hull_id": 3558616400,
                    "hull_id_str": "PVUH702",
                    "torpedoes_barrels": 2,
                    "anti_aircraft_barrels": 30,
                    "range": {
                        "max": 178,
                        "min": 13
                    },
                    "health": 34900,
                    "planes_amount": null,
                    "artillery_barrels": 4,
                    "atba_barrels": 0
                },
                "atbas": {
                    "distance": 0.0
                },
                "artillery": {
                    "max_dispersion": 118,
                    "shells": {
                        "AP": {
                            "burn_probability": null,
                            "bullet_speed": 812,
                            "name": "152 mm AP 130 lb Mk35",
                            "damage": 3400,
                            "bullet_mass": 59,
                            "type": "AP"
                        }
                    },
                    "shot_delay": 7.0,
                    "rotation_time": 7.2,
                    "distance": 13.8,
                    "artillery_id": 3558845776,
                    "artillery_id_str": "PVUA702",
                    "slots": {
                        "0": {
                            "barrels": 2,
                            "name": "152 mm/47 DP Mk.16 (砲塔)",
                            "guns": 4
                        }
                    },
                    "gun_rate": 8.6
                },
                "torpedoes": {
                    "visibility_dist": 1.1,
                    "distance": 8.0,
                    "torpedoes_id": 3559271760,
                    "torpedo_name": "533 mm Mk 15B",
                    "reload_time": 96,
                    "torpedo_speed": 62,
                    "rotation_time": 7.2,
                    "torpedoes_id_str": "PVUT701",
                    "slots": {
                        "0": {
                            "barrels": 4,
                            "caliber": 533,
                            "name": "533 mm Mk14",
                            "guns": 2
                        }
                    },
                    "max_damage": 16633
                },
                "fighters": null,
                "submarine_mobility": null,
                "fire_control": {
                    "fire_control_id": 3558255952,
                    "distance": 0.0,
                    "distance_increase": null,
                    "fire_control_id_str": "PVUS702"
                },
                "submarine_sonar": null,
                "battle_level_range_max": 10,
                "battle_level_range_min": 8,
                "flight_control": null,
                "submarine_battery": null,
                "concealment": {
                    "total": 53,
                    "detect_distance_by_plane": 8.5,
                    "detect_distance_by_submarine": 8.5,
                    "detect_distance_by_ship": 12.6
                },
                "armour": {
                    "casemate": {
                        "max": -1,
                        "min": -1
                    },
                    "deck": {
                        "max": -1,
                        "min": -1
                    },
                    "flood_damage": 7,
                    "range": {
                        "max": 178,
                        "min": 13
                    },
                    "health": 34900,
                    "extremities": {
                        "max": -1,
                        "min": -1
                    },
                    "total": 48,
                    "citadel": {
                        "max": -1,
                        "min": -1
                    }
                },
                "weaponry": {
                    "torpedoes": 21,
                    "aircraft": 0,
                    "artillery": 51,
                    "anti_aircraft": 69
                },
                "dive_bomber": null
            },
            "upgrades": [
                4273131440,
                4265791408,
                4220702640,
                4257402800,
                4259499952,
                4261597104,
                4262645680,
                4287811504,
                4266839984,
                4268937136,
                4267888560,
                4275228592,
                4269985712
            ],
            "tier": 8,
            "next_ships": {
                "4180587856": 170000
            },
            "mod_slots": 5,
            "type": "Cruiser",
            "is_special": false,
            "name": "Ignacio Allende"
        }
    }
}