{
    "status": "ok",
    "meta": {
        "count": 1,
        "page_total": 1,
        "total": 1,
        "limit": 100,
        "page": 1
    },
    "data": {
        "4276041040": {
            "description": "イピランガは、1920 年代から 1930 年代にかけてのイギリスの造船技術の進歩を反映して開発された、ブラジル海軍用の戦艦の設計案です。本艦の特徴は、1940 年代にアメリカで近代化改装を受けたとすれば搭載されたであろう、アメリカ製の両用砲と対空兵装です。",
            "price_gold": 0,
            "ship_id_str": "PVSB018",
            "has_demo_profile": false,
            "images": {
                "small": "https://wows-gloss-icons.wgcdn.co/icons/vehicle/small/PVSB018_ffab1c09487d37174c7e42049497c1ac3e3f2f9ff4e7d73f773b16abdcae7b48.png",
                "large": "https://wows-gloss-icons.wgcdn.co/icons/vehicle/large/PVSB018_70dc0a1a167a720fc9355eb12f45d44f959e6e072dd6233d00327665129b15e6.png",
                "medium": "https://wows-gloss-icons.wgcdn.co/icons/vehicle/medium/PVSB018_25b14293519f7063b1c246bd39403255a0ef32e911e439edb52ad61364160914.png",
                "contour": "https://wows-gloss-icons.wgcdn.co/icons/vehicle/contour/PVSB018_48b0615e1a580168506a576c3e84fee6a03144a353b2cc7ca420c1d110e93653.png"
            },
            "modules": {
                "engine": [
                    3541937488
                ],
                "torpedo_bomber": [],
                "fighter": [],
                "hull": [
                    3541839184,
                    3542887760
                ],
                "artillery": [
                    3542068560
                ],
                "torpedoes": [],
                "fire_control": [
                    3541478736,
                    3542527312
                ],
                "sonar": [],
                "flight_control": [],
                "dive_bomber": []
            },
            "modules_tree": {
                "3542887760": {
                    "name": "Ipiranga (A)",
                    "next_modules": [
                        3541839184
                    ],
                    "is_default": true,
                    "price_xp": 0,
                    "price_credit": 1650000,
                    "next_ships": null,
                    "module_id": 3542887760,
                    "type": "Hull",
                    "module_id_str": "PVUH717"
                },
                "3542068560": {
                    "name": "356 mm/45 Mk.VII (Mk.II/Mk.III 砲座)",
                    "next_modules": null,
                    "is_default": true,
                    "price_xp": 0,
                    "price_credit": 1100000,
                    "next_ships": null,
                    "module_id": 3542068560,
                    "type": "Artillery",
                    "module_id_str": "PVUA718"
                },
                "3541839184": {
                    "name": "Ipiranga (B)",
                    "next_modules": null,
                    "is_default": false,
                    "price_xp": 52000,
                    "price_credit": 3900000,
                    "next_ships": [
                        4274992464
                    ],
                    "module_id": 3541839184,
                    "type": "Hull",
                    "module_id_str": "PVUH718"
                },
                "3541478736": {
                    "name": "Mk8 mod. 2",
                    "next_modules": null,
                    "is_default": false,
                    "price_xp": 23500,
                    "price_credit": 1500000,
                    "next_ships": null,
                    "module_id": 3541478736,
                    "type": "Suo",
                    "module_id_str": "PVUS718"
                },
                "3542527312": {
                    "name": "Mk8 mod. 1",
                    "next_modules": [
                        3541478736
                    ],
                    "is_default": true,
                    "price_xp": 0,
                    "price_credit": 600000,
                    "next_ships": null,
                    "module_id": 3542527312,
                    "type": "Suo",
                    "module_id_str": "PVUS717"
                },
                "3541937488": {
                    "name": "推力: 150,200 馬力",
                    "next_modules": null,
                    "is_default": true,
                    "price_xp": 0,
                    "price_credit": 380000,
                    "next_ships": null,
                    "module_id": 3541937488,
                    "type": "Engine",
                    "module_id_str": "PVUE718"
                }
            },
            "nation": "pan_america",
            "is_premium": false,
            "ship_id": 4276041040,
            "price_credit": 11000000,
            "default_profile": {
                "engine": {
                    "engine_id_str": "PVUE718",
                    "max_speed": 29.0,
                    "engine_id": 3541937488
                },
                "torpedo_bomber": null,
                "anti_aircraft": {
                    "slots": {
                        "0": {
                            "distance": -1.0,
                            "avg_damage": null,
                            "caliber": 20,
                            "name": "20 mm Oerlikon (Mk.4 砲座)",
                            "guns": 30
                        },
                        "1": {
                            "distance": -1.0,
                            "avg_damage": null,
                            "caliber": 40,
                            "name": "40 mm Bofors (Mk.1 砲座)",
                            "guns": 12
                        },
                        "2": {
                            "distance": -1.0,
                            "avg_damage": null,
                            "caliber": 127,
                            "name": "127 mm/38 Mk.12 (Mk.24 砲座)",
                            "guns": 6
                        }
                    },
                    "defense": 64
                },
                "depth_charge": null,
                "mobility": {
                    "rudder_time": 16.9,
                    "total": 39,
                    "max_speed": 29.0,
                    "turning_radius": 820
                },
                "hull": {
                    "hull_id": 3542887760,
                    "hull_id_str": "PVUH717",
                    "torpedoes_barrels": 0,
                    "anti_aircraft_barrels": 48,
                    "range": {
                        "max": 356,
                        "min": 19
                    },
                    "health": 59700,
                    "planes_amount": null,
                    "artillery_barrels": 6,
                    "atba_barrels": 14
                },
                "atbas": {
                    "distance": 7.6,
                    "slots": {
                        "0": {
                            "burn_probability": 9.0,
                            "bullet_speed": 884,
                            "name": "152 mm HE Mk V",
                            "shot_delay": 8.0,
                            "damage": 2600,
                            "bullet_mass": 51,
                            "type": "HE",
                            "gun_rate": 7.5
                        },
                        "1": {
                            "burn_probability": 5.0,
                            "bullet_speed": 792,
                            "name": "127 mm HE Mk32",
                            "shot_delay": 5.0,
                            "damage": 1800,
                            "bullet_mass": 25,
                            "type": "HE",
                            "gun_rate": 12.0
                        }
                    }
                },
                "artillery": {
                    "max_dispersion": 229,
                    "shells": {
                        "AP": {
                            "burn_probability": null,
                            "bullet_speed": 757,
                            "name": "356 mm AP Mk VIIb",
                            "damage": 9800,
                            "bullet_mass": 721,
                            "type": "AP"
                        },
                        "HE": {
                            "burn_probability": 31.0,
                            "bullet_speed": 747,
                            "name": "356 mm HE Mk VIIb",
                            "damage": 5000,
                            "bullet_mass": 721,
                            "type": "HE"
                        }
                    },
                    "shot_delay": 33.0,
                    "rotation_time": 30.0,
                    "distance": 17.0,
                    "artillery_id": 3542068560,
                    "artillery_id_str": "PVUA718",
                    "slots": {
                        "0": {
                            "barrels": 2,
                            "name": "356 mm/45 Mk.VII (Mk.II 砲座)",
                            "guns": 6
                        }
                    },
                    "gun_rate": 1.8
                },
                "torpedoes": null,
                "fighters": null,
                "submarine_mobility": null,
                "fire_control": {
                    "fire_control_id": 3542527312,
                    "distance": 0.0,
                    "distance_increase": null,
                    "fire_control_id_str": "PVUS717"
                },
                "submarine_sonar": null,
                "battle_level_range_max": 10,
                "battle_level_range_min": 8,
                "flight_control": null,
                "submarine_battery": null,
                "concealment": {
                    "total": 37,
                    "detect_distance_by_plane": 10.0,
                    "detect_distance_by_submarine": 10.0,
                    "detect_distance_by_ship": 15.2
                },
                "armour": {
                    "casemate": {
                        "max": -1,
                        "min": -1
                    },
                    "deck": {
                        "max": -1,
                        "min": -1
                    },
                    "flood_damage": 31,
                    "range": {
                        "max": 356,
                        "min": 19
                    },
                    "health": 59700,
                    "extremities": {
                        "max": -1,
                        "min": -1
                    },
                    "total": 75,
                    "citadel": {
                        "max": -1,
                        "min": -1
                    }
                },
                "weaponry": {
                    "torpedoes": 0,
                    "aircraft": 0,
                    "artillery": 82,
                    "anti_aircraft": 64
                },
                "dive_bomber": null
            },
            "upgrades": [
                4273131440,
                4266839984,
                4259499952,
                4261597104,
                4262645680,
                4265791408,
                4287811504,
                4267888560,
                4275228592,
                4269985712,
                4281520048
            ],
            "tier": 8,
            "next_ships": {
                "4274992464": 180000
            },
            "mod_slots": 5,
            "type": "Battleship",
            "is_special": false,
            "name": "Ipiranga"
        }
    }
}