{
    "status": "ok",
    "meta": {
        "count": 1,
        "page_total": 1,
        "total": 1,
        "limit": 100,
        "page": 1
    },
    "data": {
        "4185798096": {
            "description": "第一次世界大戦に向けて、国際的な緊張に伴い、集中的な造船計画が採用されるようになり、バルト海艦隊向けに 36 隻の駆逐艦を建造する提案がなされました。5 つのシリーズの 3 番目は、最大かつ最も重武装のイズィヤスラフ級駆逐艦で構成されていました。本級のリードシップはムーンサウンド海戦とバルト海艦隊の氷中行軍に参加しました。1922 年、本艦は「カルル・マルクス」と改名されました。",
            "price_gold": 0,
            "ship_id_str": "PRSD104",
            "has_demo_profile": false,
            "images": {
                "small": "https://wows-gloss-icons.wgcdn.co/icons/vehicle/small/PRSD104_1e906dcb9379316061196bffcbd45620ec0b4dd8ee4f31c5c887a9abaec2e45e.png",
                "large": "https://wows-gloss-icons.wgcdn.co/icons/vehicle/large/PRSD104_02be33dce16e74e0e8e443072608626c60cd024eefc495f1509cfec747a89d5b.png",
                "medium": "https://wows-gloss-icons.wgcdn.co/icons/vehicle/medium/PRSD104_09c53ea9abde5b715b940fffeaa8fc6c719c9f27e07d57f72a555e9561ffeca6.png",
                "contour": "https://wows-gloss-icons.wgcdn.co/icons/vehicle/contour/PRSD104_ac70774c6d8c6719741f284355cabf2a8c6c50d89fa4a228b043756972b2df68.png"
            },
            "modules": {
                "engine": [
                    3979193808
                ],
                "torpedo_bomber": [],
                "fighter": [],
                "hull": [
                    3978046928,
                    3979095504
                ],
                "artillery": [
                    3968839120
                ],
                "torpedoes": [
                    3957730768,
                    3978702288
                ],
                "fire_control": [
                    3977686480,
                    3978735056
                ],
                "sonar": [],
                "flight_control": [],
                "dive_bomber": []
            },
            "modules_tree": {
                "3978702288": {
                    "name": "Torpedo Model 1910",
                    "next_modules": [
                        3957730768
                    ],
                    "is_default": true,
                    "price_xp": 0,
                    "price_credit": 18000,
                    "next_ships": null,
                    "module_id": 3978702288,
                    "type": "Torpedoes",
                    "module_id_str": "PRUT301"
                },
                "3979095504": {
                    "name": "Izyaslav (A)",
                    "next_modules": [
                        3978046928
                    ],
                    "is_default": true,
                    "price_xp": 0,
                    "price_credit": 80000,
                    "next_ships": null,
                    "module_id": 3979095504,
                    "type": "Hull",
                    "module_id_str": "PRUH301"
                },
                "3979193808": {
                    "name": "推力: 32,700 馬力",
                    "next_modules": null,
                    "is_default": true,
                    "price_xp": 0,
                    "price_credit": 38000,
                    "next_ships": null,
                    "module_id": 3979193808,
                    "type": "Engine",
                    "module_id_str": "PRUE301"
                },
                "3978046928": {
                    "name": "Izyaslav (B)",
                    "next_modules": null,
                    "is_default": false,
                    "price_xp": 1500,
                    "price_credit": 230000,
                    "next_ships": [
                        4079891920
                    ],
                    "module_id": 3978046928,
                    "type": "Hull",
                    "module_id_str": "PRUH302"
                },
                "3978735056": {
                    "name": "GFCS IV mod. 1",
                    "next_modules": [
                        3977686480
                    ],
                    "is_default": true,
                    "price_xp": 0,
                    "price_credit": 43000,
                    "next_ships": null,
                    "module_id": 3978735056,
                    "type": "Suo",
                    "module_id_str": "PRUS301"
                },
                "3968839120": {
                    "name": "102 mm/60 Model 1911 (Obukhov Plant 砲座)",
                    "next_modules": null,
                    "is_default": true,
                    "price_xp": 0,
                    "price_credit": 50000,
                    "next_ships": null,
                    "module_id": 3968839120,
                    "type": "Artillery",
                    "module_id_str": "PRUA311"
                },
                "3957730768": {
                    "name": "Torpedo Model 1912",
                    "next_modules": null,
                    "is_default": false,
                    "price_xp": 850,
                    "price_credit": 125000,
                    "next_ships": [
                        4185896400
                    ],
                    "module_id": 3957730768,
                    "type": "Torpedoes",
                    "module_id_str": "PRUT321"
                },
                "3977686480": {
                    "name": "GFCS IV mod. 2",
                    "next_modules": null,
                    "is_default": false,
                    "price_xp": 1000,
                    "price_credit": 150000,
                    "next_ships": null,
                    "module_id": 3977686480,
                    "type": "Suo",
                    "module_id_str": "PRUS302"
                }
            },
            "nation": "ussr",
            "is_premium": false,
            "ship_id": 4185798096,
            "price_credit": 711000,
            "default_profile": {
                "engine": {
                    "engine_id_str": "PRUE301",
                    "max_speed": 35.0,
                    "engine_id": 3979193808
                },
                "torpedo_bomber": null,
                "anti_aircraft": {
                    "slots": {
                        "0": {
                            "distance": -1.0,
                            "avg_damage": null,
                            "caliber": 7,
                            "name": "7.62 mm Maxim 機銃",
                            "guns": 2
                        },
                        "1": {
                            "distance": -1.0,
                            "avg_damage": null,
                            "caliber": 63,
                            "name": "63 mm Model 1916",
                            "guns": 1
                        }
                    },
                    "defense": 9
                },
                "depth_charge": null,
                "mobility": {
                    "rudder_time": 3.8,
                    "total": 64,
                    "max_speed": 35.0,
                    "turning_radius": 580
                },
                "hull": {
                    "hull_id": 3979095504,
                    "hull_id_str": "PRUH301",
                    "torpedoes_barrels": 3,
                    "anti_aircraft_barrels": 3,
                    "range": {
                        "max": 15,
                        "min": 4
                    },
                    "health": 9400,
                    "planes_amount": null,
                    "artillery_barrels": 5,
                    "atba_barrels": 0
                },
                "atbas": {
                    "distance": 0.0
                },
                "artillery": {
                    "max_dispersion": 84,
                    "shells": {
                        "AP": {
                            "burn_probability": null,
                            "bullet_speed": 823,
                            "name": "102 mm AP Model 1915",
                            "damage": 1800,
                            "bullet_mass": 18,
                            "type": "AP"
                        },
                        "HE": {
                            "burn_probability": 7.0,
                            "bullet_speed": 823,
                            "name": "102 mm HE Model 1915",
                            "damage": 1500,
                            "bullet_mass": 18,
                            "type": "HE"
                        }
                    },
                    "shot_delay": 5.0,
                    "rotation_time": 12.9,
                    "distance": 9.2,
                    "artillery_id": 3968839120,
                    "artillery_id_str": "PRUA311",
                    "slots": {
                        "0": {
                            "barrels": 1,
                            "name": "102 mm/60 Model 1911 (Obukhov Plant 砲座)",
                            "guns": 5
                        }
                    },
                    "gun_rate": 12.0
                },
                "torpedoes": {
                    "visibility_dist": 0.8,
                    "distance": 5.0,
                    "torpedoes_id": 3978702288,
                    "torpedo_name": "Torpedo Model 1910",
                    "reload_time": 41,
                    "torpedo_speed": 51,
                    "rotation_time": 7.2,
                    "torpedoes_id_str": "PRUT301",
                    "slots": {
                        "0": {
                            "barrels": 3,
                            "caliber": 450,
                            "name": "450 mm Goncharov 三連装",
                            "guns": 3
                        }
                    },
                    "max_damage": 6166
                },
                "fighters": null,
                "submarine_mobility": null,
                "fire_control": {
                    "fire_control_id": 3978735056,
                    "distance": 0.0,
                    "distance_increase": null,
                    "fire_control_id_str": "PRUS301"
                },
                "submarine_sonar": null,
                "battle_level_range_max": 5,
                "battle_level_range_min": 4,
                "flight_control": null,
                "submarine_battery": null,
                "concealment": {
                    "total": 93,
                    "detect_distance_by_plane": 2.7,
                    "detect_distance_by_submarine": 2.7,
                    "detect_distance_by_ship": 6.5
                },
                "armour": {
                    "casemate": {
                        "max": -1,
                        "min": -1
                    },
                    "deck": {
                        "max": -1,
                        "min": -1
                    },
                    "flood_damage": 0,
                    "range": {
                        "max": 15,
                        "min": 4
                    },
                    "health": 9400,
                    "extremities": {
                        "max": -1,
                        "min": -1
                    },
                    "total": 14,
                    "citadel": {
                        "max": -1,
                        "min": -1
                    }
                },
                "weaponry": {
                    "torpedoes": 9,
                    "aircraft": 0,
                    "artillery": 45,
                    "anti_aircraft": 9
                },
                "dive_bomber": null
            },
            "upgrades": [
                4273131440,
                4261597104,
                4262645680
            ],
            "tier": 4,
            "next_ships": {
                "4185896400": 11000,
                "4079891920": 11000
            },
            "mod_slots": 2,
            "type": "Destroyer",
            "is_special": false,
            "name": "Izyaslav"
        }
    }
}