{
    "status": "ok",
    "meta": {
        "count": 1,
        "page_total": 1,
        "total": 1,
        "limit": 100,
        "page": 1
    },
    "data": {
        "4185863984": {
            "description": "新型のカイザー級戦艦は、前級艦に比べて性能が飛躍的に向上していました。カイザーには蒸気タービンが設置され、主砲砲塔の配置もより実用的でした。例えば、背負い式の艦尾砲塔 2 基と梯型配置の舷側砲塔 2 基が特徴のカイザーは、前級艦よりも砲塔数が減少していますが同等の火力を有していました。カイザーは、1911 年 3 月 22 日に進水しました。この日は、皇帝ヴィルヘルム 2 世の誕生日でした。ユトランド沖海戦において、カイザーは駆逐艦ノーマッドと巡洋艦ディフェンスを撃沈し、戦艦ウォースパイトにも大きな損害を与えました。",
            "price_gold": 0,
            "ship_id_str": "PGSB104",
            "has_demo_profile": false,
            "images": {
                "small": "https://wows-gloss-icons.wgcdn.co/icons/vehicle/small/PGSB104_bfd77b36af9570ac04c6b75e3a958e52438e108502f5e7f9c601763e02966a32.png",
                "large": "https://wows-gloss-icons.wgcdn.co/icons/vehicle/large/PGSB104_f8fcf432ee7564ab12f22d9257c6007e842fd9e76fb47843a12c64cece3bf006.png",
                "medium": "https://wows-gloss-icons.wgcdn.co/icons/vehicle/medium/PGSB104_6ac872116ea67ce6380014afb7947b449c4c8fb33adcc6bcb43c230431ea2ccd.png",
                "contour": "https://wows-gloss-icons.wgcdn.co/icons/vehicle/contour/PGSB104_9144b2a4ad336a8a3fe1bcebaed863662b83e5a55fa5fdf0a6f5a7e709ee6322.png"
            },
            "modules": {
                "engine": [
                    3968708400,
                    3967659824
                ],
                "torpedo_bomber": [],
                "fighter": [],
                "hull": [
                    3968610096,
                    3967561520
                ],
                "artillery": [
                    3968839472
                ],
                "torpedoes": [],
                "fire_control": [
                    3967201072,
                    3968249648
                ],
                "sonar": [],
                "flight_control": [],
                "dive_bomber": []
            },
            "modules_tree": {
                "3968839472": {
                    "name": "305 mm/50 SK C/08 (Drh LC/1909 砲座)",
                    "next_modules": null,
                    "is_default": true,
                    "price_xp": 0,
                    "price_credit": 94000,
                    "next_ships": null,
                    "module_id": 3968839472,
                    "type": "Artillery",
                    "module_id_str": "PGUA311"
                },
                "3968610096": {
                    "name": "Kaiser (A)",
                    "next_modules": [
                        3967561520
                    ],
                    "is_default": true,
                    "price_xp": 0,
                    "price_credit": 128000,
                    "next_ships": null,
                    "module_id": 3968610096,
                    "type": "Hull",
                    "module_id_str": "PGUH311"
                },
                "3967659824": {
                    "name": "推力: 57,000 馬力",
                    "next_modules": null,
                    "is_default": false,
                    "price_xp": 900,
                    "price_credit": 90000,
                    "next_ships": null,
                    "module_id": 3967659824,
                    "type": "Engine",
                    "module_id_str": "PGUE312"
                },
                "3968249648": {
                    "name": "FKS Typ 4 Mod. 1",
                    "next_modules": [
                        3967201072
                    ],
                    "is_default": true,
                    "price_xp": 0,
                    "price_credit": 40000,
                    "next_ships": null,
                    "module_id": 3968249648,
                    "type": "Suo",
                    "module_id_str": "PGUS311"
                },
                "3967561520": {
                    "name": "Kaiser (B)",
                    "next_modules": null,
                    "is_default": false,
                    "price_xp": 2000,
                    "price_credit": 280000,
                    "next_ships": [
                        4184815408
                    ],
                    "module_id": 3967561520,
                    "type": "Hull",
                    "module_id_str": "PGUH312"
                },
                "3967201072": {
                    "name": "FKS Typ 4 Mod. 2",
                    "next_modules": null,
                    "is_default": false,
                    "price_xp": 1300,
                    "price_credit": 180000,
                    "next_ships": null,
                    "module_id": 3967201072,
                    "type": "Suo",
                    "module_id_str": "PGUS312"
                },
                "3968708400": {
                    "name": "推力: 55,180 馬力",
                    "next_modules": [
                        3967659824
                    ],
                    "is_default": true,
                    "price_xp": 0,
                    "price_credit": 30000,
                    "next_ships": null,
                    "module_id": 3968708400,
                    "type": "Engine",
                    "module_id_str": "PGUE311"
                }
            },
            "nation": "germany",
            "is_premium": false,
            "ship_id": 4185863984,
            "price_credit": 774000,
            "default_profile": {
                "engine": {
                    "engine_id_str": "PGUE311",
                    "max_speed": 22.3,
                    "engine_id": 3968708400
                },
                "torpedo_bomber": null,
                "anti_aircraft": {
                    "slots": {
                        "0": {
                            "distance": -1.0,
                            "avg_damage": null,
                            "caliber": 37,
                            "name": "37 mm/83 SK C/30 (Dopp LC/30 砲座)",
                            "guns": 3
                        },
                        "1": {
                            "distance": -1.0,
                            "avg_damage": null,
                            "caliber": 88,
                            "name": "88 mm/76 SK C/32 (Dop. L. C/32 砲座)",
                            "guns": 2
                        }
                    },
                    "defense": 26
                },
                "depth_charge": null,
                "mobility": {
                    "rudder_time": 18.3,
                    "total": 26,
                    "max_speed": 22.3,
                    "turning_radius": 600
                },
                "hull": {
                    "hull_id": 3968610096,
                    "hull_id_str": "PGUH311",
                    "torpedoes_barrels": 0,
                    "anti_aircraft_barrels": 5,
                    "range": {
                        "max": 350,
                        "min": 13
                    },
                    "health": 39900,
                    "planes_amount": null,
                    "artillery_barrels": 5,
                    "atba_barrels": 16
                },
                "atbas": {
                    "distance": 4.8,
                    "slots": {
                        "0": {
                            "burn_probability": 10.0,
                            "bullet_speed": 835,
                            "name": "150 mm HE K Gr 18",
                            "shot_delay": 8.6,
                            "damage": 1800,
                            "bullet_mass": 45,
                            "type": "HE",
                            "gun_rate": 7.0
                        },
                        "1": {
                            "burn_probability": 4.0,
                            "bullet_speed": 950,
                            "name": "88 mm Spr.Gr.",
                            "shot_delay": 4.0,
                            "damage": 1000,
                            "bullet_mass": 9,
                            "type": "HE",
                            "gun_rate": 15.0
                        }
                    }
                },
                "artillery": {
                    "max_dispersion": 205,
                    "shells": {
                        "AP": {
                            "burn_probability": null,
                            "bullet_speed": 850,
                            "name": "305 mm P.Spr.Gr. L/4.9",
                            "damage": 7550,
                            "bullet_mass": 415,
                            "type": "AP"
                        },
                        "HE": {
                            "burn_probability": 23.0,
                            "bullet_speed": 855,
                            "name": "305 mm Spr.Gr. L/4.8 Kz.",
                            "damage": 3150,
                            "bullet_mass": 405,
                            "type": "HE"
                        }
                    },
                    "shot_delay": 26.0,
                    "rotation_time": 45.0,
                    "distance": 14.5,
                    "artillery_id": 3968839472,
                    "artillery_id_str": "PGUA311",
                    "slots": {
                        "0": {
                            "barrels": 2,
                            "name": "305 mm/50 SK C/08 (Drh LC/1909 砲座)",
                            "guns": 5
                        }
                    },
                    "gun_rate": 2.3
                },
                "torpedoes": null,
                "fighters": null,
                "submarine_mobility": null,
                "fire_control": {
                    "fire_control_id": 3968249648,
                    "distance": 0.0,
                    "distance_increase": null,
                    "fire_control_id_str": "PGUS311"
                },
                "submarine_sonar": null,
                "battle_level_range_max": 5,
                "battle_level_range_min": 4,
                "flight_control": null,
                "submarine_battery": null,
                "concealment": {
                    "total": 47,
                    "detect_distance_by_plane": 8.4,
                    "detect_distance_by_submarine": 8.4,
                    "detect_distance_by_ship": 13.8
                },
                "armour": {
                    "casemate": {
                        "max": -1,
                        "min": -1
                    },
                    "deck": {
                        "max": -1,
                        "min": -1
                    },
                    "flood_damage": 22,
                    "range": {
                        "max": 350,
                        "min": 13
                    },
                    "health": 39900,
                    "extremities": {
                        "max": -1,
                        "min": -1
                    },
                    "total": 47,
                    "citadel": {
                        "max": -1,
                        "min": -1
                    }
                },
                "weaponry": {
                    "torpedoes": 0,
                    "aircraft": 0,
                    "artillery": 75,
                    "anti_aircraft": 26
                },
                "dive_bomber": null
            },
            "upgrades": [
                4273131440,
                4261597104,
                4262645680
            ],
            "tier": 4,
            "next_ships": {
                "4184815408": 13000
            },
            "mod_slots": 2,
            "type": "Battleship",
            "is_special": false,
            "name": "Kaiser"
        }
    }
}