{
    "status": "ok",
    "meta": {
        "count": 1,
        "page_total": 1,
        "total": 1,
        "limit": 100,
        "page": 1
    },
    "data": {
        "4185797936": {
            "description": "艦隊を強化するために、スウェーデン政府はアメリカから数隻の「平甲板型」駆逐艦を入手する交渉を開始しました。購入は実現しませんでしたが、その設計を基にしたエーレンスケルド級駆逐艦が 1924 年に起工されました。更なる開発の結果、1929 年には改良型の設計案を用いた 2 隻の艦艇、クラース・ホルンとクラース・ウグラが起工されました。クラース・ホルン級のリードシップはマルメのコックムス造船所で建造されました。1941 年 9 月の軍事基地の爆発事故により、両駆逐艦は重大な被害を受け沈没しました。クラース・ウグラは修復されないまま退役しましたが、クラース・ホルンは浮揚され、姉妹艦の部品を利用して修理されました。",
            "price_gold": 0,
            "ship_id_str": "PWSD104",
            "has_demo_profile": false,
            "images": {
                "small": "https://wows-gloss-icons.wgcdn.co/icons/vehicle/small/PWSD104_dd63b0c85d975ec8e86261cf7f7a025e89ddab7f7c9bdf623408435257ce7104.png",
                "large": "https://wows-gloss-icons.wgcdn.co/icons/vehicle/large/PWSD104_45d3f02ad9bf1cccf5bf8929eac34e6c0838e6521acaf0f445281a0701d53df1.png",
                "medium": "https://wows-gloss-icons.wgcdn.co/icons/vehicle/medium/PWSD104_0ea6638a9bda7ebbfc61e9057cc9d400cab203532baaf1726df3a43d7954384d.png",
                "contour": "https://wows-gloss-icons.wgcdn.co/icons/vehicle/contour/PWSD104_22c1feebf540a4b5774cd01c2ea5710e37d14d5bc051938b31150608810ccfbb.png"
            },
            "modules": {
                "engine": [
                    3978145072
                ],
                "torpedo_bomber": [],
                "fighter": [],
                "hull": [
                    3978046768,
                    3976998192
                ],
                "artillery": [
                    3978276144
                ],
                "torpedoes": [
                    3977653552
                ],
                "fire_control": [
                    3977686320,
                    3976637744
                ],
                "sonar": [],
                "flight_control": [],
                "dive_bomber": []
            },
            "modules_tree": {
                "3976637744": {
                    "name": "SUO Mk 4 Mod. 2",
                    "next_modules": null,
                    "is_default": false,
                    "price_xp": 1000,
                    "price_credit": 140000,
                    "next_ships": [
                        4079891760
                    ],
                    "module_id": 3976637744,
                    "type": "Suo",
                    "module_id_str": "PWUS303"
                },
                "3976998192": {
                    "name": "Klas Horn (B)",
                    "next_modules": null,
                    "is_default": false,
                    "price_xp": 1500,
                    "price_credit": 210000,
                    "next_ships": [
                        4184749360
                    ],
                    "module_id": 3976998192,
                    "type": "Hull",
                    "module_id_str": "PWUH303"
                },
                "3978046768": {
                    "name": "Klas Horn (A)",
                    "next_modules": [
                        3976998192
                    ],
                    "is_default": true,
                    "price_xp": 0,
                    "price_credit": 75000,
                    "next_ships": null,
                    "module_id": 3978046768,
                    "type": "Hull",
                    "module_id_str": "PWUH302"
                },
                "3977686320": {
                    "name": "SUO Mk 4 Mod. 1",
                    "next_modules": [
                        3976637744
                    ],
                    "is_default": true,
                    "price_xp": 0,
                    "price_credit": 50000,
                    "next_ships": null,
                    "module_id": 3977686320,
                    "type": "Suo",
                    "module_id_str": "PWUS302"
                },
                "3977653552": {
                    "name": "Torped M1913 mod 1",
                    "next_modules": null,
                    "is_default": true,
                    "price_xp": 0,
                    "price_credit": 50000,
                    "next_ships": null,
                    "module_id": 3977653552,
                    "type": "Torpedoes",
                    "module_id_str": "PWUT302"
                },
                "3978276144": {
                    "name": "120 mm/45 Bofors Model 1924 (防盾付き砲座)",
                    "next_modules": null,
                    "is_default": true,
                    "price_xp": 0,
                    "price_credit": 50000,
                    "next_ships": null,
                    "module_id": 3978276144,
                    "type": "Artillery",
                    "module_id_str": "PWUA302"
                },
                "3978145072": {
                    "name": "推力: 26,000 馬力",
                    "next_modules": null,
                    "is_default": true,
                    "price_xp": 0,
                    "price_credit": 50000,
                    "next_ships": null,
                    "module_id": 3978145072,
                    "type": "Engine",
                    "module_id_str": "PWUE302"
                }
            },
            "nation": "europe",
            "is_premium": false,
            "ship_id": 4185797936,
            "price_credit": 709000,
            "default_profile": {
                "engine": {
                    "engine_id_str": "PWUE302",
                    "max_speed": 37.8,
                    "engine_id": 3978145072
                },
                "torpedo_bomber": null,
                "anti_aircraft": {
                    "slots": {
                        "0": {
                            "distance": -1.0,
                            "avg_damage": null,
                            "caliber": 40,
                            "name": "40 mm/39 Vickers Model 1922",
                            "guns": 2
                        }
                    },
                    "defense": 15
                },
                "depth_charge": null,
                "mobility": {
                    "rudder_time": 3.0,
                    "total": 72,
                    "max_speed": 37.8,
                    "turning_radius": 500
                },
                "hull": {
                    "hull_id": 3978046768,
                    "hull_id_str": "PWUH302",
                    "torpedoes_barrels": 2,
                    "anti_aircraft_barrels": 2,
                    "range": {
                        "max": 10,
                        "min": 7
                    },
                    "health": 7900,
                    "planes_amount": null,
                    "artillery_barrels": 3,
                    "atba_barrels": 0
                },
                "atbas": {
                    "distance": 0.0
                },
                "artillery": {
                    "max_dispersion": 79,
                    "shells": {
                        "AP": {
                            "burn_probability": null,
                            "bullet_speed": 800,
                            "name": "120 mm AP M1924",
                            "damage": 2000,
                            "bullet_mass": 21,
                            "type": "AP"
                        },
                        "HE": {
                            "burn_probability": 7.0,
                            "bullet_speed": 800,
                            "name": "120 mm HE M1924",
                            "damage": 1600,
                            "bullet_mass": 21,
                            "type": "HE"
                        }
                    },
                    "shot_delay": 7.0,
                    "rotation_time": 18.0,
                    "distance": 8.6,
                    "artillery_id": 3978276144,
                    "artillery_id_str": "PWUA302",
                    "slots": {
                        "0": {
                            "barrels": 1,
                            "name": "120 mm/45 Bofors Model 1924 (防盾付き砲座)",
                            "guns": 3
                        }
                    },
                    "gun_rate": 8.0
                },
                "torpedoes": {
                    "visibility_dist": 1.4,
                    "distance": 8.0,
                    "torpedoes_id": 3977653552,
                    "torpedo_name": "Torped M1913 mod 1",
                    "reload_time": 55,
                    "torpedo_speed": 60,
                    "rotation_time": 7.2,
                    "torpedoes_id_str": "PWUT302",
                    "slots": {
                        "0": {
                            "barrels": 3,
                            "caliber": 533,
                            "name": "533 mm 三連装",
                            "guns": 2
                        }
                    },
                    "max_damage": 6200
                },
                "fighters": null,
                "submarine_mobility": null,
                "fire_control": {
                    "fire_control_id": 3977686320,
                    "distance": 0.0,
                    "distance_increase": null,
                    "fire_control_id_str": "PWUS302"
                },
                "submarine_sonar": null,
                "battle_level_range_max": 5,
                "battle_level_range_min": 4,
                "flight_control": null,
                "submarine_battery": null,
                "concealment": {
                    "total": 92,
                    "detect_distance_by_plane": 2.6,
                    "detect_distance_by_submarine": 2.6,
                    "detect_distance_by_ship": 6.6
                },
                "armour": {
                    "casemate": {
                        "max": -1,
                        "min": -1
                    },
                    "deck": {
                        "max": -1,
                        "min": -1
                    },
                    "flood_damage": 0,
                    "range": {
                        "max": 10,
                        "min": 7
                    },
                    "health": 7900,
                    "extremities": {
                        "max": -1,
                        "min": -1
                    },
                    "total": 12,
                    "citadel": {
                        "max": -1,
                        "min": -1
                    }
                },
                "weaponry": {
                    "torpedoes": 8,
                    "aircraft": 0,
                    "artillery": 42,
                    "anti_aircraft": 15
                },
                "dive_bomber": null
            },
            "upgrades": [
                4273131440,
                4261597104,
                4262645680
            ],
            "tier": 4,
            "next_ships": {
                "4184749360": 11000,
                "4079891760": 11000
            },
            "mod_slots": 2,
            "type": "Destroyer",
            "is_special": false,
            "name": "Klas Horn"
        }
    }
}