{
    "status": "ok",
    "meta": {
        "count": 1,
        "page_total": 1,
        "total": 1,
        "limit": 100,
        "page": 1
    },
    "data": {
        "4276008752": {
            "description": "305 mm 砲を搭載した P 級設計案の仮説に基づく姿を具現化した重巡洋艦です。この口径の砲は 1930 年代に、ドイツ海軍司令部によって新型艦艇用の有望な兵装であると考えられていました。しかし最終的には、P 級巡洋艦も新型 305 mm 砲も計画のみに終わり、1939 年以降はより強力な艦砲を搭載した、より大型の艦艇の設計が優先されるようになりました。",
            "price_gold": 0,
            "ship_id_str": "PGSC018",
            "has_demo_profile": false,
            "images": {
                "small": "https://wows-gloss-icons.wgcdn.co/icons/vehicle/small/PGSC018_eebb720bfaa8be21d755e56fb063f4785a0fa1131e62c0c2d6719573cbaa815a.png",
                "large": "https://wows-gloss-icons.wgcdn.co/icons/vehicle/large/PGSC018_2c701cf2f2aff7664dd20dd1514f573872f18d16a79706e0322bf1e093b47f03.png",
                "medium": "https://wows-gloss-icons.wgcdn.co/icons/vehicle/medium/PGSC018_8796876616b56c4b7ff30d7d5f936be729d627c2d2385a5d23ffc56e01a24a13.png",
                "contour": "https://wows-gloss-icons.wgcdn.co/icons/vehicle/contour/PGSC018_c8f166a75a22c90527dfb2beba9ab6c5086e88d0b61f6bd8d0b216d910db9cda.png"
            },
            "modules": {
                "engine": [
                    3524112176
                ],
                "torpedo_bomber": [],
                "fighter": [],
                "hull": [
                    3522965296,
                    3524013872
                ],
                "artillery": [
                    3524243248
                ],
                "torpedoes": [
                    3523620656
                ],
                "fire_control": [
                    3522604848,
                    3523653424
                ],
                "sonar": [],
                "flight_control": [],
                "dive_bomber": []
            },
            "modules_tree": {
                "3524243248": {
                    "name": "305 mm/56 SK C/39 (砲塔)",
                    "next_modules": null,
                    "is_default": true,
                    "price_xp": 0,
                    "price_credit": 700000,
                    "next_ships": null,
                    "module_id": 3524243248,
                    "type": "Artillery",
                    "module_id_str": "PGUA735"
                },
                "3522604848": {
                    "name": "FKS Typ 8 Mod. 2",
                    "next_modules": null,
                    "is_default": false,
                    "price_xp": 23000,
                    "price_credit": 1800000,
                    "next_ships": null,
                    "module_id": 3522604848,
                    "type": "Suo",
                    "module_id_str": "PGUS736"
                },
                "3524013872": {
                    "name": "Knesebeck (A)",
                    "next_modules": [
                        3522965296
                    ],
                    "is_default": true,
                    "price_xp": 0,
                    "price_credit": 900000,
                    "next_ships": null,
                    "module_id": 3524013872,
                    "type": "Hull",
                    "module_id_str": "PGUH735"
                },
                "3523653424": {
                    "name": "FKS Typ 8 Mod. 1",
                    "next_modules": [
                        3522604848
                    ],
                    "is_default": true,
                    "price_xp": 0,
                    "price_credit": 750000,
                    "next_ships": null,
                    "module_id": 3523653424,
                    "type": "Suo",
                    "module_id_str": "PGUS735"
                },
                "3523620656": {
                    "name": "G7a T1",
                    "next_modules": null,
                    "is_default": true,
                    "price_xp": 0,
                    "price_credit": 260000,
                    "next_ships": null,
                    "module_id": 3523620656,
                    "type": "Torpedoes",
                    "module_id_str": "PGUT735"
                },
                "3524112176": {
                    "name": "推力: 140,000 馬力",
                    "next_modules": null,
                    "is_default": true,
                    "price_xp": 0,
                    "price_credit": 600000,
                    "next_ships": null,
                    "module_id": 3524112176,
                    "type": "Engine",
                    "module_id_str": "PGUE735"
                },
                "3522965296": {
                    "name": "Knesebeck (B)",
                    "next_modules": null,
                    "is_default": false,
                    "price_xp": 26000,
                    "price_credit": 2000000,
                    "next_ships": [
                        4274960176
                    ],
                    "module_id": 3522965296,
                    "type": "Hull",
                    "module_id_str": "PGUH736"
                }
            },
            "nation": "germany",
            "is_premium": false,
            "ship_id": 4276008752,
            "price_credit": 9000000,
            "default_profile": {
                "engine": {
                    "engine_id_str": "PGUE735",
                    "max_speed": 32.5,
                    "engine_id": 3524112176
                },
                "torpedo_bomber": null,
                "anti_aircraft": {
                    "slots": {
                        "0": {
                            "distance": -1.0,
                            "avg_damage": null,
                            "caliber": 20,
                            "name": "20 mm/65 C/38 (連装砲座)",
                            "guns": 6
                        },
                        "1": {
                            "distance": -1.0,
                            "avg_damage": null,
                            "caliber": 20,
                            "name": "20 mm/65 C/38 (Flak 35 Vierling L/38 砲座)",
                            "guns": 12
                        },
                        "2": {
                            "distance": -1.0,
                            "avg_damage": null,
                            "caliber": 37,
                            "name": "37 mm/83 SK C/30 (Dopp LC/30 砲座)",
                            "guns": 4
                        },
                        "3": {
                            "distance": -1.0,
                            "avg_damage": null,
                            "caliber": 128,
                            "name": "128 mm/61 KM40 (砲塔)",
                            "guns": 8
                        }
                    },
                    "defense": 64
                },
                "depth_charge": null,
                "mobility": {
                    "rudder_time": 17.4,
                    "total": 47,
                    "max_speed": 32.5,
                    "turning_radius": 760
                },
                "hull": {
                    "hull_id": 3524013872,
                    "hull_id_str": "PGUH735",
                    "torpedoes_barrels": 2,
                    "anti_aircraft_barrels": 30,
                    "range": {
                        "max": 360,
                        "min": 16
                    },
                    "health": 44500,
                    "planes_amount": null,
                    "artillery_barrels": 2,
                    "atba_barrels": 10
                },
                "atbas": {
                    "distance": 7.6,
                    "slots": {
                        "0": {
                            "burn_probability": 8.0,
                            "bullet_speed": 875,
                            "name": "150 mm Spr.Gr. L/4.3",
                            "shot_delay": 5.4,
                            "damage": 1700,
                            "bullet_mass": 45,
                            "type": "HE",
                            "gun_rate": 11.1
                        },
                        "1": {
                            "burn_probability": 5.0,
                            "bullet_speed": 900,
                            "name": "128 mm Spr.Gr. Kz.",
                            "shot_delay": 4.8,
                            "damage": 1500,
                            "bullet_mass": 26,
                            "type": "HE",
                            "gun_rate": 12.5
                        }
                    }
                },
                "artillery": {
                    "max_dispersion": 176,
                    "shells": {
                        "AP": {
                            "burn_probability": null,
                            "bullet_speed": 865,
                            "name": "305 mm P.Spr.Gr. L/3.8",
                            "damage": 9400,
                            "bullet_mass": 415,
                            "type": "AP"
                        },
                        "HE": {
                            "burn_probability": 27.0,
                            "bullet_speed": 865,
                            "name": "305 mm Spr.Gr. L/4.9",
                            "damage": 3600,
                            "bullet_mass": 415,
                            "type": "HE"
                        }
                    },
                    "shot_delay": 24.0,
                    "rotation_time": 30.0,
                    "distance": 15.3,
                    "artillery_id": 3524243248,
                    "artillery_id_str": "PGUA735",
                    "slots": {
                        "0": {
                            "barrels": 3,
                            "name": "305 mm/56 SK C/39 (砲塔)",
                            "guns": 2
                        }
                    },
                    "gun_rate": 2.5
                },
                "torpedoes": {
                    "visibility_dist": 1.3,
                    "distance": 9.5,
                    "torpedoes_id": 3523620656,
                    "torpedo_name": "G7a T2",
                    "reload_time": 110,
                    "torpedo_speed": 65,
                    "rotation_time": 7.2,
                    "torpedoes_id_str": "PGUT735",
                    "slots": {
                        "0": {
                            "barrels": 4,
                            "caliber": 533,
                            "name": "533 mm Vierling",
                            "guns": 2
                        }
                    },
                    "max_damage": 14400
                },
                "fighters": null,
                "submarine_mobility": null,
                "fire_control": {
                    "fire_control_id": 3523653424,
                    "distance": 0.0,
                    "distance_increase": null,
                    "fire_control_id_str": "PGUS735"
                },
                "submarine_sonar": null,
                "battle_level_range_max": 10,
                "battle_level_range_min": 8,
                "flight_control": null,
                "submarine_battery": null,
                "concealment": {
                    "total": 50,
                    "detect_distance_by_plane": 7.8,
                    "detect_distance_by_submarine": 7.8,
                    "detect_distance_by_ship": 13.6
                },
                "armour": {
                    "casemate": {
                        "max": -1,
                        "min": -1
                    },
                    "deck": {
                        "max": -1,
                        "min": -1
                    },
                    "flood_damage": 13,
                    "range": {
                        "max": 360,
                        "min": 16
                    },
                    "health": 44500,
                    "extremities": {
                        "max": -1,
                        "min": -1
                    },
                    "total": 58,
                    "citadel": {
                        "max": -1,
                        "min": -1
                    }
                },
                "weaponry": {
                    "torpedoes": 20,
                    "aircraft": 0,
                    "artillery": 80,
                    "anti_aircraft": 64
                },
                "dive_bomber": null
            },
            "upgrades": [
                4273131440,
                4220702640,
                4257402800,
                4259499952,
                4261597104,
                4262645680,
                4265791408,
                4287811504,
                4268937136,
                4267888560,
                4266839984,
                4275228592,
                4269985712,
                4281520048
            ],
            "tier": 8,
            "next_ships": {
                "4274960176": 168000
            },
            "mod_slots": 5,
            "type": "Cruiser",
            "is_special": false,
            "name": "Knesebeck"
        }
    }
}