{
    "status": "ok",
    "meta": {
        "count": 1,
        "page_total": 1,
        "total": 1,
        "limit": 100,
        "page": 1
    },
    "data": {
        "4274992464": {
            "description": "この高速戦艦は、アルゼンチンによって発注され、イギリスの造船所で建造された可能性のある艦艇の計画案に基づいています。本艦には、20 世紀前半における様々な造船上の伝統が採り入れられています。1910 年代に開発された 12 門の 381 mm 主砲を補完するために、1900 年代の艦艇らしい強力な 234 mm 砲を副砲として搭載しているほか、両用砲および対空兵装には、すべて 1940 年代のアメリカ製の砲システムを採用しています。",
            "price_gold": 0,
            "ship_id_str": "PVSB019",
            "has_demo_profile": false,
            "images": {
                "small": "https://wows-gloss-icons.wgcdn.co/icons/vehicle/small/PVSB019_5e4435269e719127afd90b07fdc333234b79f19b1cc0993881104f88e476e7fb.png",
                "large": "https://wows-gloss-icons.wgcdn.co/icons/vehicle/large/PVSB019_3b267801288330390fd2860c36a340e806d884164aecca0aa1a75dcf18b9495d.png",
                "medium": "https://wows-gloss-icons.wgcdn.co/icons/vehicle/medium/PVSB019_88ca30270b27642152f288fe21f4814f5a4ef6a582221aa82425ab8b66ff83ef.png",
                "contour": "https://wows-gloss-icons.wgcdn.co/icons/vehicle/contour/PVSB019_76945aa2818430c38f01333b95d829328279b5f73b948d61f7b05ec38d945021.png"
            },
            "modules": {
                "engine": [
                    3645746512
                ],
                "torpedo_bomber": [],
                "fighter": [],
                "hull": [
                    3645648208,
                    3644599632
                ],
                "artillery": [
                    3645877584
                ],
                "torpedoes": [],
                "fire_control": [
                    3645287760,
                    3644239184
                ],
                "sonar": [],
                "flight_control": [],
                "dive_bomber": []
            },
            "modules_tree": {
                "3644599632": {
                    "name": "Los Andes (B)",
                    "next_modules": null,
                    "is_default": false,
                    "price_xp": 54000,
                    "price_credit": 5100000,
                    "next_ships": [
                        4284429648
                    ],
                    "module_id": 3644599632,
                    "type": "Hull",
                    "module_id_str": "PVUH620"
                },
                "3645746512": {
                    "name": "推力: 140,000 馬力",
                    "next_modules": null,
                    "is_default": true,
                    "price_xp": 0,
                    "price_credit": 600000,
                    "next_ships": null,
                    "module_id": 3645746512,
                    "type": "Engine",
                    "module_id_str": "PVUE619"
                },
                "3645877584": {
                    "name": "381 mm/42 Mk.I (Mk.I 砲座)",
                    "next_modules": null,
                    "is_default": true,
                    "price_xp": 0,
                    "price_credit": 2000000,
                    "next_ships": null,
                    "module_id": 3645877584,
                    "type": "Artillery",
                    "module_id_str": "PVUA619"
                },
                "3645648208": {
                    "name": "Los Andes (A)",
                    "next_modules": [
                        3644599632
                    ],
                    "is_default": true,
                    "price_xp": 0,
                    "price_credit": 2400000,
                    "next_ships": null,
                    "module_id": 3645648208,
                    "type": "Hull",
                    "module_id_str": "PVUH619"
                },
                "3645287760": {
                    "name": "Mk9 mod. 1",
                    "next_modules": [
                        3644239184
                    ],
                    "is_default": true,
                    "price_xp": 0,
                    "price_credit": 1000000,
                    "next_ships": null,
                    "module_id": 3645287760,
                    "type": "Suo",
                    "module_id_str": "PVUS619"
                },
                "3644239184": {
                    "name": "Mk9 mod. 2",
                    "next_modules": null,
                    "is_default": false,
                    "price_xp": 26000,
                    "price_credit": 2600000,
                    "next_ships": null,
                    "module_id": 3644239184,
                    "type": "Suo",
                    "module_id_str": "PVUS620"
                }
            },
            "nation": "pan_america",
            "is_premium": false,
            "ship_id": 4274992464,
            "price_credit": 15900000,
            "default_profile": {
                "engine": {
                    "engine_id_str": "PVUE619",
                    "max_speed": 30.0,
                    "engine_id": 3645746512
                },
                "torpedo_bomber": null,
                "anti_aircraft": {
                    "slots": {
                        "0": {
                            "distance": -1.0,
                            "avg_damage": null,
                            "caliber": 20,
                            "name": "20 mm Oerlikon (Mk.4 砲座)",
                            "guns": 30
                        },
                        "1": {
                            "distance": -1.0,
                            "avg_damage": null,
                            "caliber": 40,
                            "name": "40 mm/56 OQF Mk.III (Mk.VII 砲座)",
                            "guns": 12
                        },
                        "2": {
                            "distance": -1.0,
                            "avg_damage": null,
                            "caliber": 40,
                            "name": "40 mm Bofors (Mk.1 砲座)",
                            "guns": 4
                        },
                        "3": {
                            "distance": -1.0,
                            "avg_damage": null,
                            "caliber": 127,
                            "name": "127 mm/38 Mk.12 (Mk.30 mod.1 砲座)",
                            "guns": 8
                        }
                    },
                    "defense": 70
                },
                "depth_charge": null,
                "mobility": {
                    "rudder_time": 18.4,
                    "total": 40,
                    "max_speed": 30.0,
                    "turning_radius": 860
                },
                "hull": {
                    "hull_id": 3645648208,
                    "hull_id_str": "PVUH619",
                    "torpedoes_barrels": 0,
                    "anti_aircraft_barrels": 54,
                    "range": {
                        "max": 381,
                        "min": 19
                    },
                    "health": 65800,
                    "planes_amount": null,
                    "artillery_barrels": 6,
                    "atba_barrels": 16
                },
                "atbas": {
                    "distance": 8.0,
                    "slots": {
                        "0": {
                            "burn_probability": 21.0,
                            "bullet_speed": 761,
                            "name": "234 mm HE 6 CRH",
                            "shot_delay": 14.0,
                            "damage": 3850,
                            "bullet_mass": 165,
                            "type": "HE",
                            "gun_rate": 4.3
                        },
                        "1": {
                            "burn_probability": 5.0,
                            "bullet_speed": 792,
                            "name": "127 mm HE Mk32",
                            "shot_delay": 6.4,
                            "damage": 1800,
                            "bullet_mass": 25,
                            "type": "HE",
                            "gun_rate": 9.4
                        }
                    }
                },
                "artillery": {
                    "max_dispersion": 238,
                    "shells": {
                        "AP": {
                            "burn_probability": null,
                            "bullet_speed": 804,
                            "name": "381 mm AP Mk XXIIb SC",
                            "damage": 10700,
                            "bullet_mass": 879,
                            "type": "AP"
                        },
                        "HE": {
                            "burn_probability": 34.0,
                            "bullet_speed": 804,
                            "name": "381 mm HE Mk VIIIb",
                            "damage": 5350,
                            "bullet_mass": 879,
                            "type": "HE"
                        }
                    },
                    "shot_delay": 33.0,
                    "rotation_time": 30.0,
                    "distance": 17.8,
                    "artillery_id": 3645877584,
                    "artillery_id_str": "PVUA619",
                    "slots": {
                        "0": {
                            "barrels": 2,
                            "name": "381 mm/42 Mk.I (Mk.I 砲座)",
                            "guns": 6
                        }
                    },
                    "gun_rate": 1.8
                },
                "torpedoes": null,
                "fighters": null,
                "submarine_mobility": null,
                "fire_control": {
                    "fire_control_id": 3645287760,
                    "distance": 0.0,
                    "distance_increase": null,
                    "fire_control_id_str": "PVUS619"
                },
                "submarine_sonar": null,
                "battle_level_range_max": 11,
                "battle_level_range_min": 9,
                "flight_control": null,
                "submarine_battery": null,
                "concealment": {
                    "total": 35,
                    "detect_distance_by_plane": 10.0,
                    "detect_distance_by_submarine": 10.0,
                    "detect_distance_by_ship": 15.8
                },
                "armour": {
                    "casemate": {
                        "max": -1,
                        "min": -1
                    },
                    "deck": {
                        "max": -1,
                        "min": -1
                    },
                    "flood_damage": 31,
                    "range": {
                        "max": 381,
                        "min": 19
                    },
                    "health": 65800,
                    "extremities": {
                        "max": -1,
                        "min": -1
                    },
                    "total": 83,
                    "citadel": {
                        "max": -1,
                        "min": -1
                    }
                },
                "weaponry": {
                    "torpedoes": 0,
                    "aircraft": 0,
                    "artillery": 84,
                    "anti_aircraft": 70
                },
                "dive_bomber": null
            },
            "upgrades": [
                4273131440,
                4269985712,
                4259499952,
                4261597104,
                4262645680,
                4287811504,
                4265791408,
                4266839984,
                4267888560,
                4280471472,
                4275228592,
                4278374320,
                4281520048
            ],
            "tier": 9,
            "next_ships": {
                "4284429648": 255000
            },
            "mod_slots": 6,
            "type": "Battleship",
            "is_special": false,
            "name": "Los Andes"
        }
    }
}