{
    "status": "ok",
    "meta": {
        "count": 1,
        "page_total": 1,
        "total": 1,
        "limit": 100,
        "page": 1
    },
    "data": {
        "4078909232": {
            "description": "新たな巡洋戦艦を設計する際には、主砲の問題が最も重要でした。新型艦の兵装としては、3 基の砲塔に 6 門の 380 mm 砲を搭載する案や、10 門の 305 mm 砲を搭載する代替案など、様々な選択肢が提案されました。最終的には、妥協策として 8 門の 350 mm 砲を搭載することが決定され、マッケンゼン級巡洋戦艦としてまとめられました。しかし竣工まで僅か 15 カ月という時点で、戦争の終結に伴い建造は中止されました。",
            "price_gold": 0,
            "ship_id_str": "PGSB206",
            "has_demo_profile": false,
            "images": {
                "small": "https://wows-gloss-icons.wgcdn.co/icons/vehicle/small/PGSB206_ae0cf9776fd7b2ee5839a61650b6f01c463f1eb1a2d7dbf246e2b31b863acfe7.png",
                "large": "https://wows-gloss-icons.wgcdn.co/icons/vehicle/large/PGSB206_1b12e92b3dbf0ee5c48906c251b6711fddc205cd883dfbcaa4ab790f559064f7.png",
                "medium": "https://wows-gloss-icons.wgcdn.co/icons/vehicle/medium/PGSB206_068d943fb28048b6275f569597dfcf918d79af6acd9862fe095c3c623059d8c9.png",
                "contour": "https://wows-gloss-icons.wgcdn.co/icons/vehicle/contour/PGSB206_37c4969d78f09f9144f9277e8bd9ad3181f7213e8bd763b5454e94b69924fc2b.png"
            },
            "modules": {
                "engine": [
                    3762138928
                ],
                "torpedo_bomber": [],
                "fighter": [],
                "hull": [
                    3755749168
                ],
                "artillery": [
                    3762270000
                ],
                "torpedoes": [],
                "fire_control": [
                    3755388720,
                    3756437296
                ],
                "sonar": [],
                "flight_control": [],
                "dive_bomber": []
            },
            "modules_tree": {
                "3755388720": {
                    "name": "FKS Typ 6 Mod. 2",
                    "next_modules": null,
                    "is_default": false,
                    "price_xp": 10000,
                    "price_credit": 700000,
                    "next_ships": null,
                    "module_id": 3755388720,
                    "type": "Suo",
                    "module_id_str": "PGUS514"
                },
                "3756437296": {
                    "name": "FKS Typ 6 Mod. 1",
                    "next_modules": [
                        3755388720
                    ],
                    "is_default": true,
                    "price_xp": 0,
                    "price_credit": 350000,
                    "next_ships": null,
                    "module_id": 3756437296,
                    "type": "Suo",
                    "module_id_str": "PGUS513"
                },
                "3755749168": {
                    "name": "Mackensen",
                    "next_modules": null,
                    "is_default": true,
                    "price_xp": 0,
                    "price_credit": 525000,
                    "next_ships": [
                        4077860656
                    ],
                    "module_id": 3755749168,
                    "type": "Hull",
                    "module_id_str": "PGUH514"
                },
                "3762138928": {
                    "name": "推力: 90,000 馬力",
                    "next_modules": null,
                    "is_default": true,
                    "price_xp": 0,
                    "price_credit": 350000,
                    "next_ships": null,
                    "module_id": 3762138928,
                    "type": "Engine",
                    "module_id_str": "PGUE508"
                },
                "3762270000": {
                    "name": "350 mm/45 SK C/14 (Drh LC/1914 砲座)",
                    "next_modules": null,
                    "is_default": true,
                    "price_xp": 0,
                    "price_credit": 350000,
                    "next_ships": null,
                    "module_id": 3762270000,
                    "type": "Artillery",
                    "module_id_str": "PGUA508"
                }
            },
            "nation": "germany",
            "is_premium": false,
            "ship_id": 4078909232,
            "price_credit": 3500000,
            "default_profile": {
                "engine": {
                    "engine_id_str": "PGUE508",
                    "max_speed": 28.0,
                    "engine_id": 3762138928
                },
                "torpedo_bomber": null,
                "anti_aircraft": {
                    "slots": {
                        "0": {
                            "distance": -1.0,
                            "avg_damage": null,
                            "caliber": 7,
                            "name": "7.92 mm MG 08 機銃",
                            "guns": 20
                        },
                        "1": {
                            "distance": -1.0,
                            "avg_damage": null,
                            "caliber": 88,
                            "name": "88 mm/45 Flak (MPL C/13 砲座)",
                            "guns": 8
                        }
                    },
                    "defense": 29
                },
                "depth_charge": null,
                "mobility": {
                    "rudder_time": 14.0,
                    "total": 39,
                    "max_speed": 28.0,
                    "turning_radius": 780
                },
                "hull": {
                    "hull_id": 3755749168,
                    "hull_id_str": "PGUH514",
                    "torpedoes_barrels": 0,
                    "anti_aircraft_barrels": 28,
                    "range": {
                        "max": 300,
                        "min": 6
                    },
                    "health": 52300,
                    "planes_amount": null,
                    "artillery_barrels": 4,
                    "atba_barrels": 22
                },
                "atbas": {
                    "distance": 5.6,
                    "slots": {
                        "0": {
                            "burn_probability": 10.0,
                            "bullet_speed": 835,
                            "name": "150 mm HE K Gr 18",
                            "shot_delay": 8.6,
                            "damage": 1800,
                            "bullet_mass": 45,
                            "type": "HE",
                            "gun_rate": 7.0
                        },
                        "1": {
                            "burn_probability": 4.0,
                            "bullet_speed": 890,
                            "name": "88 mm Spr.Gr.",
                            "shot_delay": 3.6,
                            "damage": 1000,
                            "bullet_mass": 9,
                            "type": "HE",
                            "gun_rate": 16.7
                        }
                    }
                },
                "artillery": {
                    "max_dispersion": 174,
                    "shells": {
                        "AP": {
                            "burn_probability": null,
                            "bullet_speed": 815,
                            "name": "350 mm P.Spr.Gr. L/3.6",
                            "damage": 10500,
                            "bullet_mass": 600,
                            "type": "AP"
                        },
                        "HE": {
                            "burn_probability": 27.0,
                            "bullet_speed": 815,
                            "name": "350 mm Spr.Gr. L/4.2 Bdz",
                            "damage": 4000,
                            "bullet_mass": 600,
                            "type": "HE"
                        }
                    },
                    "shot_delay": 27.0,
                    "rotation_time": 30.0,
                    "distance": 15.1,
                    "artillery_id": 3762270000,
                    "artillery_id_str": "PGUA508",
                    "slots": {
                        "0": {
                            "barrels": 2,
                            "name": "350 mm/45 SK C/14 (Drh LC/1914 砲座)",
                            "guns": 4
                        }
                    },
                    "gun_rate": 2.2
                },
                "torpedoes": null,
                "fighters": null,
                "submarine_mobility": null,
                "fire_control": {
                    "fire_control_id": 3756437296,
                    "distance": 0.0,
                    "distance_increase": null,
                    "fire_control_id_str": "PGUS513"
                },
                "submarine_sonar": null,
                "battle_level_range_max": 8,
                "battle_level_range_min": 6,
                "flight_control": null,
                "submarine_battery": null,
                "concealment": {
                    "total": 48,
                    "detect_distance_by_plane": 10.0,
                    "detect_distance_by_submarine": 10.0,
                    "detect_distance_by_ship": 12.8
                },
                "armour": {
                    "casemate": {
                        "max": -1,
                        "min": -1
                    },
                    "deck": {
                        "max": -1,
                        "min": -1
                    },
                    "flood_damage": 22,
                    "range": {
                        "max": 300,
                        "min": 6
                    },
                    "health": 52300,
                    "extremities": {
                        "max": -1,
                        "min": -1
                    },
                    "total": 64,
                    "citadel": {
                        "max": -1,
                        "min": -1
                    }
                },
                "weaponry": {
                    "torpedoes": 0,
                    "aircraft": 0,
                    "artillery": 83,
                    "anti_aircraft": 29
                },
                "dive_bomber": null
            },
            "upgrades": [
                4273131440,
                4259499952,
                4261597104,
                4262645680,
                4287811504,
                4268937136,
                4267888560,
                4275228592,
                4269985712,
                4281520048
            ],
            "tier": 6,
            "next_ships": {
                "4077860656": 80000
            },
            "mod_slots": 4,
            "type": "Battleship",
            "is_special": false,
            "name": "Mackensen"
        }
    }
}