{
    "status": "ok",
    "meta": {
        "count": 1,
        "page_total": 1,
        "total": 1,
        "limit": 100,
        "page": 1
    },
    "data": {
        "3552491344": {
            "description": "1920 年代の中盤に「17,500 トン級の巡洋戦艦」の設計案が開発されました。本案は、ワシントン海軍軍縮条約によって登場した、いわゆる「条約型巡洋艦」という新たな脅威に対抗することを目的としていました。本案が実現されることはありませんでしたが、ダンケルク級戦艦の基礎を築くこととなりました。",
            "price_gold": 11500,
            "ship_id_str": "PFSC708",
            "has_demo_profile": false,
            "images": {
                "small": "https://wows-gloss-icons.wgcdn.co/icons/vehicle/small/PFSC708_418002a53af07c110cda6bd88423b414f9e7974855ef5cba892e4f05a4a1ff5b.png",
                "large": "https://wows-gloss-icons.wgcdn.co/icons/vehicle/large/PFSC708_1f3f7d1f336aa70f2f49b4a421dff52cfc4a27b8da185b7a9c72a97c26e5e362.png",
                "medium": "https://wows-gloss-icons.wgcdn.co/icons/vehicle/medium/PFSC708_c593dc2ed8efc8f84a4fbf20a15ba6c453b310f0dd776b208c089306e290dde8.png",
                "contour": "https://wows-gloss-icons.wgcdn.co/icons/vehicle/contour/PFSC708_3c4222cd920c5e597cb925ce83617a03499fb7d37e84b60596e3cb6582eae25c.png"
            },
            "modules": {
                "engine": [
                    3457003344
                ],
                "torpedo_bomber": [],
                "fighter": [],
                "hull": [
                    3456905040
                ],
                "artillery": [
                    3457134416
                ],
                "torpedoes": [],
                "fire_control": [
                    3456544592
                ],
                "sonar": [],
                "flight_control": [],
                "dive_bomber": []
            },
            "modules_tree": {
                "3456544592": {
                    "name": "PCA n° 8 Mle 1",
                    "next_modules": null,
                    "is_default": true,
                    "price_xp": 0,
                    "price_credit": 0,
                    "next_ships": null,
                    "module_id": 3456544592,
                    "type": "Suo",
                    "module_id_str": "PFUS799"
                },
                "3456905040": {
                    "name": "Metz",
                    "next_modules": null,
                    "is_default": true,
                    "price_xp": 0,
                    "price_credit": 0,
                    "next_ships": null,
                    "module_id": 3456905040,
                    "type": "Hull",
                    "module_id_str": "PFUH799"
                },
                "3457003344": {
                    "name": "推力: 147,000 馬力",
                    "next_modules": null,
                    "is_default": true,
                    "price_xp": 0,
                    "price_credit": 0,
                    "next_ships": null,
                    "module_id": 3457003344,
                    "type": "Engine",
                    "module_id_str": "PFUE799"
                },
                "3457134416": {
                    "name": "305 mm/45 Mle 1910 (砲塔)",
                    "next_modules": null,
                    "is_default": true,
                    "price_xp": 0,
                    "price_credit": 0,
                    "next_ships": null,
                    "module_id": 3457134416,
                    "type": "Artillery",
                    "module_id_str": "PFUA799"
                }
            },
            "nation": "france",
            "is_premium": false,
            "ship_id": 3552491344,
            "price_credit": 0,
            "default_profile": {
                "engine": {
                    "engine_id_str": "PFUE799",
                    "max_speed": 30.0,
                    "engine_id": 3457003344
                },
                "torpedo_bomber": null,
                "anti_aircraft": {
                    "slots": {
                        "0": {
                            "distance": -1.0,
                            "avg_damage": null,
                            "caliber": 25,
                            "name": "25 mm Hotchkiss Mle 1939 (CAD Mle 1939 砲座)",
                            "guns": 18
                        },
                        "1": {
                            "distance": -1.0,
                            "avg_damage": null,
                            "caliber": 37,
                            "name": "37 mm/50 CAIL Mle 1933 (CAD Mle 1933 砲座)",
                            "guns": 8
                        },
                        "2": {
                            "distance": -1.0,
                            "avg_damage": null,
                            "caliber": 100,
                            "name": "100 mm/45 Mle 1930 (Mle 1931 砲座)",
                            "guns": 6
                        }
                    },
                    "defense": 55
                },
                "depth_charge": null,
                "mobility": {
                    "rudder_time": 11.5,
                    "total": 46,
                    "max_speed": 30.0,
                    "turning_radius": 710
                },
                "hull": {
                    "hull_id": 3456905040,
                    "hull_id_str": "PFUH799",
                    "torpedoes_barrels": 0,
                    "anti_aircraft_barrels": 32,
                    "range": {
                        "max": 305,
                        "min": 13
                    },
                    "health": 42500,
                    "planes_amount": null,
                    "artillery_barrels": 2,
                    "atba_barrels": 8
                },
                "atbas": {
                    "distance": 7.6,
                    "slots": {
                        "0": {
                            "burn_probability": 11.0,
                            "bullet_speed": 870,
                            "name": "155 mm HE OEA Mle 1920",
                            "shot_delay": 9.0,
                            "damage": 2200,
                            "bullet_mass": 59,
                            "type": "HE",
                            "gun_rate": 6.7
                        },
                        "1": {
                            "burn_probability": 6.0,
                            "bullet_speed": 780,
                            "name": "100 mm HE OEA Mle 1928",
                            "shot_delay": 4.0,
                            "damage": 1400,
                            "bullet_mass": 14,
                            "type": "HE",
                            "gun_rate": 15.0
                        }
                    }
                },
                "artillery": {
                    "max_dispersion": 244,
                    "shells": {
                        "AP": {
                            "burn_probability": null,
                            "bullet_speed": 850,
                            "name": "305 mm AP OPf Mle 1933",
                            "damage": 8000,
                            "bullet_mass": 395,
                            "type": "AP"
                        },
                        "HE": {
                            "burn_probability": 17.0,
                            "bullet_speed": 905,
                            "name": "305 mm HE OEA Mle 1933",
                            "damage": 4050,
                            "bullet_mass": 308,
                            "type": "HE"
                        }
                    },
                    "shot_delay": 30.0,
                    "rotation_time": 25.7,
                    "distance": 18.8,
                    "artillery_id": 3457134416,
                    "artillery_id_str": "PFUA799",
                    "slots": {
                        "0": {
                            "barrels": 4,
                            "name": "305 mm/45 Mle 1910 (砲塔)",
                            "guns": 2
                        }
                    },
                    "gun_rate": 2.0
                },
                "torpedoes": null,
                "fighters": null,
                "submarine_mobility": null,
                "fire_control": {
                    "fire_control_id": 3456544592,
                    "distance": 0.0,
                    "distance_increase": null,
                    "fire_control_id_str": "PFUS799"
                },
                "submarine_sonar": null,
                "battle_level_range_max": 10,
                "battle_level_range_min": 8,
                "flight_control": null,
                "submarine_battery": null,
                "concealment": {
                    "total": 45,
                    "detect_distance_by_plane": 9.6,
                    "detect_distance_by_submarine": 9.6,
                    "detect_distance_by_ship": 13.7
                },
                "armour": {
                    "casemate": {
                        "max": -1,
                        "min": -1
                    },
                    "deck": {
                        "max": -1,
                        "min": -1
                    },
                    "flood_damage": 25,
                    "range": {
                        "max": 305,
                        "min": 13
                    },
                    "health": 42500,
                    "extremities": {
                        "max": -1,
                        "min": -1
                    },
                    "total": 56,
                    "citadel": {
                        "max": -1,
                        "min": -1
                    }
                },
                "weaponry": {
                    "torpedoes": 0,
                    "aircraft": 0,
                    "artillery": 79,
                    "anti_aircraft": 55
                },
                "dive_bomber": null
            },
            "upgrades": [
                4273131440,
                4257402800,
                4261597104,
                4262645680,
                4265791408,
                4287811504,
                4268937136,
                4267888560,
                4266839984,
                4275228592,
                4269985712,
                4281520048
            ],
            "tier": 8,
            "next_ships": {},
            "mod_slots": 5,
            "type": "Cruiser",
            "is_special": false,
            "name": "Metz"
        }
    }
}