{
    "status": "ok",
    "meta": {
        "count": 1,
        "page_total": 1,
        "total": 1,
        "limit": 100,
        "page": 1
    },
    "data": {
        "4179605488": {
            "description": "太平洋戦争において 1942 年中の戦闘から得られた戦訓を考慮して、アメリカ海軍は強化された格納庫と飛行甲板を備えた航空母艦の設計を開始しました。この新型空母の設計は、203 mm 砲弾と 610 mm 魚雷に対する防御を備える形でした。本級のネームシップであったミッドウェイは、第二次世界大戦の終結から 8 日後に就役しました。そして本艦は 1955 年まで世界最大の艦船としての地位を保っていました。本艦は最終的には 2004 年にサンディエゴに終の棲家を見つけ、そこで博物館船に改装されました。",
            "price_gold": 0,
            "ship_id_str": "PASA110",
            "has_demo_profile": false,
            "images": {
                "small": "https://wows-gloss-icons.wgcdn.co/icons/vehicle/small/PASA110_4d771eaae5b865a45b94b367db15a494aa27262a7d90c215fdc6bf447e6ee219.png",
                "large": "https://wows-gloss-icons.wgcdn.co/icons/vehicle/large/PASA110_e73ff99e39a5ea997518004c5c90290fbada40e27d87031e8473cdf93354fac1.png",
                "medium": "https://wows-gloss-icons.wgcdn.co/icons/vehicle/medium/PASA110_5ea144e17c74718fcd7570fb532c43a0a79946001cfee72490d6e7f397c9174a.png",
                "contour": "https://wows-gloss-icons.wgcdn.co/icons/vehicle/contour/PASA110_6771c3604de20bde7b949eebb4e62827499ade8bd0c71e145cec7c153e41c899.png"
            },
            "modules": {
                "engine": [
                    3344805872
                ],
                "torpedo_bomber": [
                    3344904176,
                    3345952752
                ],
                "fighter": [
                    3344674800,
                    3346771952,
                    3345723376
                ],
                "hull": [
                    3306958832
                ],
                "artillery": [],
                "torpedoes": [],
                "fire_control": [],
                "sonar": [],
                "flight_control": [],
                "dive_bomber": [
                    3344838640,
                    3345887216
                ]
            },
            "modules_tree": {
                "3346771952": {
                    "name": "F4U Corsair",
                    "next_modules": [
                        3345723376
                    ],
                    "is_default": true,
                    "price_xp": 0,
                    "price_credit": 1000000,
                    "next_ships": null,
                    "module_id": 3346771952,
                    "type": "Fighter",
                    "module_id_str": "PAUI904"
                },
                "3344674800": {
                    "name": "F8F Bearcat\nTiny Tim",
                    "next_modules": null,
                    "is_default": false,
                    "price_xp": 38000,
                    "price_credit": 2500000,
                    "next_ships": null,
                    "module_id": 3344674800,
                    "type": "Fighter",
                    "module_id_str": "PAUI906"
                },
                "3344904176": {
                    "name": "BTD Destroyer",
                    "next_modules": null,
                    "is_default": false,
                    "price_xp": 38000,
                    "price_credit": 2500000,
                    "next_ships": null,
                    "module_id": 3344904176,
                    "type": "TorpedoBomber",
                    "module_id_str": "PAUB906"
                },
                "3344838640": {
                    "name": "BTD Destroyer",
                    "next_modules": null,
                    "is_default": false,
                    "price_xp": 38000,
                    "price_credit": 2500000,
                    "next_ships": null,
                    "module_id": 3344838640,
                    "type": "DiveBomber",
                    "module_id_str": "PAUD906"
                },
                "3345723376": {
                    "name": "F8F Bearcat\nHVAR 127 mm",
                    "next_modules": [
                        3344674800
                    ],
                    "is_default": false,
                    "price_xp": 38000,
                    "price_credit": 2500000,
                    "next_ships": null,
                    "module_id": 3345723376,
                    "type": "Fighter",
                    "module_id_str": "PAUI905"
                },
                "3306958832": {
                    "name": "Midway",
                    "next_modules": null,
                    "is_default": true,
                    "price_xp": 0,
                    "price_credit": 3000000,
                    "next_ships": [
                        4178556912
                    ],
                    "module_id": 3306958832,
                    "type": "Hull",
                    "module_id_str": "PAUH942"
                },
                "3344805872": {
                    "name": "推力: 212,000 馬力",
                    "next_modules": null,
                    "is_default": true,
                    "price_xp": 0,
                    "price_credit": 900000,
                    "next_ships": null,
                    "module_id": 3344805872,
                    "type": "Engine",
                    "module_id_str": "PAUE906"
                },
                "3345887216": {
                    "name": "AD-1 Skyraider",
                    "next_modules": [
                        3344838640
                    ],
                    "is_default": true,
                    "price_xp": 0,
                    "price_credit": 1000000,
                    "next_ships": null,
                    "module_id": 3345887216,
                    "type": "DiveBomber",
                    "module_id_str": "PAUD905"
                },
                "3345952752": {
                    "name": "AD-1 Skyraider",
                    "next_modules": [
                        3344904176
                    ],
                    "is_default": true,
                    "price_xp": 0,
                    "price_credit": 1000000,
                    "next_ships": null,
                    "module_id": 3345952752,
                    "type": "TorpedoBomber",
                    "module_id_str": "PAUB905"
                }
            },
            "nation": "usa",
            "is_premium": false,
            "ship_id": 4179605488,
            "price_credit": 28000000,
            "default_profile": {
                "engine": {
                    "engine_id_str": "PAUE906",
                    "max_speed": 33.0,
                    "engine_id": 3344805872
                },
                "torpedo_bomber": {
                    "torpedo_distance": 4.0,
                    "plane_level": 10,
                    "squadrons": 4,
                    "name": "AD-1 Skyraider",
                    "cruise_speed": 128,
                    "prepare_time": null,
                    "torpedo_damage": 5067,
                    "count_in_squadron": {
                        "max": null,
                        "min": null
                    },
                    "torpedo_max_speed": 35,
                    "torpedo_bomber_id_str": "PAUB905",
                    "gunner_damage": null,
                    "max_damage": 5067,
                    "max_health": 1960,
                    "torpedo_bomber_id": 3345952752,
                    "torpedo_name": null
                },
                "anti_aircraft": {
                    "slots": {
                        "0": {
                            "distance": -1.0,
                            "avg_damage": null,
                            "caliber": 20,
                            "name": "20 mm Oerlikon (Mk.24 砲座)",
                            "guns": 28
                        },
                        "1": {
                            "distance": -1.0,
                            "avg_damage": null,
                            "caliber": 40,
                            "name": "40 mm/56 Bofors (Mk.1 砲座)",
                            "guns": 11
                        },
                        "2": {
                            "distance": -1.0,
                            "avg_damage": null,
                            "caliber": 40,
                            "name": "40 mm/56 Bofors (Mk.2 砲座)",
                            "guns": 10
                        },
                        "3": {
                            "distance": -1.0,
                            "avg_damage": null,
                            "caliber": 127,
                            "name": "127 mm/54 Mk.16 (Mk.39 砲座)",
                            "guns": 18
                        }
                    },
                    "defense": 98
                },
                "depth_charge": null,
                "mobility": {
                    "rudder_time": 18.2,
                    "total": 42,
                    "max_speed": 33.0,
                    "turning_radius": 1230
                },
                "hull": {
                    "hull_id": 3306958832,
                    "hull_id_str": "PAUH942",
                    "torpedoes_barrels": 0,
                    "anti_aircraft_barrels": 67,
                    "range": {
                        "max": 193,
                        "min": 13
                    },
                    "health": 67600,
                    "planes_amount": null,
                    "artillery_barrels": 0,
                    "atba_barrels": 18
                },
                "atbas": {
                    "distance": 5.0,
                    "slots": {
                        "0": {
                            "burn_probability": 9.0,
                            "bullet_speed": 808,
                            "name": "127 mm HE Mk41",
                            "shot_delay": 4.0,
                            "damage": 1800,
                            "bullet_mass": 32,
                            "type": "HE",
                            "gun_rate": 15.0
                        }
                    }
                },
                "artillery": null,
                "torpedoes": null,
                "fighters": {
                    "fighters_id": 3346771952,
                    "squadrons": 3,
                    "name": "F4U Corsair",
                    "cruise_speed": 173,
                    "prepare_time": null,
                    "gunner_damage": null,
                    "fighters_id_str": "PAUI904",
                    "count_in_squadron": {
                        "max": null,
                        "min": null
                    },
                    "max_ammo": null,
                    "plane_level": 10,
                    "avg_damage": null,
                    "max_health": 1530
                },
                "submarine_mobility": null,
                "fire_control": null,
                "submarine_sonar": null,
                "battle_level_range_max": 11,
                "battle_level_range_min": 10,
                "flight_control": null,
                "submarine_battery": null,
                "concealment": {
                    "total": 36,
                    "detect_distance_by_plane": 10.0,
                    "detect_distance_by_submarine": 10.0,
                    "detect_distance_by_ship": 15.4
                },
                "armour": {
                    "casemate": {
                        "max": -1,
                        "min": -1
                    },
                    "deck": {
                        "max": -1,
                        "min": -1
                    },
                    "flood_damage": 25,
                    "range": {
                        "max": 193,
                        "min": 13
                    },
                    "health": 67600,
                    "extremities": {
                        "max": -1,
                        "min": -1
                    },
                    "total": 87,
                    "citadel": {
                        "max": -1,
                        "min": -1
                    }
                },
                "weaponry": {
                    "torpedoes": 0,
                    "aircraft": 63,
                    "artillery": 5,
                    "anti_aircraft": 98
                },
                "dive_bomber": {
                    "squadrons": 3,
                    "name": "AD-1 Skyraider",
                    "cruise_speed": 128,
                    "dive_bomber_id": 3345887216,
                    "prepare_time": null,
                    "gunner_damage": null,
                    "bomb_damage": null,
                    "count_in_squadron": {
                        "max": null,
                        "min": null
                    },
                    "bomb_name": null,
                    "bomb_bullet_mass": 931,
                    "plane_level": 10,
                    "bomb_burn_probability": 0.0,
                    "max_damage": null,
                    "max_health": 2060,
                    "dive_bomber_id_str": "PAUD905",
                    "accuracy": {
                        "max": null,
                        "min": null
                    }
                }
            },
            "upgrades": [
                4273131440,
                4284665776,
                4265791408,
                4261597104,
                4276277168,
                4277325744,
                4269985712,
                4281520048,
                4290957232
            ],
            "tier": 10,
            "next_ships": {
                "4178556912": 0
            },
            "mod_slots": 6,
            "type": "AirCarrier",
            "is_special": false,
            "name": "Midway"
        }
    }
}