{
    "status": "ok",
    "meta": {
        "count": 1,
        "page_total": 1,
        "total": 1,
        "limit": 100,
        "page": 1
    },
    "data": {
        "4181669840": {
            "description": "日本が新型戦艦の口径制限を撤廃するという情報を入手したイギリスの造船技師たちは、新計画案である 14O 戦艦の建造に対して変更を加えました。兵装の選択肢のひとつとなったのが、三連装砲塔 3 基に 381 mm 砲を搭載する案でした。これにより、装甲の強化によって増加した重量を相殺できると考えられました。この構想をゲーム内で再現したのが、戦艦モナークです。",
            "price_gold": 0,
            "ship_id_str": "PBSB108",
            "has_demo_profile": false,
            "images": {
                "small": "https://wows-gloss-icons.wgcdn.co/icons/vehicle/small/PBSB108_d88de642b61be0c6db52d12280e33e2e9a50731cb5cb2004cb6f53f7a66de21e.png",
                "large": "https://wows-gloss-icons.wgcdn.co/icons/vehicle/large/PBSB108_c6ea64d5387bcf29e332be9f67f45b914fb1a53f3dda7f7ce71e3aa6619ae7ec.png",
                "medium": "https://wows-gloss-icons.wgcdn.co/icons/vehicle/medium/PBSB108_6f34351ce01334a43bd884980f64e8ae5c79f2f081c5721d34c963ac4e034026.png",
                "contour": "https://wows-gloss-icons.wgcdn.co/icons/vehicle/contour/PBSB108_facc8286f91a8e722e359e5857a3150a647e5055c7c606736409db8104e9e6e8.png"
            },
            "modules": {
                "engine": [
                    3537743824,
                    3538792400
                ],
                "torpedo_bomber": [],
                "fighter": [],
                "hull": [
                    3549179856,
                    3548131280
                ],
                "artillery": [
                    3549409232
                ],
                "torpedoes": [],
                "fire_control": [
                    3548819408,
                    3547770832
                ],
                "sonar": [],
                "flight_control": [],
                "dive_bomber": []
            },
            "modules_tree": {
                "3547770832": {
                    "name": "Mk VIII mod. 2",
                    "next_modules": null,
                    "is_default": false,
                    "price_xp": 23500,
                    "price_credit": 1500000,
                    "next_ships": null,
                    "module_id": 3547770832,
                    "type": "Suo",
                    "module_id_str": "PBUS712"
                },
                "3538792400": {
                    "name": "推力: 100,000 馬力",
                    "next_modules": [
                        3537743824
                    ],
                    "is_default": true,
                    "price_xp": 0,
                    "price_credit": 380000,
                    "next_ships": null,
                    "module_id": 3538792400,
                    "type": "Engine",
                    "module_id_str": "PBUE721"
                },
                "3537743824": {
                    "name": "推力: 111,700 馬力",
                    "next_modules": null,
                    "is_default": false,
                    "price_xp": 15500,
                    "price_credit": 900000,
                    "next_ships": null,
                    "module_id": 3537743824,
                    "type": "Engine",
                    "module_id_str": "PBUE722"
                },
                "3548819408": {
                    "name": "Mk VIII mod. 1",
                    "next_modules": [
                        3547770832
                    ],
                    "is_default": true,
                    "price_xp": 0,
                    "price_credit": 600000,
                    "next_ships": null,
                    "module_id": 3548819408,
                    "type": "Suo",
                    "module_id_str": "PBUS711"
                },
                "3549179856": {
                    "name": "Monarch (A)",
                    "next_modules": [
                        3548131280
                    ],
                    "is_default": true,
                    "price_xp": 0,
                    "price_credit": 1650000,
                    "next_ships": null,
                    "module_id": 3549179856,
                    "type": "Hull",
                    "module_id_str": "PBUH711"
                },
                "3548131280": {
                    "name": "Monarch (B)",
                    "next_modules": null,
                    "is_default": false,
                    "price_xp": 52000,
                    "price_credit": 3900000,
                    "next_ships": [
                        4180621264
                    ],
                    "module_id": 3548131280,
                    "type": "Hull",
                    "module_id_str": "PBUH712"
                },
                "3549409232": {
                    "name": "381 mm/45 Mk.VII (Mk.III 砲座)",
                    "next_modules": null,
                    "is_default": true,
                    "price_xp": 0,
                    "price_credit": 1100000,
                    "next_ships": null,
                    "module_id": 3549409232,
                    "type": "Artillery",
                    "module_id_str": "PBUA711"
                }
            },
            "nation": "uk",
            "is_premium": false,
            "ship_id": 4181669840,
            "price_credit": 11000000,
            "default_profile": {
                "engine": {
                    "engine_id_str": "PBUE721",
                    "max_speed": 26.6,
                    "engine_id": 3538792400
                },
                "torpedo_bomber": null,
                "anti_aircraft": {
                    "slots": {
                        "0": {
                            "distance": -1.0,
                            "avg_damage": null,
                            "caliber": 20,
                            "name": "20 mm Oerlikon Mk.I (Mk.IIA 砲座)",
                            "guns": 22
                        },
                        "1": {
                            "distance": -1.0,
                            "avg_damage": null,
                            "caliber": 40,
                            "name": "40 mm/39 Vickers QF Mk.VIII (Mk.VII 砲座)",
                            "guns": 4
                        },
                        "2": {
                            "distance": -1.0,
                            "avg_damage": null,
                            "caliber": 40,
                            "name": "40 mm/39 Vickers QF Mk.VIII (Mk.VI 砲座)",
                            "guns": 6
                        },
                        "3": {
                            "distance": -1.0,
                            "avg_damage": null,
                            "caliber": 133,
                            "name": "133 mm/50 QF Mk.I (Mk.I 砲座)",
                            "guns": 8
                        }
                    },
                    "defense": 63
                },
                "depth_charge": null,
                "mobility": {
                    "rudder_time": 21.0,
                    "total": 31,
                    "max_speed": 26.6,
                    "turning_radius": 790
                },
                "hull": {
                    "hull_id": 3549179856,
                    "hull_id_str": "PBUH711",
                    "torpedoes_barrels": 0,
                    "anti_aircraft_barrels": 40,
                    "range": {
                        "max": 457,
                        "min": 13
                    },
                    "health": 53900,
                    "planes_amount": null,
                    "artillery_barrels": 3,
                    "atba_barrels": 8
                },
                "atbas": {
                    "distance": 6.6,
                    "slots": {
                        "0": {
                            "burn_probability": 8.0,
                            "bullet_speed": 792,
                            "name": "133 mm HE Mk IC",
                            "shot_delay": 6.7,
                            "damage": 1900,
                            "bullet_mass": 36,
                            "type": "HE",
                            "gun_rate": 9.0
                        }
                    }
                },
                "artillery": {
                    "max_dispersion": 238,
                    "shells": {
                        "AP": {
                            "burn_probability": null,
                            "bullet_speed": 836,
                            "name": "381 mm AP Mk XIIIa",
                            "damage": 11900,
                            "bullet_mass": 879,
                            "type": "AP"
                        },
                        "HE": {
                            "burn_probability": 35.0,
                            "bullet_speed": 836,
                            "name": "381 mm HE Mk VIIIb",
                            "damage": 6300,
                            "bullet_mass": 879,
                            "type": "HE"
                        }
                    },
                    "shot_delay": 25.0,
                    "rotation_time": 45.0,
                    "distance": 17.9,
                    "artillery_id": 3549409232,
                    "artillery_id_str": "PBUA711",
                    "slots": {
                        "0": {
                            "barrels": 3,
                            "name": "381 mm/45 Mk.VII (Mk.III 砲座)",
                            "guns": 3
                        }
                    },
                    "gun_rate": 2.4
                },
                "torpedoes": null,
                "fighters": null,
                "submarine_mobility": null,
                "fire_control": {
                    "fire_control_id": 3548819408,
                    "distance": 0.0,
                    "distance_increase": null,
                    "fire_control_id_str": "PBUS711"
                },
                "submarine_sonar": null,
                "battle_level_range_max": 10,
                "battle_level_range_min": 8,
                "flight_control": null,
                "submarine_battery": null,
                "concealment": {
                    "total": 42,
                    "detect_distance_by_plane": 10.0,
                    "detect_distance_by_submarine": 10.0,
                    "detect_distance_by_ship": 14.1
                },
                "armour": {
                    "casemate": {
                        "max": -1,
                        "min": -1
                    },
                    "deck": {
                        "max": -1,
                        "min": -1
                    },
                    "flood_damage": 22,
                    "range": {
                        "max": 457,
                        "min": 13
                    },
                    "health": 53900,
                    "extremities": {
                        "max": -1,
                        "min": -1
                    },
                    "total": 69,
                    "citadel": {
                        "max": -1,
                        "min": -1
                    }
                },
                "weaponry": {
                    "torpedoes": 0,
                    "aircraft": 0,
                    "artillery": 88,
                    "anti_aircraft": 63
                },
                "dive_bomber": null
            },
            "upgrades": [
                4273131440,
                4266839984,
                4265791408,
                4259499952,
                4261597104,
                4262645680,
                4287811504,
                4268937136,
                4267888560,
                4275228592,
                4269985712,
                4281520048
            ],
            "tier": 8,
            "next_ships": {
                "4180621264": 180000
            },
            "mod_slots": 5,
            "type": "Battleship",
            "is_special": false,
            "name": "Monarch"
        }
    }
}