{
    "status": "ok",
    "meta": {
        "count": 1,
        "page_total": 1,
        "total": 1,
        "limit": 100,
        "page": 1
    },
    "data": {
        "4277090288": {
            "description": "モンタナ級はアイオワ級「高速戦艦」の発展型であり、より大型で、より重装甲で、兵装も強化されており、主砲として合計 12 門の 406 mm 砲を 4 基の三連装砲塔に収めて搭載する形になっていました。予備設計作業はアメリカが第二次世界大戦に参戦する前から始まっていたものの、真珠湾攻撃の影響により建造が遅たことに加え、珊瑚海海戦とミッドウェイ海戦における航空母艦の成功を受けて、アメリカ海軍は本級の建造を中止し、より有望な艦種を重視することを選びました。",
            "price_gold": 0,
            "ship_id_str": "PASB017",
            "has_demo_profile": false,
            "images": {
                "small": "https://wows-gloss-icons.wgcdn.co/icons/vehicle/small/PASB017_b51c4665351b2b42f323ce938b73fc6b9f221f170bc0596eefbda0d437026597.png",
                "large": "https://wows-gloss-icons.wgcdn.co/icons/vehicle/large/PASB017_795c396d72b8e453f3d0195ada9c9a6952a2eb99ab3374e1638412210ff81459.png",
                "medium": "https://wows-gloss-icons.wgcdn.co/icons/vehicle/medium/PASB017_51216d5fb22b99eb59df676af3abd0b5f08c0a058135fcc476913e78f72afe23.png",
                "contour": "https://wows-gloss-icons.wgcdn.co/icons/vehicle/contour/PASB017_e75fd41e0b6f5524bcb4852b7fa01ac3d549e7b28588563f4db137c1fad1083b.png"
            },
            "modules": {
                "engine": [
                    3350048752
                ],
                "torpedo_bomber": [],
                "fighter": [],
                "hull": [
                    3318493168
                ],
                "artillery": [
                    3318722544
                ],
                "torpedoes": [],
                "fire_control": [
                    3318132720
                ],
                "sonar": [],
                "flight_control": [],
                "dive_bomber": []
            },
            "modules_tree": {
                "3318132720": {
                    "name": "Mk10 mod. 1",
                    "next_modules": null,
                    "is_default": true,
                    "price_xp": 0,
                    "price_credit": 2100000,
                    "next_ships": null,
                    "module_id": 3318132720,
                    "type": "Suo",
                    "module_id_str": "PAUS931"
                },
                "3318493168": {
                    "name": "Montana",
                    "next_modules": null,
                    "is_default": true,
                    "price_xp": 0,
                    "price_credit": 3400000,
                    "next_ships": [
                        4178524144
                    ],
                    "module_id": 3318493168,
                    "type": "Hull",
                    "module_id_str": "PAUH931"
                },
                "3318722544": {
                    "name": "406 mm/50 Mk.7 (砲塔)",
                    "next_modules": null,
                    "is_default": true,
                    "price_xp": 0,
                    "price_credit": 2200000,
                    "next_ships": null,
                    "module_id": 3318722544,
                    "type": "Artillery",
                    "module_id_str": "PAUA931"
                },
                "3350048752": {
                    "name": "推力: 172,000 馬力",
                    "next_modules": null,
                    "is_default": true,
                    "price_xp": 0,
                    "price_credit": 550000,
                    "next_ships": null,
                    "module_id": 3350048752,
                    "type": "Engine",
                    "module_id_str": "PAUE901"
                }
            },
            "nation": "usa",
            "is_premium": false,
            "ship_id": 4277090288,
            "price_credit": 20800000,
            "default_profile": {
                "engine": {
                    "engine_id_str": "PAUE901",
                    "max_speed": 30.0,
                    "engine_id": 3350048752
                },
                "torpedo_bomber": null,
                "anti_aircraft": {
                    "slots": {
                        "0": {
                            "distance": -1.0,
                            "avg_damage": null,
                            "caliber": 20,
                            "name": "20 mm Oerlikon (Mk.4 砲座)",
                            "guns": 20
                        },
                        "1": {
                            "distance": -1.0,
                            "avg_damage": null,
                            "caliber": 20,
                            "name": "20 mm Oerlikon (Mk.24 砲座)",
                            "guns": 20
                        },
                        "2": {
                            "distance": -1.0,
                            "avg_damage": null,
                            "caliber": 40,
                            "name": "40 mm/56 Bofors (Mk.2 砲座)",
                            "guns": 20
                        },
                        "3": {
                            "distance": -1.0,
                            "avg_damage": null,
                            "caliber": 127,
                            "name": "127 mm/54 Mk.16 (Mk.41 砲座)",
                            "guns": 10
                        }
                    },
                    "defense": 90
                },
                "depth_charge": null,
                "mobility": {
                    "rudder_time": 22.2,
                    "total": 36,
                    "max_speed": 30.0,
                    "turning_radius": 950
                },
                "hull": {
                    "hull_id": 3318493168,
                    "hull_id_str": "PAUH931",
                    "torpedoes_barrels": 0,
                    "anti_aircraft_barrels": 70,
                    "range": {
                        "max": 457,
                        "min": 6
                    },
                    "health": 96300,
                    "planes_amount": null,
                    "artillery_barrels": 4,
                    "atba_barrels": 10
                },
                "atbas": {
                    "distance": 7.3,
                    "slots": {
                        "0": {
                            "burn_probability": 9.0,
                            "bullet_speed": 808,
                            "name": "127 mm HE Mk41",
                            "shot_delay": 4.0,
                            "damage": 1800,
                            "bullet_mass": 32,
                            "type": "HE",
                            "gun_rate": 15.0
                        }
                    }
                },
                "artillery": {
                    "max_dispersion": 296,
                    "shells": {
                        "AP": {
                            "burn_probability": null,
                            "bullet_speed": 762,
                            "name": "406 mm AP Mk8",
                            "damage": 13500,
                            "bullet_mass": 1225,
                            "type": "AP"
                        },
                        "HE": {
                            "burn_probability": 36.0,
                            "bullet_speed": 820,
                            "name": "406 mm HE/HC Mk13",
                            "damage": 5700,
                            "bullet_mass": 862,
                            "type": "HE"
                        }
                    },
                    "shot_delay": 30.0,
                    "rotation_time": 45.0,
                    "distance": 23.6,
                    "artillery_id": 3318722544,
                    "artillery_id_str": "PAUA931",
                    "slots": {
                        "0": {
                            "barrels": 3,
                            "name": "406 mm/50 Mk.7 (砲塔)",
                            "guns": 4
                        }
                    },
                    "gun_rate": 2.0
                },
                "torpedoes": null,
                "fighters": null,
                "submarine_mobility": null,
                "fire_control": {
                    "fire_control_id": 3318132720,
                    "distance": 0.0,
                    "distance_increase": null,
                    "fire_control_id_str": "PAUS931"
                },
                "submarine_sonar": null,
                "battle_level_range_max": 11,
                "battle_level_range_min": 10,
                "flight_control": null,
                "submarine_battery": null,
                "concealment": {
                    "total": 28,
                    "detect_distance_by_plane": 10.0,
                    "detect_distance_by_submarine": 10.0,
                    "detect_distance_by_ship": 17.3
                },
                "armour": {
                    "casemate": {
                        "max": -1,
                        "min": -1
                    },
                    "deck": {
                        "max": -1,
                        "min": -1
                    },
                    "flood_damage": 37,
                    "range": {
                        "max": 457,
                        "min": 6
                    },
                    "health": 96300,
                    "extremities": {
                        "max": -1,
                        "min": -1
                    },
                    "total": 100,
                    "citadel": {
                        "max": -1,
                        "min": -1
                    }
                },
                "weaponry": {
                    "torpedoes": 0,
                    "aircraft": 0,
                    "artillery": 89,
                    "anti_aircraft": 90
                },
                "dive_bomber": null
            },
            "upgrades": [
                4273131440,
                4265791408,
                4269985712,
                4261597104,
                4262645680,
                4287811504,
                4264742832,
                4266839984,
                4268937136,
                4267888560,
                4263694256,
                4275228592,
                4280471472,
                4281520048
            ],
            "tier": 10,
            "next_ships": {
                "4178524144": 0
            },
            "mod_slots": 6,
            "type": "Battleship",
            "is_special": false,
            "name": "Montana"
        }
    }
}