{
    "status": "ok",
    "meta": {
        "count": 1,
        "page_total": 1,
        "total": 1,
        "limit": 100,
        "page": 1
    },
    "data": {
        "4186846960": {
            "description": "サウロ級駆逐艦は、前級であるセラ級との違いとして、ボイラー室のレイアウトが改良され、艦橋と司令塔が拡大され、2 基の 120 mm 連装砲座が搭載されていました。本級のリードシップであったナザリオ・サウロは、1936 年から 1937 年にかけてスペイン内戦に参加しました。またイタリアが第二次世界大戦に参戦した後には、スエズ運河を渡るイギリス船団の迎撃に参加しました。しかし 1941 年 4 月 3 日、サウジアラビア沿岸付近でイギリスの航空爆弾 1 発を被弾し、撃沈されました。",
            "price_gold": 0,
            "ship_id_str": "PISD103",
            "has_demo_profile": false,
            "images": {
                "small": "https://wows-gloss-icons.wgcdn.co/icons/vehicle/small/PISD103_1ec0d9e9a10a6e3f50b6dbdcd98bf351d8892fa0589a48529d98cd277cf86058.png",
                "large": "https://wows-gloss-icons.wgcdn.co/icons/vehicle/large/PISD103_22d77edae112d2b5515ab182dca5d898fe9b2d070f74e18bd1f5fcb8e9276031.png",
                "medium": "https://wows-gloss-icons.wgcdn.co/icons/vehicle/medium/PISD103_c7835ba9877421a105e1100a0640b50c4541b44da046e482182c784edfada7fe.png",
                "contour": "https://wows-gloss-icons.wgcdn.co/icons/vehicle/contour/PISD103_c56321795fec6ffdc1295f46f09488cc96e099f4c605356ec9cdfbbe2155c102.png"
            },
            "modules": {
                "engine": [
                    4083003120
                ],
                "torpedo_bomber": [],
                "fighter": [],
                "hull": [
                    4081856240,
                    4080807664
                ],
                "artillery": [
                    4083134192
                ],
                "torpedoes": [
                    4082511600
                ],
                "fire_control": [
                    4081495792,
                    4080447216
                ],
                "sonar": [],
                "flight_control": [],
                "dive_bomber": []
            },
            "modules_tree": {
                "4080807664": {
                    "name": "Nazario Sauro (B)",
                    "next_modules": null,
                    "is_default": false,
                    "price_xp": 900,
                    "price_credit": 105000,
                    "next_ships": [
                        4185798384
                    ],
                    "module_id": 4080807664,
                    "type": "Hull",
                    "module_id_str": "PIUH204"
                },
                "4081495792": {
                    "name": "SDT 3 mod.1",
                    "next_modules": [
                        4080447216
                    ],
                    "is_default": true,
                    "price_xp": 0,
                    "price_credit": 24000,
                    "next_ships": null,
                    "module_id": 4081495792,
                    "type": "Suo",
                    "module_id_str": "PIUS203"
                },
                "4083003120": {
                    "name": "推力: 36,000 馬力",
                    "next_modules": null,
                    "is_default": true,
                    "price_xp": 0,
                    "price_credit": 24000,
                    "next_ships": null,
                    "module_id": 4083003120,
                    "type": "Engine",
                    "module_id_str": "PIUE202"
                },
                "4081856240": {
                    "name": "Nazario Sauro (A)",
                    "next_modules": [
                        4080807664
                    ],
                    "is_default": true,
                    "price_xp": 0,
                    "price_credit": 36000,
                    "next_ships": null,
                    "module_id": 4081856240,
                    "type": "Hull",
                    "module_id_str": "PIUH203"
                },
                "4083134192": {
                    "name": "120 mm/45 Vickers-Terni Model 1924 (Model 1926 砲座)",
                    "next_modules": null,
                    "is_default": true,
                    "price_xp": 0,
                    "price_credit": 24000,
                    "next_ships": null,
                    "module_id": 4083134192,
                    "type": "Artillery",
                    "module_id_str": "PIUA202"
                },
                "4082511600": {
                    "name": "533 mm Si 270 K",
                    "next_modules": null,
                    "is_default": true,
                    "price_xp": 0,
                    "price_credit": 24000,
                    "next_ships": null,
                    "module_id": 4082511600,
                    "type": "Torpedoes",
                    "module_id_str": "PIUT202"
                },
                "4080447216": {
                    "name": "SDT 3 mod.2",
                    "next_modules": null,
                    "is_default": false,
                    "price_xp": 600,
                    "price_credit": 70000,
                    "next_ships": null,
                    "module_id": 4080447216,
                    "type": "Suo",
                    "module_id_str": "PIUS204"
                }
            },
            "nation": "italy",
            "is_premium": false,
            "ship_id": 4186846960,
            "price_credit": 250000,
            "default_profile": {
                "engine": {
                    "engine_id_str": "PIUE202",
                    "max_speed": 35.0,
                    "engine_id": 4083003120
                },
                "torpedo_bomber": null,
                "anti_aircraft": {
                    "slots": {
                        "0": {
                            "distance": -1.0,
                            "avg_damage": null,
                            "caliber": 7,
                            "name": "7.7 mm Lewis (単装銃座)",
                            "guns": 1
                        },
                        "1": {
                            "distance": -1.0,
                            "avg_damage": null,
                            "caliber": 40,
                            "name": "40 mm/39 Vickers-Terni Model 1917 (単装砲座)",
                            "guns": 2
                        }
                    },
                    "defense": 17
                },
                "depth_charge": null,
                "mobility": {
                    "rudder_time": 3.8,
                    "total": 65,
                    "max_speed": 35.0,
                    "turning_radius": 500
                },
                "hull": {
                    "hull_id": 4081856240,
                    "hull_id_str": "PIUH203",
                    "torpedoes_barrels": 2,
                    "anti_aircraft_barrels": 3,
                    "range": {
                        "max": 10,
                        "min": 6
                    },
                    "health": 8900,
                    "planes_amount": null,
                    "artillery_barrels": 2,
                    "atba_barrels": 0
                },
                "atbas": {
                    "distance": 0.0
                },
                "artillery": {
                    "max_dispersion": 57,
                    "shells": {
                        "HE": {
                            "burn_probability": 5.0,
                            "bullet_speed": 850,
                            "name": "120 mm proiettili HE 1926",
                            "damage": 1700,
                            "bullet_mass": 22,
                            "type": "HE"
                        }
                    },
                    "shot_delay": 6.0,
                    "rotation_time": 18.0,
                    "distance": 5.6,
                    "artillery_id": 4083134192,
                    "artillery_id_str": "PIUA202",
                    "slots": {
                        "0": {
                            "barrels": 2,
                            "name": "120 mm/45 Vickers-Terni Model 1924 (Model 1926 砲座)",
                            "guns": 2
                        }
                    },
                    "gun_rate": 9.4
                },
                "torpedoes": {
                    "visibility_dist": 1.1,
                    "distance": 8.0,
                    "torpedoes_id": 4082511600,
                    "torpedo_name": "533 mm Si 270 K",
                    "reload_time": 85,
                    "torpedo_speed": 51,
                    "rotation_time": 7.2,
                    "torpedoes_id_str": "PIUT202",
                    "slots": {
                        "0": {
                            "barrels": 3,
                            "caliber": 533,
                            "name": "533 mm tubo lanciasiluri",
                            "guns": 2
                        }
                    },
                    "max_damage": 7333
                },
                "fighters": null,
                "submarine_mobility": null,
                "fire_control": {
                    "fire_control_id": 4081495792,
                    "distance": 0.0,
                    "distance_increase": null,
                    "fire_control_id_str": "PIUS203"
                },
                "submarine_sonar": null,
                "battle_level_range_max": 4,
                "battle_level_range_min": 3,
                "flight_control": null,
                "submarine_battery": null,
                "concealment": {
                    "total": 95,
                    "detect_distance_by_plane": 2.5,
                    "detect_distance_by_submarine": 2.5,
                    "detect_distance_by_ship": 6.2
                },
                "armour": {
                    "casemate": {
                        "max": -1,
                        "min": -1
                    },
                    "deck": {
                        "max": -1,
                        "min": -1
                    },
                    "flood_damage": 0,
                    "range": {
                        "max": 10,
                        "min": 6
                    },
                    "health": 8900,
                    "extremities": {
                        "max": -1,
                        "min": -1
                    },
                    "total": 12,
                    "citadel": {
                        "max": -1,
                        "min": -1
                    }
                },
                "weaponry": {
                    "torpedoes": 6,
                    "aircraft": 0,
                    "artillery": 35,
                    "anti_aircraft": 17
                },
                "dive_bomber": null
            },
            "upgrades": [
                4273131440,
                4261597104,
                4262645680
            ],
            "tier": 3,
            "next_ships": {
                "4185798384": 5600
            },
            "mod_slots": 2,
            "type": "Destroyer",
            "is_special": false,
            "name": "Nazario Sauro"
        }
    }
}