{
    "status": "ok",
    "meta": {
        "count": 1,
        "page_total": 1,
        "total": 1,
        "limit": 100,
        "page": 1
    },
    "data": {
        "4180588496": {
            "description": "1944 年 2 月に新世代の軽巡洋艦の開発が開始され、設計陣はエディンバラ級およびアメリカのクリーヴランド級軽巡洋艦をベースとして使用しました。最初の設計草案が 3 月に完成し、その更なる開発の結果としてプロジェクト Y が生まれました。本級のリードシップはネプチューンと命名されることになっていましたが、アメリカにおけるウースター級軽巡洋艦の建造は、単に高仰角の主砲を搭載した軽巡洋艦が、もはや最先端とはみなせなくなったことを示していました。そのためにイギリスの設計陣は再び新たなソリューションを模索し始めました。",
            "price_gold": 0,
            "ship_id_str": "PBSC109",
            "has_demo_profile": false,
            "images": {
                "small": "https://wows-gloss-icons.wgcdn.co/icons/vehicle/small/PBSC109_68f4d8117a230d7e27ad8c6d5d8442fb225a426b3dc2d2883e1d6ca5522f2612.png",
                "large": "https://wows-gloss-icons.wgcdn.co/icons/vehicle/large/PBSC109_29c0c2ca299646633eeaec41763f7098906f48e397067d2dd9991358a0fc89d6.png",
                "medium": "https://wows-gloss-icons.wgcdn.co/icons/vehicle/medium/PBSC109_60c205d8a871235226ed986ef9c7a83a45c3bb7aa808d017fb2afcfb88179adc.png",
                "contour": "https://wows-gloss-icons.wgcdn.co/icons/vehicle/contour/PBSC109_41ebc3f77c5464d3e6796a00f8e39fa6b7c660e11674d0664be75f7653b9e45b.png"
            },
            "modules": {
                "engine": [
                    3454906320
                ],
                "torpedo_bomber": [],
                "fighter": [],
                "hull": [
                    3453759440,
                    3454808016
                ],
                "artillery": [
                    3455037392
                ],
                "torpedoes": [
                    3454414800,
                    3453366224
                ],
                "fire_control": [
                    3454447568,
                    3453398992
                ],
                "sonar": [],
                "flight_control": [],
                "dive_bomber": []
            },
            "modules_tree": {
                "3455037392": {
                    "name": "152 mm/50 BL Mk.XXIII (Mk.XXV 砲座)",
                    "next_modules": null,
                    "is_default": true,
                    "price_xp": 0,
                    "price_credit": 1000000,
                    "next_ships": null,
                    "module_id": 3455037392,
                    "type": "Artillery",
                    "module_id_str": "PBUA801"
                },
                "3453398992": {
                    "name": "Mk IX mod. 2",
                    "next_modules": null,
                    "is_default": false,
                    "price_xp": 22000,
                    "price_credit": 2000000,
                    "next_ships": null,
                    "module_id": 3453398992,
                    "type": "Suo",
                    "module_id_str": "PBUS802"
                },
                "3454808016": {
                    "name": "Neptune (A)",
                    "next_modules": [
                        3453759440
                    ],
                    "is_default": true,
                    "price_xp": 0,
                    "price_credit": 1300000,
                    "next_ships": null,
                    "module_id": 3454808016,
                    "type": "Hull",
                    "module_id_str": "PBUH801"
                },
                "3454414800": {
                    "name": "533 mm Mk IX**",
                    "next_modules": [
                        3453366224
                    ],
                    "is_default": true,
                    "price_xp": 0,
                    "price_credit": 1200000,
                    "next_ships": null,
                    "module_id": 3454414800,
                    "type": "Torpedoes",
                    "module_id_str": "PBUT801"
                },
                "3454447568": {
                    "name": "Mk IX mod. 1",
                    "next_modules": [
                        3453398992
                    ],
                    "is_default": true,
                    "price_xp": 0,
                    "price_credit": 900000,
                    "next_ships": null,
                    "module_id": 3454447568,
                    "type": "Suo",
                    "module_id_str": "PBUS801"
                },
                "3453759440": {
                    "name": "Neptune (B)",
                    "next_modules": null,
                    "is_default": false,
                    "price_xp": 42000,
                    "price_credit": 3000000,
                    "next_ships": [
                        4179539920
                    ],
                    "module_id": 3453759440,
                    "type": "Hull",
                    "module_id_str": "PBUH802"
                },
                "3454906320": {
                    "name": "推力: 110,000 馬力",
                    "next_modules": null,
                    "is_default": true,
                    "price_xp": 0,
                    "price_credit": 800000,
                    "next_ships": null,
                    "module_id": 3454906320,
                    "type": "Engine",
                    "module_id_str": "PBUE801"
                },
                "3453366224": {
                    "name": "533 mm Mk IXM",
                    "next_modules": null,
                    "is_default": false,
                    "price_xp": 20000,
                    "price_credit": 1800000,
                    "next_ships": null,
                    "module_id": 3453366224,
                    "type": "Torpedoes",
                    "module_id_str": "PBUT802"
                }
            },
            "nation": "uk",
            "is_premium": false,
            "ship_id": 4180588496,
            "price_credit": 13600000,
            "default_profile": {
                "engine": {
                    "engine_id_str": "PBUE801",
                    "max_speed": 33.5,
                    "engine_id": 3454906320
                },
                "torpedo_bomber": null,
                "anti_aircraft": {
                    "slots": {
                        "0": {
                            "distance": -1.0,
                            "avg_damage": null,
                            "caliber": 20,
                            "name": "20 mm Oerlikon Mk.I (Mk.IIA 砲座)",
                            "guns": 14
                        },
                        "1": {
                            "distance": -1.0,
                            "avg_damage": null,
                            "caliber": 40,
                            "name": "40 mm/56 OQF Mk.XI (Mk.V 砲座)",
                            "guns": 10
                        },
                        "2": {
                            "distance": -1.0,
                            "avg_damage": null,
                            "caliber": 113,
                            "name": "113 mm/45 QF Mk.V (RP41 Mk.VI 砲座)",
                            "guns": 6
                        },
                        "3": {
                            "distance": -1.0,
                            "avg_damage": null,
                            "caliber": 152,
                            "name": "152 mm/50 BL Mk.XXIII (Mk.XXV 砲座)",
                            "guns": 4
                        }
                    },
                    "defense": 85
                },
                "depth_charge": {
                    "num_bombs_in_pack": 4,
                    "bomb_max_damage": 5000,
                    "max_packs": 2,
                    "reload_time": 40.0
                },
                "mobility": {
                    "rudder_time": 15.1,
                    "total": 50,
                    "max_speed": 33.5,
                    "turning_radius": 790
                },
                "hull": {
                    "hull_id": 3454808016,
                    "hull_id_str": "PBUH801",
                    "torpedoes_barrels": 4,
                    "anti_aircraft_barrels": 34,
                    "range": {
                        "max": 102,
                        "min": 13
                    },
                    "health": 39900,
                    "planes_amount": null,
                    "artillery_barrels": 4,
                    "atba_barrels": 6
                },
                "atbas": {
                    "distance": 7.0,
                    "slots": {
                        "0": {
                            "burn_probability": 7.0,
                            "bullet_speed": 746,
                            "name": "113 mm HE Mk XVI",
                            "shot_delay": 3.0,
                            "damage": 1600,
                            "bullet_mass": 25,
                            "type": "HE",
                            "gun_rate": 20.0
                        }
                    }
                },
                "artillery": {
                    "max_dispersion": 136,
                    "shells": {
                        "AP": {
                            "burn_probability": null,
                            "bullet_speed": 768,
                            "name": "152 mm AP Mk V",
                            "damage": 3200,
                            "bullet_mass": 59,
                            "type": "AP"
                        }
                    },
                    "shot_delay": 4.0,
                    "rotation_time": 18.0,
                    "distance": 15.0,
                    "artillery_id": 3455037392,
                    "artillery_id_str": "PBUA801",
                    "slots": {
                        "0": {
                            "barrels": 3,
                            "name": "152 mm/50 BL Mk.XXIII (Mk.XXV 砲座)",
                            "guns": 4
                        }
                    },
                    "gun_rate": 12.5
                },
                "torpedoes": {
                    "visibility_dist": 1.3,
                    "distance": 10.0,
                    "torpedoes_id": 3454414800,
                    "torpedo_name": "533 mm Mk IX**",
                    "reload_time": 96,
                    "torpedo_speed": 62,
                    "rotation_time": 7.2,
                    "torpedoes_id_str": "PBUT801",
                    "slots": {
                        "0": {
                            "barrels": 4,
                            "caliber": 533,
                            "name": "533 mm QR Mk II",
                            "guns": 4
                        }
                    },
                    "max_damage": 15533
                },
                "fighters": null,
                "submarine_mobility": null,
                "fire_control": {
                    "fire_control_id": 3454447568,
                    "distance": 0.0,
                    "distance_increase": null,
                    "fire_control_id_str": "PBUS801"
                },
                "submarine_sonar": null,
                "battle_level_range_max": 11,
                "battle_level_range_min": 9,
                "flight_control": null,
                "submarine_battery": null,
                "concealment": {
                    "total": 52,
                    "detect_distance_by_plane": 8.5,
                    "detect_distance_by_submarine": 8.5,
                    "detect_distance_by_ship": 12.8
                },
                "armour": {
                    "casemate": {
                        "max": -1,
                        "min": -1
                    },
                    "deck": {
                        "max": -1,
                        "min": -1
                    },
                    "flood_damage": 13,
                    "range": {
                        "max": 102,
                        "min": 13
                    },
                    "health": 39900,
                    "extremities": {
                        "max": -1,
                        "min": -1
                    },
                    "total": 55,
                    "citadel": {
                        "max": -1,
                        "min": -1
                    }
                },
                "weaponry": {
                    "torpedoes": 45,
                    "aircraft": 0,
                    "artillery": 50,
                    "anti_aircraft": 85
                },
                "dive_bomber": null
            },
            "upgrades": [
                4287811504,
                4281520048,
                4273131440,
                4265791408,
                4261597104,
                4220702640,
                4269985712,
                4278374320,
                4262645680,
                4266839984,
                4275228592,
                4279422896,
                4259499952,
                4267888560,
                4257402800,
                4280471472
            ],
            "tier": 9,
            "next_ships": {
                "4179539920": 238000
            },
            "mod_slots": 6,
            "type": "Cruiser",
            "is_special": false,
            "name": "Neptune"
        }
    }
}