{
    "status": "ok",
    "meta": {
        "count": 1,
        "page_total": 1,
        "total": 1,
        "limit": 100,
        "page": 1
    },
    "data": {
        "4182685680": {
            "description": "この新たな巡洋艦級では、機関が直線状に配置されたため、前級に比べて船体が短くなっていました。この配置により、喫水線における装甲帯を増厚することができました。本級のネームシップであったニューオーリンズは、珊瑚海海戦、ミッドウェイ海戦に参加し、その後ソロモン諸島沖での作戦に参加しました。しかしルンガ沖夜戦の最中、魚雷 1 本を被雷して爆発が起こり、艦首の一部が切断されました。そして修理の後、サイパン島上陸、マリアナ沖海戦、レイテ沖海戦、沖縄上陸作戦に参加しました。本艦は第二次世界大戦を通して 17 個の従軍星章を受章しました。",
            "price_gold": 0,
            "ship_id_str": "PASC107",
            "has_demo_profile": false,
            "images": {
                "small": "https://wows-gloss-icons.wgcdn.co/icons/vehicle/small/PASC107_0313da8b996f2dcc654d6f4aa69d8a19c5ffc29b42a012bcb97768249f77697b.png",
                "large": "https://wows-gloss-icons.wgcdn.co/icons/vehicle/large/PASC107_49a9ec174fb3ef40d7d34b1a8dd97f2e1adee66795d55e2bb59fa2caa7337846.png",
                "medium": "https://wows-gloss-icons.wgcdn.co/icons/vehicle/medium/PASC107_53b22a5346ff44957b91ccdea1686eb630b0ad16ed2c87121f89f2f584423695.png",
                "contour": "https://wows-gloss-icons.wgcdn.co/icons/vehicle/contour/PASC107_2d04212adf83ab6bbc5bad6ad2854c65386e2fe1a768927354062b7597b35a3a.png"
            },
            "modules": {
                "engine": [
                    3659378672
                ],
                "torpedo_bomber": [],
                "fighter": [],
                "hull": [
                    3659280368,
                    3658231792
                ],
                "artillery": [
                    3660558320
                ],
                "torpedoes": [],
                "fire_control": [
                    3658919920,
                    3659968496
                ],
                "sonar": [],
                "flight_control": [],
                "dive_bomber": []
            },
            "modules_tree": {
                "3658231792": {
                    "name": "New Orleans (B)",
                    "next_modules": null,
                    "is_default": false,
                    "price_xp": 17800,
                    "price_credit": 1300000,
                    "next_ships": [
                        4181637104
                    ],
                    "module_id": 3658231792,
                    "type": "Hull",
                    "module_id_str": "PAUH607"
                },
                "3659280368": {
                    "name": "New Orleans (A)",
                    "next_modules": [
                        3658231792
                    ],
                    "is_default": true,
                    "price_xp": 0,
                    "price_credit": 610000,
                    "next_ships": null,
                    "module_id": 3659280368,
                    "type": "Hull",
                    "module_id_str": "PAUH606"
                },
                "3658919920": {
                    "name": "Mk7 mod. 2",
                    "next_modules": null,
                    "is_default": false,
                    "price_xp": 10200,
                    "price_credit": 820000,
                    "next_ships": null,
                    "module_id": 3658919920,
                    "type": "Suo",
                    "module_id_str": "PAUS606"
                },
                "3659968496": {
                    "name": "Mk7 mod. 1",
                    "next_modules": [
                        3658919920
                    ],
                    "is_default": true,
                    "price_xp": 0,
                    "price_credit": 395000,
                    "next_ships": null,
                    "module_id": 3659968496,
                    "type": "Suo",
                    "module_id_str": "PAUS605"
                },
                "3659378672": {
                    "name": "推力: 107,000 馬力",
                    "next_modules": null,
                    "is_default": true,
                    "price_xp": 0,
                    "price_credit": 390000,
                    "next_ships": null,
                    "module_id": 3659378672,
                    "type": "Engine",
                    "module_id_str": "PAUE606"
                },
                "3660558320": {
                    "name": "203 mm/55 Mk.12 (砲塔)",
                    "next_modules": null,
                    "is_default": true,
                    "price_xp": 0,
                    "price_credit": 440000,
                    "next_ships": null,
                    "module_id": 3660558320,
                    "type": "Artillery",
                    "module_id_str": "PAUA605"
                }
            },
            "nation": "usa",
            "is_premium": false,
            "ship_id": 4182685680,
            "price_credit": 5570000,
            "default_profile": {
                "engine": {
                    "engine_id_str": "PAUE606",
                    "max_speed": 32.5,
                    "engine_id": 3659378672
                },
                "torpedo_bomber": null,
                "anti_aircraft": {
                    "slots": {
                        "0": {
                            "distance": -1.0,
                            "avg_damage": null,
                            "caliber": 20,
                            "name": "20 mm Oerlikon (Mk.4 砲座)",
                            "guns": 26
                        },
                        "1": {
                            "distance": -1.0,
                            "avg_damage": null,
                            "caliber": 40,
                            "name": "40 mm/56 Bofors (Mk.1 砲座)",
                            "guns": 6
                        },
                        "2": {
                            "distance": -1.0,
                            "avg_damage": null,
                            "caliber": 127,
                            "name": "127 mm/25 Mk.19 (Mk.19 砲座)",
                            "guns": 8
                        }
                    },
                    "defense": 61
                },
                "depth_charge": null,
                "mobility": {
                    "rudder_time": 9.0,
                    "total": 54,
                    "max_speed": 32.5,
                    "turning_radius": 660
                },
                "hull": {
                    "hull_id": 3659280368,
                    "hull_id_str": "PAUH606",
                    "torpedoes_barrels": 0,
                    "anti_aircraft_barrels": 40,
                    "range": {
                        "max": 152,
                        "min": 6
                    },
                    "health": 29700,
                    "planes_amount": null,
                    "artillery_barrels": 3,
                    "atba_barrels": 8
                },
                "atbas": {
                    "distance": 5.6,
                    "slots": {
                        "0": {
                            "burn_probability": 9.0,
                            "bullet_speed": 657,
                            "name": "127 mm HE/HC Mk36",
                            "shot_delay": 4.5,
                            "damage": 1800,
                            "bullet_mass": 24,
                            "type": "HE",
                            "gun_rate": 13.3
                        }
                    }
                },
                "artillery": {
                    "max_dispersion": 134,
                    "shells": {
                        "AP": {
                            "burn_probability": null,
                            "bullet_speed": 853,
                            "name": "203 mm AP Mk19",
                            "damage": 4600,
                            "bullet_mass": 118,
                            "type": "AP"
                        },
                        "HE": {
                            "burn_probability": 14.0,
                            "bullet_speed": 823,
                            "name": "203 mm HE/HC Mk25",
                            "damage": 2800,
                            "bullet_mass": 118,
                            "type": "HE"
                        }
                    },
                    "shot_delay": 13.0,
                    "rotation_time": 27.7,
                    "distance": 14.7,
                    "artillery_id": 3660558320,
                    "artillery_id_str": "PAUA605",
                    "slots": {
                        "0": {
                            "barrels": 3,
                            "name": "203 mm/55 Mk.12 (砲塔)",
                            "guns": 3
                        }
                    },
                    "gun_rate": 4.6
                },
                "torpedoes": null,
                "fighters": null,
                "submarine_mobility": null,
                "fire_control": {
                    "fire_control_id": 3659968496,
                    "distance": 0.0,
                    "distance_increase": null,
                    "fire_control_id_str": "PAUS605"
                },
                "submarine_sonar": null,
                "battle_level_range_max": 9,
                "battle_level_range_min": 7,
                "flight_control": null,
                "submarine_battery": null,
                "concealment": {
                    "total": 61,
                    "detect_distance_by_plane": 6.0,
                    "detect_distance_by_submarine": 6.0,
                    "detect_distance_by_ship": 12.1
                },
                "armour": {
                    "casemate": {
                        "max": -1,
                        "min": -1
                    },
                    "deck": {
                        "max": -1,
                        "min": -1
                    },
                    "flood_damage": 4,
                    "range": {
                        "max": 152,
                        "min": 6
                    },
                    "health": 29700,
                    "extremities": {
                        "max": -1,
                        "min": -1
                    },
                    "total": 41,
                    "citadel": {
                        "max": -1,
                        "min": -1
                    }
                },
                "weaponry": {
                    "torpedoes": 0,
                    "aircraft": 0,
                    "artillery": 73,
                    "anti_aircraft": 61
                },
                "dive_bomber": null
            },
            "upgrades": [
                4273131440,
                4259499952,
                4261597104,
                4262645680,
                4287811504,
                4268937136,
                4267888560,
                4275228592,
                4269985712,
                4281520048
            ],
            "tier": 7,
            "next_ships": {
                "4181637104": 110000
            },
            "mod_slots": 4,
            "type": "Cruiser",
            "is_special": false,
            "name": "New Orleans"
        }
    }
}