{
    "status": "ok",
    "meta": {
        "count": 1,
        "page_total": 1,
        "total": 1,
        "limit": 100,
        "page": 1
    },
    "data": {
        "4187928304": {
            "description": "20 世紀の初頭には、高速な偵察巡洋艦というアイデアが多くの国々で人気がありました。イタリア海軍におけるこの種の最初の艦艇は装甲巡洋艦クアルトでした。その発展型としてニーノ・ビクシオ級が開発されました。本級は原型艦よりも大型で、火砲の配置がより使い易くなっていました。本級のリードシップであったニーノ・ビクシオは第一次世界大戦中にオーストリア＝ハンガリー帝国の通商破壊艦を迎撃し、協商国の輸送船を防衛しました。本艦は 1920 年代の終わりまで運用されました。",
            "price_gold": 0,
            "ship_id_str": "PISC102",
            "has_demo_profile": false,
            "images": {
                "small": "https://wows-gloss-icons.wgcdn.co/icons/vehicle/small/PISC102_3f853420d52d4c23a0da55e0abe67ff88cbfea5f5ce1f0e763007d54eb90b0c0.png",
                "large": "https://wows-gloss-icons.wgcdn.co/icons/vehicle/large/PISC102_d4607d23f89bde1c6f2fc169837843695df4e5b554f2bf162c8dd98bd278fe64.png",
                "medium": "https://wows-gloss-icons.wgcdn.co/icons/vehicle/medium/PISC102_3ece6064b6d06148b285b5c89f6fc8f9e5789437288ede575450c05a5ea9ddf6.png",
                "contour": "https://wows-gloss-icons.wgcdn.co/icons/vehicle/contour/PISC102_68600612bfe04ac922c22fa94ed05da5dc39f5ef48655a88471c11aa5e3d8c22.png"
            },
            "modules": {
                "engine": [
                    4188909296
                ],
                "torpedo_bomber": [],
                "fighter": [],
                "hull": [
                    4188810992,
                    4187762416
                ],
                "artillery": [
                    4189040368
                ],
                "torpedoes": [],
                "fire_control": [
                    4187401968,
                    4188450544
                ],
                "sonar": [],
                "flight_control": [],
                "dive_bomber": []
            },
            "modules_tree": {
                "4187762416": {
                    "name": "Nino Bixio (B)",
                    "next_modules": null,
                    "is_default": false,
                    "price_xp": 300,
                    "price_credit": 25000,
                    "next_ships": [
                        4186879728
                    ],
                    "module_id": 4187762416,
                    "type": "Hull",
                    "module_id_str": "PIUH102"
                },
                "4188909296": {
                    "name": "推力: 23,000 馬力",
                    "next_modules": null,
                    "is_default": true,
                    "price_xp": 0,
                    "price_credit": 4000,
                    "next_ships": null,
                    "module_id": 4188909296,
                    "type": "Engine",
                    "module_id_str": "PIUE101"
                },
                "4188810992": {
                    "name": "Nino Bixio (A)",
                    "next_modules": [
                        4187762416
                    ],
                    "is_default": true,
                    "price_xp": 0,
                    "price_credit": 10500,
                    "next_ships": null,
                    "module_id": 4188810992,
                    "type": "Hull",
                    "module_id_str": "PIUH101"
                },
                "4187401968": {
                    "name": "SDT 2 mod.2",
                    "next_modules": null,
                    "is_default": false,
                    "price_xp": 180,
                    "price_credit": 15000,
                    "next_ships": [
                        4187895536
                    ],
                    "module_id": 4187401968,
                    "type": "Suo",
                    "module_id_str": "PIUS102"
                },
                "4189040368": {
                    "name": "120 mm/50 Elswick Pattern \"EE\" (防盾付き砲座)",
                    "next_modules": null,
                    "is_default": true,
                    "price_xp": 0,
                    "price_credit": 8500,
                    "next_ships": null,
                    "module_id": 4189040368,
                    "type": "Artillery",
                    "module_id_str": "PIUA101"
                },
                "4188450544": {
                    "name": "SDT 2 mod.1",
                    "next_modules": [
                        4187401968
                    ],
                    "is_default": true,
                    "price_xp": 0,
                    "price_credit": 5000,
                    "next_ships": null,
                    "module_id": 4188450544,
                    "type": "Suo",
                    "module_id_str": "PIUS101"
                }
            },
            "nation": "italy",
            "is_premium": false,
            "ship_id": 4187928304,
            "price_credit": 85000,
            "default_profile": {
                "engine": {
                    "engine_id_str": "PIUE101",
                    "max_speed": 26.8,
                    "engine_id": 4188909296
                },
                "torpedo_bomber": null,
                "anti_aircraft": {
                    "slots": {
                        "0": {
                            "distance": -1.0,
                            "avg_damage": null,
                            "caliber": 7,
                            "name": "7.7 mm Lewis",
                            "guns": 2
                        }
                    },
                    "defense": 7
                },
                "depth_charge": null,
                "mobility": {
                    "rudder_time": 6.7,
                    "total": 46,
                    "max_speed": 26.8,
                    "turning_radius": 480
                },
                "hull": {
                    "hull_id": 4188810992,
                    "hull_id_str": "PIUH101",
                    "torpedoes_barrels": 0,
                    "anti_aircraft_barrels": 2,
                    "range": {
                        "max": 100,
                        "min": 6
                    },
                    "health": 15500,
                    "planes_amount": null,
                    "artillery_barrels": 8,
                    "atba_barrels": 6
                },
                "atbas": {
                    "distance": 3.2,
                    "slots": {
                        "0": {
                            "burn_probability": 4.0,
                            "bullet_speed": 815,
                            "name": "76 mm proiettili HE 1909",
                            "shot_delay": 6.0,
                            "damage": 1100,
                            "bullet_mass": 6,
                            "type": "HE",
                            "gun_rate": 10.0
                        }
                    }
                },
                "artillery": {
                    "max_dispersion": 104,
                    "shells": {},
                    "shot_delay": 5.0,
                    "rotation_time": 15.0,
                    "distance": 10.3,
                    "artillery_id": 4189040368,
                    "artillery_id_str": "PIUA101",
                    "slots": {
                        "0": {
                            "barrels": 1,
                            "name": "120 mm/50 Elswick Pattern \"EE\" (防盾付き砲座)",
                            "guns": 8
                        }
                    },
                    "gun_rate": 10.9
                },
                "torpedoes": null,
                "fighters": null,
                "submarine_mobility": null,
                "fire_control": {
                    "fire_control_id": 4188450544,
                    "distance": 0.0,
                    "distance_increase": null,
                    "fire_control_id_str": "PIUS101"
                },
                "submarine_sonar": null,
                "battle_level_range_max": 3,
                "battle_level_range_min": 2,
                "flight_control": null,
                "submarine_battery": null,
                "concealment": {
                    "total": 85,
                    "detect_distance_by_plane": 4.0,
                    "detect_distance_by_submarine": 4.0,
                    "detect_distance_by_ship": 7.9
                },
                "armour": {
                    "casemate": {
                        "max": -1,
                        "min": -1
                    },
                    "deck": {
                        "max": -1,
                        "min": -1
                    },
                    "flood_damage": 0,
                    "range": {
                        "max": 100,
                        "min": 6
                    },
                    "health": 15500,
                    "extremities": {
                        "max": -1,
                        "min": -1
                    },
                    "total": 17,
                    "citadel": {
                        "max": -1,
                        "min": -1
                    }
                },
                "weaponry": {
                    "torpedoes": 0,
                    "aircraft": 0,
                    "artillery": 23,
                    "anti_aircraft": 7
                },
                "dive_bomber": null
            },
            "upgrades": [
                4261597104,
                4262645680
            ],
            "tier": 2,
            "next_ships": {
                "4186879728": 2000,
                "4187895536": 600
            },
            "mod_slots": 1,
            "type": "Cruiser",
            "is_special": false,
            "name": "Nino Bixio"
        }
    }
}