{
    "status": "ok",
    "meta": {
        "count": 1,
        "page_total": 1,
        "total": 1,
        "limit": 100,
        "page": 1
    },
    "data": {
        "4187928016": {
            "description": "1898 年、太平洋艦隊向けの偵察巡洋艦を設計するための競争が告知されました。この競争の勝者は、ドイツのシーヒャウ造船所による案でした。完成した巡洋艦の最高速度は 26 ノットで、当時の巡洋艦としては驚異的な速さでした。本艦は 1902 年から 1903 年にかけて極東に移送され、日露戦争が勃発した際には積極的に戦闘に参加しました。巡洋艦対馬に遭遇したノヴィークは、日本の援軍が近づいていることを知っていた艦長の命令により自沈しました。1906 年、この巡洋艦は浮揚され、鈴谷という艦名で日本海軍に編入されました。",
            "price_gold": 0,
            "ship_id_str": "PRSC102",
            "has_demo_profile": false,
            "images": {
                "small": "https://wows-gloss-icons.wgcdn.co/icons/vehicle/small/PRSC102_775a7f4068b9ca4c98db5b60f8282b2a05fba5f83b9656949679b8498f6c7260.png",
                "large": "https://wows-gloss-icons.wgcdn.co/icons/vehicle/large/PRSC102_fd62bfa985e086ab624bc81c29cae45a502fbaf506277293684af912827f042f.png",
                "medium": "https://wows-gloss-icons.wgcdn.co/icons/vehicle/medium/PRSC102_e03e2d4ebcb226b7e947766a24ec25adfe798ff0ef8b6ea5da8feacdaa92bd97.png",
                "contour": "https://wows-gloss-icons.wgcdn.co/icons/vehicle/contour/PRSC102_ed7a4a1104f1a554a265b6f710d5ef23feaf14008c0bb25a056ad30df9891945.png"
            },
            "modules": {
                "engine": [
                    4157451728
                ],
                "torpedo_bomber": [],
                "fighter": [],
                "hull": [
                    4157353424,
                    4156304848
                ],
                "artillery": [
                    4157582800
                ],
                "torpedoes": [],
                "fire_control": [
                    4156992976,
                    4155944400
                ],
                "sonar": [],
                "flight_control": [],
                "dive_bomber": []
            },
            "modules_tree": {
                "4156304848": {
                    "name": "Novik (B)",
                    "next_modules": null,
                    "is_default": false,
                    "price_xp": 400,
                    "price_credit": 40000,
                    "next_ships": [
                        4186879440
                    ],
                    "module_id": 4156304848,
                    "type": "Hull",
                    "module_id_str": "PRUH132"
                },
                "4157451728": {
                    "name": "推力: 17,700 馬力",
                    "next_modules": null,
                    "is_default": true,
                    "price_xp": 0,
                    "price_credit": 3000,
                    "next_ships": null,
                    "module_id": 4157451728,
                    "type": "Engine",
                    "module_id_str": "PRUE131"
                },
                "4157582800": {
                    "name": "120 mm/45 Model 1892 (Canet 砲座)",
                    "next_modules": null,
                    "is_default": true,
                    "price_xp": 0,
                    "price_credit": 7500,
                    "next_ships": null,
                    "module_id": 4157582800,
                    "type": "Artillery",
                    "module_id_str": "PRUA131"
                },
                "4157353424": {
                    "name": "Novik (A)",
                    "next_modules": [
                        4156304848
                    ],
                    "is_default": true,
                    "price_xp": 0,
                    "price_credit": 18000,
                    "next_ships": null,
                    "module_id": 4157353424,
                    "type": "Hull",
                    "module_id_str": "PRUH131"
                },
                "4155944400": {
                    "name": "GFCS II mod. 2",
                    "next_modules": null,
                    "is_default": false,
                    "price_xp": 230,
                    "price_credit": 24000,
                    "next_ships": [
                        4187895248
                    ],
                    "module_id": 4155944400,
                    "type": "Suo",
                    "module_id_str": "PRUS132"
                },
                "4156992976": {
                    "name": "GFCS II mod. 1",
                    "next_modules": [
                        4155944400
                    ],
                    "is_default": true,
                    "price_xp": 0,
                    "price_credit": 8000,
                    "next_ships": null,
                    "module_id": 4156992976,
                    "type": "Suo",
                    "module_id_str": "PRUS131"
                }
            },
            "nation": "ussr",
            "is_premium": false,
            "ship_id": 4187928016,
            "price_credit": 69300,
            "default_profile": {
                "engine": {
                    "engine_id_str": "PRUE131",
                    "max_speed": 25.0,
                    "engine_id": 4157451728
                },
                "torpedo_bomber": null,
                "anti_aircraft": {
                    "slots": {
                        "0": {
                            "distance": -1.0,
                            "avg_damage": null,
                            "caliber": 7,
                            "name": "7.62 mm Maxim 機銃",
                            "guns": 2
                        }
                    },
                    "defense": 7
                },
                "depth_charge": null,
                "mobility": {
                    "rudder_time": 5.1,
                    "total": 44,
                    "max_speed": 25.0,
                    "turning_radius": 400
                },
                "hull": {
                    "hull_id": 4157353424,
                    "hull_id_str": "PRUH131",
                    "torpedoes_barrels": 0,
                    "anti_aircraft_barrels": 2,
                    "range": {
                        "max": 50,
                        "min": 6
                    },
                    "health": 13800,
                    "planes_amount": null,
                    "artillery_barrels": 6,
                    "atba_barrels": 0
                },
                "atbas": {
                    "distance": 0.0
                },
                "artillery": {
                    "max_dispersion": 96,
                    "shells": {
                        "HE": {
                            "burn_probability": 8.0,
                            "bullet_speed": 823,
                            "name": "120 mm HE Model 1907",
                            "damage": 1700,
                            "bullet_mass": 20,
                            "type": "HE"
                        }
                    },
                    "shot_delay": 5.0,
                    "rotation_time": 18.0,
                    "distance": 9.2,
                    "artillery_id": 4157582800,
                    "artillery_id_str": "PRUA131",
                    "slots": {
                        "0": {
                            "barrels": 1,
                            "name": "120 mm/45 Model 1892 (Canet 砲座)",
                            "guns": 6
                        }
                    },
                    "gun_rate": 12.0
                },
                "torpedoes": null,
                "fighters": null,
                "submarine_mobility": null,
                "fire_control": {
                    "fire_control_id": 4156992976,
                    "distance": 0.0,
                    "distance_increase": null,
                    "fire_control_id_str": "PRUS131"
                },
                "submarine_sonar": null,
                "battle_level_range_max": 3,
                "battle_level_range_min": 2,
                "flight_control": null,
                "submarine_battery": null,
                "concealment": {
                    "total": 82,
                    "detect_distance_by_plane": 3.2,
                    "detect_distance_by_submarine": 3.2,
                    "detect_distance_by_ship": 8.8
                },
                "armour": {
                    "casemate": {
                        "max": -1,
                        "min": -1
                    },
                    "deck": {
                        "max": -1,
                        "min": -1
                    },
                    "flood_damage": 0,
                    "range": {
                        "max": 50,
                        "min": 6
                    },
                    "health": 13800,
                    "extremities": {
                        "max": -1,
                        "min": -1
                    },
                    "total": 15,
                    "citadel": {
                        "max": -1,
                        "min": -1
                    }
                },
                "weaponry": {
                    "torpedoes": 0,
                    "aircraft": 0,
                    "artillery": 28,
                    "anti_aircraft": 7
                },
                "dive_bomber": null
            },
            "upgrades": [
                4261597104,
                4262645680
            ],
            "tier": 2,
            "next_ships": {
                "4187895248": 500,
                "4186879440": 2150
            },
            "mod_slots": 1,
            "type": "Cruiser",
            "is_special": false,
            "name": "Novik"
        }
    }
}