{
    "status": "ok",
    "meta": {
        "count": 1,
        "page_total": 1,
        "total": 1,
        "limit": 100,
        "page": 1
    },
    "data": {
        "3543054128": {
            "description": "軽巡洋艦ニュルンベルクは、前身となった巡洋艦ライプツィヒに軽微な改良を加えた艦艇です。第二次世界大戦の最初の数か月間は、北海で機雷敷設作戦に従事していました。その後、戦時中の大半においてバルト海で練習艦として運用されました。複数回にわたる近代化改装を経て、対空兵装は大幅に強化されましたが、カタパルトと魚雷発射管 2 基は撤去されました。本艦は戦時賠償艦としてソ連に引き渡されています。",
            "price_gold": 7500,
            "ship_id_str": "PGSC717",
            "has_demo_profile": false,
            "images": {
                "small": "https://wows-gloss-icons.wgcdn.co/icons/vehicle/small/PGSC717_4c0a30841aa0f261ed1feeeaf841ebd6b9902082dd75a3ac9ac3516b1ee0dd28.png",
                "large": "https://wows-gloss-icons.wgcdn.co/icons/vehicle/large/PGSC717_8a87a588ad779fe58c01847eb89676fc001f551bf40c3845af607526ee3a4521.png",
                "medium": "https://wows-gloss-icons.wgcdn.co/icons/vehicle/medium/PGSC717_b527bdec89592416e6cf4e605d862b2e6bdb0db9ad49ac735e1d9dc58a773a9a.png",
                "contour": "https://wows-gloss-icons.wgcdn.co/icons/vehicle/contour/PGSC717_834b774097cf3736d7251118b5d0ee4d50e1b9753758adca7f1dec84b7f9b228.png"
            },
            "modules": {
                "engine": [
                    3522015024
                ],
                "torpedo_bomber": [],
                "fighter": [],
                "hull": [
                    3521916720
                ],
                "artillery": [
                    3522146096
                ],
                "torpedoes": [
                    3521523504
                ],
                "fire_control": [
                    3521556272
                ],
                "sonar": [],
                "flight_control": [],
                "dive_bomber": []
            },
            "modules_tree": {
                "3521556272": {
                    "name": "FKS Typ 7 Mod. 1",
                    "next_modules": null,
                    "is_default": true,
                    "price_xp": 0,
                    "price_credit": 0,
                    "next_ships": null,
                    "module_id": 3521556272,
                    "type": "Suo",
                    "module_id_str": "PGUS737"
                },
                "3521916720": {
                    "name": "Nürnberg '44",
                    "next_modules": null,
                    "is_default": true,
                    "price_xp": 0,
                    "price_credit": 0,
                    "next_ships": null,
                    "module_id": 3521916720,
                    "type": "Hull",
                    "module_id_str": "PGUH737"
                },
                "3522015024": {
                    "name": "推力: 60,000 馬力",
                    "next_modules": null,
                    "is_default": true,
                    "price_xp": 0,
                    "price_credit": 0,
                    "next_ships": null,
                    "module_id": 3522015024,
                    "type": "Engine",
                    "module_id_str": "PGUE737"
                },
                "3521523504": {
                    "name": "G7a T1",
                    "next_modules": null,
                    "is_default": true,
                    "price_xp": 0,
                    "price_credit": 0,
                    "next_ships": null,
                    "module_id": 3521523504,
                    "type": "Torpedoes",
                    "module_id_str": "PGUT737"
                },
                "3522146096": {
                    "name": "150 mm/60 SK C/25 (Drh Tr C/28 砲座)",
                    "next_modules": null,
                    "is_default": true,
                    "price_xp": 0,
                    "price_credit": 0,
                    "next_ships": null,
                    "module_id": 3522146096,
                    "type": "Artillery",
                    "module_id_str": "PGUA737"
                }
            },
            "nation": "germany",
            "is_premium": false,
            "ship_id": 3543054128,
            "price_credit": 0,
            "default_profile": {
                "engine": {
                    "engine_id_str": "PGUE737",
                    "max_speed": 32.0,
                    "engine_id": 3522015024
                },
                "torpedo_bomber": null,
                "anti_aircraft": {
                    "slots": {
                        "0": {
                            "distance": -1.0,
                            "avg_damage": null,
                            "caliber": 20,
                            "name": "20 mm/65 C/38 (L/30 単装砲座)",
                            "guns": 1
                        },
                        "1": {
                            "distance": -1.0,
                            "avg_damage": null,
                            "caliber": 20,
                            "name": "20 mm/65 C/38 (連装砲座)",
                            "guns": 10
                        },
                        "2": {
                            "distance": -1.0,
                            "avg_damage": null,
                            "caliber": 20,
                            "name": "20 mm/65 C/38 (Flak 35 Vierling L/38 砲座)",
                            "guns": 2
                        },
                        "3": {
                            "distance": -1.0,
                            "avg_damage": null,
                            "caliber": 37,
                            "name": "37 mm/83 SK C/30 (Dopp LC/30 砲座)",
                            "guns": 2
                        },
                        "4": {
                            "distance": -1.0,
                            "avg_damage": null,
                            "caliber": 40,
                            "name": "40 mm/56 Flak 28 (単装砲座)",
                            "guns": 4
                        },
                        "5": {
                            "distance": -1.0,
                            "avg_damage": null,
                            "caliber": 88,
                            "name": "88 mm/76 SK C/32 (Dop. L. C/32 砲座)",
                            "guns": 4
                        }
                    },
                    "defense": 48
                },
                "depth_charge": null,
                "mobility": {
                    "rudder_time": 7.6,
                    "total": 53,
                    "max_speed": 32.0,
                    "turning_radius": 720
                },
                "hull": {
                    "hull_id": 3521916720,
                    "hull_id_str": "PGUH737",
                    "torpedoes_barrels": 2,
                    "anti_aircraft_barrels": 23,
                    "range": {
                        "max": 100,
                        "min": 10
                    },
                    "health": 27700,
                    "planes_amount": null,
                    "artillery_barrels": 3,
                    "atba_barrels": 4
                },
                "atbas": {
                    "distance": 6.3,
                    "slots": {
                        "0": {
                            "burn_probability": 4.0,
                            "bullet_speed": 950,
                            "name": "88 mm Spr.Gr.",
                            "shot_delay": 4.0,
                            "damage": 1000,
                            "bullet_mass": 9,
                            "type": "HE",
                            "gun_rate": 15.0
                        }
                    }
                },
                "artillery": {
                    "max_dispersion": 132,
                    "shells": {
                        "AP": {
                            "burn_probability": null,
                            "bullet_speed": 960,
                            "name": "150 mm P.Spr.Gr. L/3.7",
                            "damage": 4100,
                            "bullet_mass": 51,
                            "type": "AP"
                        },
                        "HE": {
                            "burn_probability": 12.0,
                            "bullet_speed": 960,
                            "name": "150 mm Spr.Gr. L/4.4 Kz.",
                            "damage": 1800,
                            "bullet_mass": 51,
                            "type": "HE"
                        }
                    },
                    "shot_delay": 9.0,
                    "rotation_time": 23.7,
                    "distance": 14.5,
                    "artillery_id": 3522146096,
                    "artillery_id_str": "PGUA737",
                    "slots": {
                        "0": {
                            "barrels": 3,
                            "name": "150 mm/60 SK C/25 (Drh Tr C/28 砲座)",
                            "guns": 3
                        }
                    },
                    "gun_rate": 6.4
                },
                "torpedoes": {
                    "visibility_dist": 1.3,
                    "distance": 9.5,
                    "torpedoes_id": 3521523504,
                    "torpedo_name": "G7a T1",
                    "reload_time": 80,
                    "torpedo_speed": 65,
                    "rotation_time": 7.2,
                    "torpedoes_id_str": "PGUT737",
                    "slots": {
                        "0": {
                            "barrels": 3,
                            "caliber": 533,
                            "name": "533 mm Drilling",
                            "guns": 2
                        }
                    },
                    "max_damage": 14400
                },
                "fighters": null,
                "submarine_mobility": null,
                "fire_control": {
                    "fire_control_id": 3521556272,
                    "distance": 0.0,
                    "distance_increase": null,
                    "fire_control_id_str": "PGUS737"
                },
                "submarine_sonar": null,
                "battle_level_range_max": 9,
                "battle_level_range_min": 7,
                "flight_control": null,
                "submarine_battery": null,
                "concealment": {
                    "total": 70,
                    "detect_distance_by_plane": 4.8,
                    "detect_distance_by_submarine": 4.8,
                    "detect_distance_by_ship": 10.5
                },
                "armour": {
                    "casemate": {
                        "max": -1,
                        "min": -1
                    },
                    "deck": {
                        "max": -1,
                        "min": -1
                    },
                    "flood_damage": 7,
                    "range": {
                        "max": 100,
                        "min": 10
                    },
                    "health": 27700,
                    "extremities": {
                        "max": -1,
                        "min": -1
                    },
                    "total": 39,
                    "citadel": {
                        "max": -1,
                        "min": -1
                    }
                },
                "weaponry": {
                    "torpedoes": 18,
                    "aircraft": 0,
                    "artillery": 70,
                    "anti_aircraft": 48
                },
                "dive_bomber": null
            },
            "upgrades": [
                4273131440,
                4220702640,
                4259499952,
                4261597104,
                4262645680,
                4287811504,
                4268937136,
                4267888560,
                4275228592,
                4269985712,
                4281520048
            ],
            "tier": 7,
            "next_ships": {},
            "mod_slots": 4,
            "type": "Cruiser",
            "is_special": false,
            "name": "Nürnberg '44"
        }
    }
}