{
    "status": "ok",
    "meta": {
        "count": 1,
        "page_total": 1,
        "total": 1,
        "limit": 100,
        "page": 1
    },
    "data": {
        "4183734064": {
            "description": "ニュルンベルクは前級とは異なり、より先進的な上部構造を備え、装甲にも変更が加えられていました。第二次世界大戦の勃発に伴い、本艦は北海に機雷原を敷設しました。しかしそのような作戦のひとつの最中に、イギリスの潜水艦が放った魚雷 1 本を被雷しました。戦後、ニュルンベルクはソ連に引き渡され、アドミラル・マカロフと改名されました。",
            "price_gold": 0,
            "ship_id_str": "PGSC106",
            "has_demo_profile": false,
            "images": {
                "small": "https://wows-gloss-icons.wgcdn.co/icons/vehicle/small/PGSC106_d8710dbe24d48e935adff6eb41a193491251d1af7a1248d7e4c4fcb7aecc6090.png",
                "large": "https://wows-gloss-icons.wgcdn.co/icons/vehicle/large/PGSC106_5b114dff6dd86affa7ba7a85e90561162c4c3cfcb401a1b50f358395533808b4.png",
                "medium": "https://wows-gloss-icons.wgcdn.co/icons/vehicle/medium/PGSC106_81e2d47e0a567656f0263d49009a4ea1b4a60e1aa4ff06a09bf7efadf4741fdc.png",
                "contour": "https://wows-gloss-icons.wgcdn.co/icons/vehicle/contour/PGSC106_3128792fa490defe39cc5311389bc30356072c1bdff28da57123ade145062ab0.png"
            },
            "modules": {
                "engine": [
                    3769478960
                ],
                "torpedo_bomber": [],
                "fighter": [],
                "hull": [
                    3768332080,
                    3769380656
                ],
                "artillery": [
                    3769610032
                ],
                "torpedoes": [
                    3768987440
                ],
                "fire_control": [
                    3767971632,
                    3769020208
                ],
                "sonar": [],
                "flight_control": [],
                "dive_bomber": []
            },
            "modules_tree": {
                "3767971632": {
                    "name": "FKS Typ 6 Mod. 2",
                    "next_modules": null,
                    "is_default": false,
                    "price_xp": 8000,
                    "price_credit": 670000,
                    "next_ships": null,
                    "module_id": 3767971632,
                    "type": "Suo",
                    "module_id_str": "PGUS502"
                },
                "3769610032": {
                    "name": "150 mm/60 SK C/25 (Drh Tr C/28 砲座)",
                    "next_modules": null,
                    "is_default": true,
                    "price_xp": 0,
                    "price_credit": 215000,
                    "next_ships": null,
                    "module_id": 3769610032,
                    "type": "Artillery",
                    "module_id_str": "PGUA501"
                },
                "3769478960": {
                    "name": "推力: 60,000 馬力",
                    "next_modules": null,
                    "is_default": true,
                    "price_xp": 0,
                    "price_credit": 180000,
                    "next_ships": null,
                    "module_id": 3769478960,
                    "type": "Engine",
                    "module_id_str": "PGUE501"
                },
                "3769380656": {
                    "name": "Nürnberg (A)",
                    "next_modules": [
                        3768332080
                    ],
                    "is_default": true,
                    "price_xp": 0,
                    "price_credit": 345000,
                    "next_ships": null,
                    "module_id": 3769380656,
                    "type": "Hull",
                    "module_id_str": "PGUH501"
                },
                "3768332080": {
                    "name": "Nürnberg (B)",
                    "next_modules": null,
                    "is_default": false,
                    "price_xp": 9000,
                    "price_credit": 700000,
                    "next_ships": [
                        4182685488
                    ],
                    "module_id": 3768332080,
                    "type": "Hull",
                    "module_id_str": "PGUH502"
                },
                "3769020208": {
                    "name": "FKS Typ 6 Mod. 1",
                    "next_modules": [
                        3767971632
                    ],
                    "is_default": true,
                    "price_xp": 0,
                    "price_credit": 210000,
                    "next_ships": null,
                    "module_id": 3769020208,
                    "type": "Suo",
                    "module_id_str": "PGUS501"
                },
                "3768987440": {
                    "name": "G7a T1",
                    "next_modules": null,
                    "is_default": true,
                    "price_xp": 0,
                    "price_credit": 260000,
                    "next_ships": null,
                    "module_id": 3768987440,
                    "type": "Torpedoes",
                    "module_id_str": "PGUT501"
                }
            },
            "nation": "germany",
            "is_premium": false,
            "ship_id": 4183734064,
            "price_credit": 3040000,
            "default_profile": {
                "engine": {
                    "engine_id_str": "PGUE501",
                    "max_speed": 32.0,
                    "engine_id": 3769478960
                },
                "torpedo_bomber": null,
                "anti_aircraft": {
                    "slots": {
                        "0": {
                            "distance": -1.0,
                            "avg_damage": null,
                            "caliber": 7,
                            "name": "7.92 mm MG 34 機銃",
                            "guns": 6
                        },
                        "1": {
                            "distance": -1.0,
                            "avg_damage": null,
                            "caliber": 20,
                            "name": "20 mm/65 C/38 (L/30 単装砲座)",
                            "guns": 4
                        },
                        "2": {
                            "distance": -1.0,
                            "avg_damage": null,
                            "caliber": 37,
                            "name": "37 mm/83 SK C/30 (Dopp LC/30 砲座)",
                            "guns": 4
                        },
                        "3": {
                            "distance": -1.0,
                            "avg_damage": null,
                            "caliber": 88,
                            "name": "88 mm/76 SK C/32 (Dop. L. C/32 砲座)",
                            "guns": 4
                        }
                    },
                    "defense": 38
                },
                "depth_charge": null,
                "mobility": {
                    "rudder_time": 10.6,
                    "total": 51,
                    "max_speed": 32.0,
                    "turning_radius": 720
                },
                "hull": {
                    "hull_id": 3769380656,
                    "hull_id_str": "PGUH501",
                    "torpedoes_barrels": 4,
                    "anti_aircraft_barrels": 18,
                    "range": {
                        "max": 100,
                        "min": 10
                    },
                    "health": 23800,
                    "planes_amount": null,
                    "artillery_barrels": 3,
                    "atba_barrels": 4
                },
                "atbas": {
                    "distance": 5.6,
                    "slots": {
                        "0": {
                            "burn_probability": 4.0,
                            "bullet_speed": 950,
                            "name": "88 mm Spr.Gr.",
                            "shot_delay": 4.0,
                            "damage": 1000,
                            "bullet_mass": 9,
                            "type": "HE",
                            "gun_rate": 15.0
                        }
                    }
                },
                "artillery": {
                    "max_dispersion": 136,
                    "shells": {
                        "AP": {
                            "burn_probability": null,
                            "bullet_speed": 960,
                            "name": "150 mm P.Spr.Gr. L/3.7",
                            "damage": 3900,
                            "bullet_mass": 46,
                            "type": "AP"
                        },
                        "HE": {
                            "burn_probability": 8.0,
                            "bullet_speed": 960,
                            "name": "150 mm Spr.Gr. L/4.4 Kz.",
                            "damage": 1700,
                            "bullet_mass": 46,
                            "type": "HE"
                        }
                    },
                    "shot_delay": 6.0,
                    "rotation_time": 23.7,
                    "distance": 15.0,
                    "artillery_id": 3769610032,
                    "artillery_id_str": "PGUA501",
                    "slots": {
                        "0": {
                            "barrels": 3,
                            "name": "150 mm/60 SK C/25 (Drh Tr C/28 砲座)",
                            "guns": 3
                        }
                    },
                    "gun_rate": 10.0
                },
                "torpedoes": {
                    "visibility_dist": 1.3,
                    "distance": 6.0,
                    "torpedoes_id": 3768987440,
                    "torpedo_name": "G7a T1",
                    "reload_time": 68,
                    "torpedo_speed": 64,
                    "rotation_time": 7.2,
                    "torpedoes_id_str": "PGUT501",
                    "slots": {
                        "0": {
                            "barrels": 3,
                            "caliber": 533,
                            "name": "533 mm Drilling",
                            "guns": 4
                        }
                    },
                    "max_damage": 13700
                },
                "fighters": null,
                "submarine_mobility": null,
                "fire_control": {
                    "fire_control_id": 3769020208,
                    "distance": 0.0,
                    "distance_increase": null,
                    "fire_control_id_str": "PGUS501"
                },
                "submarine_sonar": null,
                "battle_level_range_max": 8,
                "battle_level_range_min": 6,
                "flight_control": null,
                "submarine_battery": null,
                "concealment": {
                    "total": 61,
                    "detect_distance_by_plane": 5.5,
                    "detect_distance_by_submarine": 5.5,
                    "detect_distance_by_ship": 12.2
                },
                "armour": {
                    "casemate": {
                        "max": -1,
                        "min": -1
                    },
                    "deck": {
                        "max": -1,
                        "min": -1
                    },
                    "flood_damage": 7,
                    "range": {
                        "max": 100,
                        "min": 10
                    },
                    "health": 23800,
                    "extremities": {
                        "max": -1,
                        "min": -1
                    },
                    "total": 33,
                    "citadel": {
                        "max": -1,
                        "min": -1
                    }
                },
                "weaponry": {
                    "torpedoes": 28,
                    "aircraft": 0,
                    "artillery": 72,
                    "anti_aircraft": 38
                },
                "dive_bomber": null
            },
            "upgrades": [
                4273131440,
                4220702640,
                4259499952,
                4261597104,
                4262645680,
                4287811504,
                4268937136,
                4267888560,
                4275228592,
                4269985712,
                4281520048
            ],
            "tier": 6,
            "next_ships": {
                "4182685488": 70500
            },
            "mod_slots": 4,
            "type": "Cruiser",
            "is_special": false,
            "name": "Nürnberg"
        }
    }
}