{
    "status": "ok",
    "meta": {
        "count": 1,
        "page_total": 1,
        "total": 1,
        "limit": 100,
        "page": 1
    },
    "data": {
        "3969824208": {
            "description": "1947 年 1 月にニコライ・クズネツォフが海軍人民委員のポストから解任された後、プロイェークト 82 巡洋艦の建造に関する付託事項は繰り返し編集されました。1947 年 8 月に 2 つの設計草案が提示され、その後、それらが組み合わされました。その結果として、220 mm の主砲、より高い速力、より少ない排水量を備える案になりました。本案は戦術的に有利な解決策であり、その主な任務の 1 つは、アメリカのデモイン級重巡洋艦に対抗することでした。これを具現化したのがこのペトロパヴロフスクです。",
            "price_gold": 0,
            "ship_id_str": "PRSC310",
            "has_demo_profile": false,
            "images": {
                "small": "https://wows-gloss-icons.wgcdn.co/icons/vehicle/small/PRSC310_16b6c234614df8768902ac74552332da59ec93604b875d7793eb84683e0ec7f6.png",
                "large": "https://wows-gloss-icons.wgcdn.co/icons/vehicle/large/PRSC310_da263f59ac41a724d85326b3000d562e897b866620a98ad1c20c720229ac9e0f.png",
                "medium": "https://wows-gloss-icons.wgcdn.co/icons/vehicle/medium/PRSC310_7d03ac5da6073f603f2e31d84f9e5f0a41bf6b43efd5600f5e8fcbd9a4928461.png",
                "contour": "https://wows-gloss-icons.wgcdn.co/icons/vehicle/contour/PRSC310_d885becd0ff933880c1415d468e9390fcfb386b8767cee8a027c4d3587e5ee84.png"
            },
            "modules": {
                "engine": [
                    3342708176
                ],
                "torpedo_bomber": [],
                "fighter": [],
                "hull": [
                    3341561296
                ],
                "artillery": [
                    3344936400
                ],
                "torpedoes": [],
                "fire_control": [
                    3335957968
                ],
                "sonar": [],
                "flight_control": [],
                "dive_bomber": []
            },
            "modules_tree": {
                "3335957968": {
                    "name": "GFCS X mod. 1",
                    "next_modules": null,
                    "is_default": true,
                    "price_xp": 0,
                    "price_credit": 2000000,
                    "next_ships": null,
                    "module_id": 3335957968,
                    "type": "Suo",
                    "module_id_str": "PRUS914"
                },
                "3341561296": {
                    "name": "Petropavlovsk",
                    "next_modules": null,
                    "is_default": true,
                    "price_xp": 0,
                    "price_credit": 2500000,
                    "next_ships": [
                        4178490832
                    ],
                    "module_id": 3341561296,
                    "type": "Hull",
                    "module_id_str": "PRUH909"
                },
                "3344936400": {
                    "name": "220 mm/65 (SM-6 砲座)",
                    "next_modules": null,
                    "is_default": true,
                    "price_xp": 0,
                    "price_credit": 2000000,
                    "next_ships": null,
                    "module_id": 3344936400,
                    "type": "Artillery",
                    "module_id_str": "PRUA906"
                },
                "3342708176": {
                    "name": "推力: 140,000 馬力",
                    "next_modules": null,
                    "is_default": true,
                    "price_xp": 0,
                    "price_credit": 2000000,
                    "next_ships": null,
                    "module_id": 3342708176,
                    "type": "Engine",
                    "module_id_str": "PRUE908"
                }
            },
            "nation": "ussr",
            "is_premium": false,
            "ship_id": 3969824208,
            "price_credit": 20000000,
            "default_profile": {
                "engine": {
                    "engine_id_str": "PRUE908",
                    "max_speed": 32.5,
                    "engine_id": 3342708176
                },
                "torpedo_bomber": null,
                "anti_aircraft": {
                    "slots": {
                        "0": {
                            "distance": -1.0,
                            "avg_damage": null,
                            "caliber": 57,
                            "name": "57 mm ZIF-75 砲座",
                            "guns": 6
                        },
                        "1": {
                            "distance": -1.0,
                            "avg_damage": null,
                            "caliber": 130,
                            "name": "130 mm/60 (BL-109A 砲座)",
                            "guns": 6
                        }
                    },
                    "defense": 83
                },
                "depth_charge": null,
                "mobility": {
                    "rudder_time": 12.1,
                    "total": 48,
                    "max_speed": 32.5,
                    "turning_radius": 990
                },
                "hull": {
                    "hull_id": 3341561296,
                    "hull_id_str": "PRUH909",
                    "torpedoes_barrels": 0,
                    "anti_aircraft_barrels": 12,
                    "range": {
                        "max": 300,
                        "min": 16
                    },
                    "health": 55800,
                    "planes_amount": null,
                    "artillery_barrels": 3,
                    "atba_barrels": 6
                },
                "atbas": {
                    "distance": 7.3,
                    "slots": {
                        "0": {
                            "burn_probability": 8.0,
                            "bullet_speed": 950,
                            "name": "HE-42",
                            "shot_delay": 4.0,
                            "damage": 1800,
                            "bullet_mass": 33,
                            "type": "HE",
                            "gun_rate": 15.0
                        }
                    }
                },
                "artillery": {
                    "max_dispersion": 190,
                    "shells": {
                        "AP": {
                            "burn_probability": null,
                            "bullet_speed": 995,
                            "name": "220 mm AP Model 1944",
                            "damage": 6350,
                            "bullet_mass": 207,
                            "type": "AP"
                        },
                        "HE": {
                            "burn_probability": 14.0,
                            "bullet_speed": 995,
                            "name": "220 mm HE Model 1944",
                            "damage": 3050,
                            "bullet_mass": 207,
                            "type": "HE"
                        }
                    },
                    "shot_delay": 14.0,
                    "rotation_time": 38.3,
                    "distance": 18.4,
                    "artillery_id": 3344936400,
                    "artillery_id_str": "PRUA906",
                    "slots": {
                        "0": {
                            "barrels": 3,
                            "name": "220 mm/65 (SM-6 砲座)",
                            "guns": 3
                        }
                    },
                    "gun_rate": 4.3
                },
                "torpedoes": null,
                "fighters": null,
                "submarine_mobility": null,
                "fire_control": {
                    "fire_control_id": 3335957968,
                    "distance": 0.0,
                    "distance_increase": null,
                    "fire_control_id_str": "PRUS914"
                },
                "submarine_sonar": null,
                "battle_level_range_max": 11,
                "battle_level_range_min": 10,
                "flight_control": null,
                "submarine_battery": null,
                "concealment": {
                    "total": 33,
                    "detect_distance_by_plane": 9.7,
                    "detect_distance_by_submarine": 9.7,
                    "detect_distance_by_ship": 16.3
                },
                "armour": {
                    "casemate": {
                        "max": -1,
                        "min": -1
                    },
                    "deck": {
                        "max": -1,
                        "min": -1
                    },
                    "flood_damage": 19,
                    "range": {
                        "max": 300,
                        "min": 16
                    },
                    "health": 55800,
                    "extremities": {
                        "max": -1,
                        "min": -1
                    },
                    "total": 74,
                    "citadel": {
                        "max": -1,
                        "min": -1
                    }
                },
                "weaponry": {
                    "torpedoes": 0,
                    "aircraft": 0,
                    "artillery": 79,
                    "anti_aircraft": 83
                },
                "dive_bomber": null
            },
            "upgrades": [
                4268937136,
                4287811504,
                4281520048,
                4273131440,
                4261597104,
                4265791408,
                4269985712,
                4267888560,
                4278374320,
                4262645680,
                4266839984,
                4275228592,
                4259499952,
                4257402800,
                4280471472
            ],
            "tier": 10,
            "next_ships": {
                "4178490832": 0
            },
            "mod_slots": 6,
            "type": "Cruiser",
            "is_special": false,
            "name": "Petropavlovsk"
        }
    }
}