{
    "status": "ok",
    "meta": {
        "count": 1,
        "page_total": 1,
        "total": 1,
        "limit": 100,
        "page": 1
    },
    "data": {
        "3969857328": {
            "description": "第二次世界大戦の序盤で得られた戦訓をもとに、建造中の艦艇の技術諸元を見直すことになりました。水平装甲を強化する必要がありましたが、同時に、北海の浅瀬で運用するために喫水を 11.5 m に維持する必要もありました。新たな設計では、水中爆発への防御として三重底を採用し、水密区画の数を増やしました。主砲口径は 457 mm に達し、火力は飛躍的に向上しました。本案を具現化したのがこのプロイセンです。しかしその後、海軍における造船の中心が潜水艦に移されたため、海軍の必要性に応える新型戦艦の建造は行われなくなりました。",
            "price_gold": 0,
            "ship_id_str": "PGSB310",
            "has_demo_profile": false,
            "images": {
                "small": "https://wows-gloss-icons.wgcdn.co/icons/vehicle/small/PGSB310_f5813760206640919db7efb0b53f125d386342be305fd14c383d8be8876f23c2.png",
                "large": "https://wows-gloss-icons.wgcdn.co/icons/vehicle/large/PGSB310_d21e09565be00173228d4ec10b25487eaf64eb9408283d8670bec1dbd52e203a.png",
                "medium": "https://wows-gloss-icons.wgcdn.co/icons/vehicle/medium/PGSB310_4c9ec61e324c9fe523e97ff54fc6532f0dbfd19a6c36217a6b2b869d2260550b.png",
                "contour": "https://wows-gloss-icons.wgcdn.co/icons/vehicle/contour/PGSB310_3d16fc9cf3099d7c5982880ef684bb121383b1d291f3f5f6153cd15877bba5bb.png"
            },
            "modules": {
                "engine": [
                    3343757104
                ],
                "torpedo_bomber": [],
                "fighter": [],
                "hull": [
                    3343658800
                ],
                "artillery": [
                    3344936752
                ],
                "torpedoes": [],
                "fire_control": [
                    3344346928
                ],
                "sonar": [],
                "flight_control": [],
                "dive_bomber": []
            },
            "modules_tree": {
                "3343757104": {
                    "name": "推力: 167,600 馬力",
                    "next_modules": null,
                    "is_default": true,
                    "price_xp": 0,
                    "price_credit": 1500000,
                    "next_ships": null,
                    "module_id": 3343757104,
                    "type": "Engine",
                    "module_id_str": "PGUE907"
                },
                "3343658800": {
                    "name": "Preußen",
                    "next_modules": null,
                    "is_default": true,
                    "price_xp": 0,
                    "price_credit": 3500000,
                    "next_ships": [
                        4178523952
                    ],
                    "module_id": 3343658800,
                    "type": "Hull",
                    "module_id_str": "PGUH907"
                },
                "3344346928": {
                    "name": "FKS Typ 10 Mod. 1",
                    "next_modules": null,
                    "is_default": true,
                    "price_xp": 0,
                    "price_credit": 2000000,
                    "next_ships": null,
                    "module_id": 3344346928,
                    "type": "Suo",
                    "module_id_str": "PGUS906"
                },
                "3344936752": {
                    "name": "457 mm/52 SK C/34 (Drh LC/1942 砲座)",
                    "next_modules": null,
                    "is_default": true,
                    "price_xp": 0,
                    "price_credit": 2000000,
                    "next_ships": null,
                    "module_id": 3344936752,
                    "type": "Artillery",
                    "module_id_str": "PGUA906"
                }
            },
            "nation": "germany",
            "is_premium": false,
            "ship_id": 3969857328,
            "price_credit": 20600000,
            "default_profile": {
                "engine": {
                    "engine_id_str": "PGUE907",
                    "max_speed": 30.0,
                    "engine_id": 3343757104
                },
                "torpedo_bomber": null,
                "anti_aircraft": {
                    "slots": {
                        "0": {
                            "distance": -1.0,
                            "avg_damage": null,
                            "caliber": 30,
                            "name": "30 mm/45 Flak 103/38 (連装砲座)",
                            "guns": 4
                        },
                        "1": {
                            "distance": -1.0,
                            "avg_damage": null,
                            "caliber": 30,
                            "name": "30 mm/45 Flak 103/38 (四連装砲座)",
                            "guns": 6
                        },
                        "2": {
                            "distance": -1.0,
                            "avg_damage": null,
                            "caliber": 55,
                            "name": "55 mm/77 Gerät 58 (単装砲座)",
                            "guns": 6
                        },
                        "3": {
                            "distance": -1.0,
                            "avg_damage": null,
                            "caliber": 55,
                            "name": "55 mm/77 Gerät 58 (連装砲座)",
                            "guns": 4
                        },
                        "4": {
                            "distance": -1.0,
                            "avg_damage": null,
                            "caliber": 128,
                            "name": "128 mm/61 KM40 (砲塔)",
                            "guns": 10
                        }
                    },
                    "defense": 83
                },
                "depth_charge": null,
                "mobility": {
                    "rudder_time": 19.4,
                    "total": 37,
                    "max_speed": 30.0,
                    "turning_radius": 1050
                },
                "hull": {
                    "hull_id": 3343658800,
                    "hull_id_str": "PGUH907",
                    "torpedoes_barrels": 0,
                    "anti_aircraft_barrels": 30,
                    "range": {
                        "max": 480,
                        "min": 19
                    },
                    "health": 105800,
                    "planes_amount": null,
                    "artillery_barrels": 4,
                    "atba_barrels": 14
                },
                "atbas": {
                    "distance": 8.3,
                    "slots": {
                        "0": {
                            "burn_probability": 8.0,
                            "bullet_speed": 875,
                            "name": "150 mm Spr.Gr. L/4.5",
                            "shot_delay": 7.5,
                            "damage": 1700,
                            "bullet_mass": 45,
                            "type": "HE",
                            "gun_rate": 8.0
                        },
                        "1": {
                            "burn_probability": 5.0,
                            "bullet_speed": 900,
                            "name": "128 mm Spr.Gr. Kz.",
                            "shot_delay": 4.0,
                            "damage": 1500,
                            "bullet_mass": 26,
                            "type": "HE",
                            "gun_rate": 15.0
                        }
                    }
                },
                "artillery": {
                    "max_dispersion": 266,
                    "shells": {
                        "AP": {
                            "burn_probability": null,
                            "bullet_speed": 810,
                            "name": "457 mm P.Spr.Gr. L/4.4",
                            "damage": 15000,
                            "bullet_mass": 1464,
                            "type": "AP"
                        },
                        "HE": {
                            "burn_probability": 45.0,
                            "bullet_speed": 810,
                            "name": "457 mm Spr.Gr. L/4.4",
                            "damage": 5450,
                            "bullet_mass": 1464,
                            "type": "HE"
                        }
                    },
                    "shot_delay": 24.0,
                    "rotation_time": 40.0,
                    "distance": 20.6,
                    "artillery_id": 3344936752,
                    "artillery_id_str": "PGUA906",
                    "slots": {
                        "0": {
                            "barrels": 2,
                            "name": "457 mm/52 SK C/34 (Drh LC/1942 砲座)",
                            "guns": 4
                        }
                    },
                    "gun_rate": 2.5
                },
                "torpedoes": null,
                "fighters": null,
                "submarine_mobility": null,
                "fire_control": {
                    "fire_control_id": 3344346928,
                    "distance": 0.0,
                    "distance_increase": null,
                    "fire_control_id_str": "PGUS906"
                },
                "submarine_sonar": null,
                "battle_level_range_max": 11,
                "battle_level_range_min": 10,
                "flight_control": null,
                "submarine_battery": null,
                "concealment": {
                    "total": 26,
                    "detect_distance_by_plane": 10.0,
                    "detect_distance_by_submarine": 10.0,
                    "detect_distance_by_ship": 17.6
                },
                "armour": {
                    "casemate": {
                        "max": -1,
                        "min": -1
                    },
                    "deck": {
                        "max": -1,
                        "min": -1
                    },
                    "flood_damage": 25,
                    "range": {
                        "max": 480,
                        "min": 19
                    },
                    "health": 105800,
                    "extremities": {
                        "max": -1,
                        "min": -1
                    },
                    "total": 100,
                    "citadel": {
                        "max": -1,
                        "min": -1
                    }
                },
                "weaponry": {
                    "torpedoes": 0,
                    "aircraft": 0,
                    "artillery": 95,
                    "anti_aircraft": 83
                },
                "dive_bomber": null
            },
            "upgrades": [
                4273131440,
                4265791408,
                4269985712,
                4259499952,
                4261597104,
                4262645680,
                4287811504,
                4266839984,
                4268937136,
                4267888560,
                4280471472,
                4275228592,
                4278374320,
                4281520048
            ],
            "tier": 10,
            "next_ships": {
                "4178523952": 0
            },
            "mod_slots": 6,
            "type": "Battleship",
            "is_special": false,
            "name": "Preussen"
        }
    }
}