{
    "status": "ok",
    "meta": {
        "count": 1,
        "page_total": 1,
        "total": 1,
        "limit": 100,
        "page": 1
    },
    "data": {
        "4284397360": {
            "description": "戦艦級の主砲を搭載した強力な通商破壊艦という構想を、仮説に基づいてさらに発展させた超重巡洋艦です。主砲として 9 門の 350 mm 砲を搭載しており、ドイツにおいて 1940 年代の前半に開発中だった両用砲および対空兵装システムを装備しています。",
            "price_gold": 0,
            "ship_id_str": "PGSC010",
            "has_demo_profile": false,
            "images": {
                "small": "https://wows-gloss-icons.wgcdn.co/icons/vehicle/small/PGSC010_d66c4a61fdd3de26fbacd410919deffa3dd2bfd76f04bac1e8425c518264c375.png",
                "large": "https://wows-gloss-icons.wgcdn.co/icons/vehicle/large/PGSC010_17cec1bf302619a5ed975a2638c68585865ec3fb47c4c4a8a2b56524c58e7c5c.png",
                "medium": "https://wows-gloss-icons.wgcdn.co/icons/vehicle/medium/PGSC010_977a386ffb68822eeb02822f4d61d554bc0f13ed531db9a4f94e5d4808ba0713.png",
                "contour": "https://wows-gloss-icons.wgcdn.co/icons/vehicle/contour/PGSC010_1adec3f7361320fa68ee45513cb76d7de06c2ffad0a3b9bdd65052a4f80bd9fa.png"
            },
            "modules": {
                "engine": [
                    3330125616
                ],
                "torpedo_bomber": [],
                "fighter": [],
                "hull": [
                    3330027312
                ],
                "artillery": [
                    3330256688
                ],
                "torpedoes": [
                    3329634096
                ],
                "fire_control": [
                    3329666864
                ],
                "sonar": [],
                "flight_control": [],
                "dive_bomber": []
            },
            "modules_tree": {
                "3329666864": {
                    "name": "FKS Typ 10 Mod. 1",
                    "next_modules": null,
                    "is_default": true,
                    "price_xp": 0,
                    "price_credit": 1700000,
                    "next_ships": null,
                    "module_id": 3329666864,
                    "type": "Suo",
                    "module_id_str": "PGUS920"
                },
                "3330027312": {
                    "name": "Prinz Adalbert",
                    "next_modules": null,
                    "is_default": true,
                    "price_xp": 0,
                    "price_credit": 2200000,
                    "next_ships": null,
                    "module_id": 3330027312,
                    "type": "Hull",
                    "module_id_str": "PGUH920"
                },
                "3330125616": {
                    "name": "推力: 160,000 馬力",
                    "next_modules": null,
                    "is_default": true,
                    "price_xp": 0,
                    "price_credit": 1400000,
                    "next_ships": null,
                    "module_id": 3330125616,
                    "type": "Engine",
                    "module_id_str": "PGUE920"
                },
                "3329634096": {
                    "name": "533 mm Fünfling",
                    "next_modules": null,
                    "is_default": true,
                    "price_xp": 0,
                    "price_credit": 260000,
                    "next_ships": null,
                    "module_id": 3329634096,
                    "type": "Torpedoes",
                    "module_id_str": "PGUT920"
                },
                "3330256688": {
                    "name": "350 mm/45 SK C/14 (Drh LC/1919 砲座)",
                    "next_modules": null,
                    "is_default": true,
                    "price_xp": 0,
                    "price_credit": 1800000,
                    "next_ships": null,
                    "module_id": 3330256688,
                    "type": "Artillery",
                    "module_id_str": "PGUA920"
                }
            },
            "nation": "germany",
            "is_premium": false,
            "ship_id": 4284397360,
            "price_credit": 19600000,
            "default_profile": {
                "engine": {
                    "engine_id_str": "PGUE920",
                    "max_speed": 33.0,
                    "engine_id": 3330125616
                },
                "torpedo_bomber": null,
                "anti_aircraft": {
                    "slots": {
                        "0": {
                            "distance": -1.0,
                            "avg_damage": null,
                            "caliber": 30,
                            "name": "30 mm/45 Flak 103/38 (連装砲座)",
                            "guns": 14
                        },
                        "1": {
                            "distance": -1.0,
                            "avg_damage": null,
                            "caliber": 55,
                            "name": "55 mm/77 Gerät 58 (連装砲座)",
                            "guns": 6
                        },
                        "2": {
                            "distance": -1.0,
                            "avg_damage": null,
                            "caliber": 128,
                            "name": "128 mm/61 KM40 (砲塔)",
                            "guns": 9
                        }
                    },
                    "defense": 85
                },
                "depth_charge": null,
                "mobility": {
                    "rudder_time": 14.1,
                    "total": 49,
                    "max_speed": 33.0,
                    "turning_radius": 900
                },
                "hull": {
                    "hull_id": 3330027312,
                    "hull_id_str": "PGUH920",
                    "torpedoes_barrels": 2,
                    "anti_aircraft_barrels": 29,
                    "range": {
                        "max": 320,
                        "min": 16
                    },
                    "health": 63900,
                    "planes_amount": null,
                    "artillery_barrels": 3,
                    "atba_barrels": 13
                },
                "atbas": {
                    "distance": 8.3,
                    "slots": {
                        "0": {
                            "burn_probability": 8.0,
                            "bullet_speed": 960,
                            "name": "150 mm Spr.Gr. L/4.3 Kz.",
                            "shot_delay": 6.3,
                            "damage": 1700,
                            "bullet_mass": 46,
                            "type": "HE",
                            "gun_rate": 9.5
                        },
                        "1": {
                            "burn_probability": 5.0,
                            "bullet_speed": 900,
                            "name": "128 mm Spr.Gr. Kz.",
                            "shot_delay": 3.6,
                            "damage": 1500,
                            "bullet_mass": 26,
                            "type": "HE",
                            "gun_rate": 16.7
                        }
                    }
                },
                "artillery": {
                    "max_dispersion": 200,
                    "shells": {
                        "AP": {
                            "burn_probability": null,
                            "bullet_speed": 815,
                            "name": "350 mm P.Spr.Gr. L/3.8",
                            "damage": 10500,
                            "bullet_mass": 600,
                            "type": "AP"
                        },
                        "HE": {
                            "burn_probability": 27.0,
                            "bullet_speed": 815,
                            "name": "350 mm Spr.Gr. L/4.4 Bdz",
                            "damage": 4000,
                            "bullet_mass": 600,
                            "type": "HE"
                        }
                    },
                    "shot_delay": 27.0,
                    "rotation_time": 30.0,
                    "distance": 18.2,
                    "artillery_id": 3330256688,
                    "artillery_id_str": "PGUA920",
                    "slots": {
                        "0": {
                            "barrels": 3,
                            "name": "350 mm/45 SK C/14 (Drh LC/1919 砲座)",
                            "guns": 3
                        }
                    },
                    "gun_rate": 2.2
                },
                "torpedoes": {
                    "visibility_dist": 1.3,
                    "distance": 9.5,
                    "torpedoes_id": 3329634096,
                    "torpedo_name": "G7a T2",
                    "reload_time": 110,
                    "torpedo_speed": 65,
                    "rotation_time": 7.2,
                    "torpedoes_id_str": "PGUT920",
                    "slots": {
                        "0": {
                            "barrels": 5,
                            "caliber": 533,
                            "name": "533 mm Fünfling",
                            "guns": 2
                        }
                    },
                    "max_damage": 14400
                },
                "fighters": null,
                "submarine_mobility": null,
                "fire_control": {
                    "fire_control_id": 3329666864,
                    "distance": 0.0,
                    "distance_increase": null,
                    "fire_control_id_str": "PGUS920"
                },
                "submarine_sonar": null,
                "battle_level_range_max": 11,
                "battle_level_range_min": 10,
                "flight_control": null,
                "submarine_battery": null,
                "concealment": {
                    "total": 41,
                    "detect_distance_by_plane": 9.6,
                    "detect_distance_by_submarine": 9.6,
                    "detect_distance_by_ship": 14.7
                },
                "armour": {
                    "casemate": {
                        "max": -1,
                        "min": -1
                    },
                    "deck": {
                        "max": -1,
                        "min": -1
                    },
                    "flood_damage": 37,
                    "range": {
                        "max": 320,
                        "min": 16
                    },
                    "health": 63900,
                    "extremities": {
                        "max": -1,
                        "min": -1
                    },
                    "total": 83,
                    "citadel": {
                        "max": -1,
                        "min": -1
                    }
                },
                "weaponry": {
                    "torpedoes": 25,
                    "aircraft": 0,
                    "artillery": 87,
                    "anti_aircraft": 85
                },
                "dive_bomber": null
            },
            "upgrades": [
                4287811504,
                4281520048,
                4273131440,
                4279422896,
                4261597104,
                4220702640,
                4265791408,
                4269985712,
                4267888560,
                4278374320,
                4262645680,
                4266839984,
                4268937136,
                4275228592,
                4259499952,
                4257402800,
                4280471472
            ],
            "tier": 10,
            "next_ships": {},
            "mod_slots": 6,
            "type": "Cruiser",
            "is_special": false,
            "name": "Prinz Adalbert"
        }
    }
}