{
    "status": "ok",
    "meta": {
        "count": 1,
        "page_total": 1,
        "total": 1,
        "limit": 100,
        "page": 1
    },
    "data": {
        "3531519984": {
            "description": "本艦は「大型巡洋艦」の設計案の派生案であり、アラスカ級に類似した構造を持ちながら、主砲として 305 mm 砲 7 門を搭載しています。この主砲配置は、1940年にアメリカで開発された CA2F 設計案に採用されていました。",
            "price_gold": 11500,
            "ship_id_str": "PASC728",
            "has_demo_profile": false,
            "images": {
                "small": "https://wows-gloss-icons.wgcdn.co/icons/vehicle/small/PASC728_fc6a2db06666d49e796100a1ad0259f869f1b487259296c4c352b6b743f36cb6.png",
                "large": "https://wows-gloss-icons.wgcdn.co/icons/vehicle/large/PASC728_63c3fa155aef81e83957525d33fdbd2601e5a4774584a26036dce05c4898833c.png",
                "medium": "https://wows-gloss-icons.wgcdn.co/icons/vehicle/medium/PASC728_689ffc0c3dd5680c19194b0c1b387322e49d35f30f4a3cc0ddd7e2576679d496.png",
                "contour": "https://wows-gloss-icons.wgcdn.co/icons/vehicle/contour/PASC728_c286509d1439f714f7fd6e0b81c74bb7ceefef9a4f370db30c1aac1ca6a311a4.png"
            },
            "modules": {
                "engine": [
                    3465392112
                ],
                "torpedo_bomber": [],
                "fighter": [],
                "hull": [
                    3465293808
                ],
                "artillery": [
                    3465523184
                ],
                "torpedoes": [],
                "fire_control": [
                    3464933360
                ],
                "sonar": [],
                "flight_control": [],
                "dive_bomber": []
            },
            "modules_tree": {
                "3465392112": {
                    "name": "推力: 180,000 馬力",
                    "next_modules": null,
                    "is_default": true,
                    "price_xp": 0,
                    "price_credit": 0,
                    "next_ships": null,
                    "module_id": 3465392112,
                    "type": "Engine",
                    "module_id_str": "PAUE791"
                },
                "3465293808": {
                    "name": "Protector",
                    "next_modules": null,
                    "is_default": true,
                    "price_xp": 0,
                    "price_credit": 0,
                    "next_ships": null,
                    "module_id": 3465293808,
                    "type": "Hull",
                    "module_id_str": "PAUH791"
                },
                "3464933360": {
                    "name": "Mk8 mod. 1",
                    "next_modules": null,
                    "is_default": true,
                    "price_xp": 0,
                    "price_credit": 0,
                    "next_ships": null,
                    "module_id": 3464933360,
                    "type": "Suo",
                    "module_id_str": "PAUS791"
                },
                "3465523184": {
                    "name": "305 mm/50 Mk.8 (砲塔)",
                    "next_modules": null,
                    "is_default": true,
                    "price_xp": 0,
                    "price_credit": 0,
                    "next_ships": null,
                    "module_id": 3465523184,
                    "type": "Artillery",
                    "module_id_str": "PAUA791"
                }
            },
            "nation": "usa",
            "is_premium": false,
            "ship_id": 3531519984,
            "price_credit": 0,
            "default_profile": {
                "engine": {
                    "engine_id_str": "PAUE791",
                    "max_speed": 33.0,
                    "engine_id": 3465392112
                },
                "torpedo_bomber": null,
                "anti_aircraft": {
                    "slots": {
                        "0": {
                            "distance": -1.0,
                            "avg_damage": null,
                            "caliber": 20,
                            "name": "20 mm Oerlikon (Mk.4 砲座)",
                            "guns": 20
                        },
                        "1": {
                            "distance": -1.0,
                            "avg_damage": null,
                            "caliber": 40,
                            "name": "40 mm/56 Bofors (Mk.1 砲座)",
                            "guns": 14
                        },
                        "2": {
                            "distance": -1.0,
                            "avg_damage": null,
                            "caliber": 127,
                            "name": "127 mm/38 Mk.12 (Mk.32 砲座)",
                            "guns": 6
                        }
                    },
                    "defense": 75
                },
                "depth_charge": null,
                "mobility": {
                    "rudder_time": 11.2,
                    "total": 51,
                    "max_speed": 33.0,
                    "turning_radius": 850
                },
                "hull": {
                    "hull_id": 3465293808,
                    "hull_id_str": "PAUH791",
                    "torpedoes_barrels": 0,
                    "anti_aircraft_barrels": 40,
                    "range": {
                        "max": 325,
                        "min": 16
                    },
                    "health": 51150,
                    "planes_amount": null,
                    "artillery_barrels": 3,
                    "atba_barrels": 6
                },
                "atbas": {
                    "distance": 7.7,
                    "slots": {
                        "0": {
                            "burn_probability": 5.0,
                            "bullet_speed": 792,
                            "name": "127 mm HE Mk32",
                            "shot_delay": 2.6,
                            "damage": 1800,
                            "bullet_mass": 25,
                            "type": "HE",
                            "gun_rate": 22.6
                        }
                    }
                },
                "artillery": {
                    "max_dispersion": 198,
                    "shells": {
                        "AP": {
                            "burn_probability": null,
                            "bullet_speed": 762,
                            "name": "305 mm AP Mk18 mod. 2",
                            "damage": 7600,
                            "bullet_mass": 365,
                            "type": "AP"
                        },
                        "HE": {
                            "burn_probability": 27.0,
                            "bullet_speed": 808,
                            "name": "305 mm HE Mk17 mod. 1",
                            "damage": 4300,
                            "bullet_mass": 462,
                            "type": "HE"
                        }
                    },
                    "shot_delay": 24.0,
                    "rotation_time": 24.0,
                    "distance": 17.9,
                    "artillery_id": 3465523184,
                    "artillery_id_str": "PAUA791",
                    "slots": {
                        "0": {
                            "barrels": 2,
                            "name": "305 mm/50 Mk.8 (砲塔)",
                            "guns": 2
                        },
                        "1": {
                            "barrels": 3,
                            "name": "305 mm/50 Mk.8 (砲塔)",
                            "guns": 1
                        }
                    },
                    "gun_rate": 2.5
                },
                "torpedoes": null,
                "fighters": null,
                "submarine_mobility": null,
                "fire_control": {
                    "fire_control_id": 3464933360,
                    "distance": 0.0,
                    "distance_increase": null,
                    "fire_control_id_str": "PAUS791"
                },
                "submarine_sonar": null,
                "battle_level_range_max": 10,
                "battle_level_range_min": 8,
                "flight_control": null,
                "submarine_battery": null,
                "concealment": {
                    "total": 39,
                    "detect_distance_by_plane": 9.7,
                    "detect_distance_by_submarine": 9.7,
                    "detect_distance_by_ship": 15.0
                },
                "armour": {
                    "casemate": {
                        "max": -1,
                        "min": -1
                    },
                    "deck": {
                        "max": -1,
                        "min": -1
                    },
                    "flood_damage": 13,
                    "range": {
                        "max": 325,
                        "min": 16
                    },
                    "health": 51150,
                    "extremities": {
                        "max": -1,
                        "min": -1
                    },
                    "total": 66,
                    "citadel": {
                        "max": -1,
                        "min": -1
                    }
                },
                "weaponry": {
                    "torpedoes": 0,
                    "aircraft": 0,
                    "artillery": 82,
                    "anti_aircraft": 75
                },
                "dive_bomber": null
            },
            "upgrades": [
                4273131440,
                4266839984,
                4257402800,
                4259499952,
                4261597104,
                4262645680,
                4265791408,
                4268937136,
                4267888560,
                4287811504,
                4275228592,
                4269985712,
                4281520048
            ],
            "tier": 8,
            "next_ships": {},
            "mod_slots": 5,
            "type": "Cruiser",
            "is_special": false,
            "name": "Protector"
        }
    }
}