{
    "status": "ok",
    "meta": {
        "count": 1,
        "page_total": 1,
        "total": 1,
        "limit": 100,
        "page": 1
    },
    "data": {
        "4075730384": {
            "description": "ドイツから巡洋艦リュッツオウを購入し、「ペトロパヴロフスク」と改名した後、同じ艦種のより高度な艦艇を建造するかどうかという問題が生じました。その結果としてプロイェート 82 巡洋艦が開発されることになりました。そして 1943 年に、戦訓を考慮に入れた計画案が開発されました。本案は主砲として主砲は 220 mm 砲を、副砲として 130 mm 両用砲を搭載する案でした。これを具現化したのがこのリガです。本計画がこの構成で建造されることはありませんでしたが、その後の設計の改良により、スターリングラード級重巡洋艦が登場しました。",
            "price_gold": 0,
            "ship_id_str": "PRSC209",
            "has_demo_profile": false,
            "images": {
                "small": "https://wows-gloss-icons.wgcdn.co/icons/vehicle/small/PRSC209_0ae9b8bdf3da437c1eec68dbdc3832fbf8e63954c2b78cdd07e593276d580404.png",
                "large": "https://wows-gloss-icons.wgcdn.co/icons/vehicle/large/PRSC209_8fec44742070d52c93514bb1b68c4b3838db3f7c622b393ff2390d2f3dd2a0cc.png",
                "medium": "https://wows-gloss-icons.wgcdn.co/icons/vehicle/medium/PRSC209_0d136ba55cd6a3c6b7252637c3fbb7645ccc48d652f0b47e03b80641fec52541.png",
                "contour": "https://wows-gloss-icons.wgcdn.co/icons/vehicle/contour/PRSC209_80b8707b1b48ad2f3accfc58a68564561c8a0a2bf42d7041ea1b331a756370d1.png"
            },
            "modules": {
                "engine": [
                    3449662928
                ],
                "torpedo_bomber": [],
                "fighter": [],
                "hull": [
                    3439078864,
                    3438030288
                ],
                "artillery": [
                    3449794000
                ],
                "torpedoes": [],
                "fire_control": [
                    3432426960,
                    3433475536
                ],
                "sonar": [],
                "flight_control": [],
                "dive_bomber": []
            },
            "modules_tree": {
                "3438030288": {
                    "name": "Riga (A)",
                    "next_modules": [
                        3439078864
                    ],
                    "is_default": true,
                    "price_xp": 0,
                    "price_credit": 1300000,
                    "next_ships": null,
                    "module_id": 3438030288,
                    "type": "Hull",
                    "module_id_str": "PRUH817"
                },
                "3439078864": {
                    "name": "Riga (B)",
                    "next_modules": null,
                    "is_default": false,
                    "price_xp": 42000,
                    "price_credit": 3000000,
                    "next_ships": [
                        3969824208
                    ],
                    "module_id": 3439078864,
                    "type": "Hull",
                    "module_id_str": "PRUH816"
                },
                "3449662928": {
                    "name": "推力: 165,000 馬力",
                    "next_modules": null,
                    "is_default": true,
                    "price_xp": 0,
                    "price_credit": 1000000,
                    "next_ships": null,
                    "module_id": 3449662928,
                    "type": "Engine",
                    "module_id_str": "PRUE806"
                },
                "3433475536": {
                    "name": "GFCS IX mod. 1",
                    "next_modules": [
                        3432426960
                    ],
                    "is_default": true,
                    "price_xp": 0,
                    "price_credit": 1000000,
                    "next_ships": null,
                    "module_id": 3433475536,
                    "type": "Suo",
                    "module_id_str": "PRUS821"
                },
                "3449794000": {
                    "name": "220 mm/60 (SM-7 砲座)",
                    "next_modules": null,
                    "is_default": true,
                    "price_xp": 0,
                    "price_credit": 1000000,
                    "next_ships": null,
                    "module_id": 3449794000,
                    "type": "Artillery",
                    "module_id_str": "PRUA806"
                },
                "3432426960": {
                    "name": "GFCS IX mod. 2",
                    "next_modules": null,
                    "is_default": false,
                    "price_xp": 24500,
                    "price_credit": 2000000,
                    "next_ships": null,
                    "module_id": 3432426960,
                    "type": "Suo",
                    "module_id_str": "PRUS822"
                }
            },
            "nation": "ussr",
            "is_premium": false,
            "ship_id": 4075730384,
            "price_credit": 13800000,
            "default_profile": {
                "engine": {
                    "engine_id_str": "PRUE806",
                    "max_speed": 33.5,
                    "engine_id": 3449662928
                },
                "torpedo_bomber": null,
                "anti_aircraft": {
                    "slots": {
                        "0": {
                            "distance": -1.0,
                            "avg_damage": null,
                            "caliber": 37,
                            "name": "37 mm 70-K 砲座",
                            "guns": 8
                        },
                        "1": {
                            "distance": -1.0,
                            "avg_damage": null,
                            "caliber": 37,
                            "name": "37 mm 46-K 砲座",
                            "guns": 6
                        },
                        "2": {
                            "distance": -1.0,
                            "avg_damage": null,
                            "caliber": 100,
                            "name": "100 mm/56 (B-54 砲座)",
                            "guns": 2
                        },
                        "3": {
                            "distance": -1.0,
                            "avg_damage": null,
                            "caliber": 130,
                            "name": "130 mm/55 (B-2-U 砲座)",
                            "guns": 4
                        }
                    },
                    "defense": 64
                },
                "depth_charge": null,
                "mobility": {
                    "rudder_time": 16.2,
                    "total": 48,
                    "max_speed": 33.5,
                    "turning_radius": 920
                },
                "hull": {
                    "hull_id": 3438030288,
                    "hull_id_str": "PRUH817",
                    "torpedoes_barrels": 0,
                    "anti_aircraft_barrels": 20,
                    "range": {
                        "max": 260,
                        "min": 16
                    },
                    "health": 47300,
                    "planes_amount": null,
                    "artillery_barrels": 3,
                    "atba_barrels": 6
                },
                "atbas": {
                    "distance": 7.0,
                    "slots": {
                        "0": {
                            "burn_probability": 8.0,
                            "bullet_speed": 900,
                            "name": "HE-46",
                            "shot_delay": 5.0,
                            "damage": 1900,
                            "bullet_mass": 33,
                            "type": "HE",
                            "gun_rate": 12.0
                        },
                        "1": {
                            "burn_probability": 6.0,
                            "bullet_speed": 895,
                            "name": "HE-56",
                            "shot_delay": 3.8,
                            "damage": 1400,
                            "bullet_mass": 16,
                            "type": "HE",
                            "gun_rate": 16.0
                        }
                    }
                },
                "artillery": {
                    "max_dispersion": 170,
                    "shells": {
                        "AP": {
                            "burn_probability": null,
                            "bullet_speed": 965,
                            "name": "220 mm AP Model 1943",
                            "damage": 5750,
                            "bullet_mass": 170,
                            "type": "AP"
                        },
                        "HE": {
                            "burn_probability": 14.0,
                            "bullet_speed": 965,
                            "name": "220 mm HE Model 1943",
                            "damage": 3050,
                            "bullet_mass": 170,
                            "type": "HE"
                        }
                    },
                    "shot_delay": 14.0,
                    "rotation_time": 32.7,
                    "distance": 16.4,
                    "artillery_id": 3449794000,
                    "artillery_id_str": "PRUA806",
                    "slots": {
                        "0": {
                            "barrels": 3,
                            "name": "220 mm/60 (SM-7 砲座)",
                            "guns": 3
                        }
                    },
                    "gun_rate": 4.3
                },
                "torpedoes": null,
                "fighters": null,
                "submarine_mobility": null,
                "fire_control": {
                    "fire_control_id": 3433475536,
                    "distance": 0.0,
                    "distance_increase": null,
                    "fire_control_id_str": "PRUS821"
                },
                "submarine_sonar": null,
                "battle_level_range_max": 11,
                "battle_level_range_min": 9,
                "flight_control": null,
                "submarine_battery": null,
                "concealment": {
                    "total": 42,
                    "detect_distance_by_plane": 8.6,
                    "detect_distance_by_submarine": 8.6,
                    "detect_distance_by_ship": 14.9
                },
                "armour": {
                    "casemate": {
                        "max": -1,
                        "min": -1
                    },
                    "deck": {
                        "max": -1,
                        "min": -1
                    },
                    "flood_damage": 19,
                    "range": {
                        "max": 260,
                        "min": 16
                    },
                    "health": 47300,
                    "extremities": {
                        "max": -1,
                        "min": -1
                    },
                    "total": 63,
                    "citadel": {
                        "max": -1,
                        "min": -1
                    }
                },
                "weaponry": {
                    "torpedoes": 0,
                    "aircraft": 0,
                    "artillery": 77,
                    "anti_aircraft": 64
                },
                "dive_bomber": null
            },
            "upgrades": [
                4287811504,
                4281520048,
                4273131440,
                4265791408,
                4261597104,
                4269985712,
                4278374320,
                4262645680,
                4266839984,
                4268937136,
                4275228592,
                4259499952,
                4267888560,
                4257402800,
                4280471472
            ],
            "tier": 9,
            "next_ships": {
                "3969824208": 240000
            },
            "mod_slots": 6,
            "type": "Cruiser",
            "is_special": false,
            "name": "Riga"
        }
    }
}