{
    "status": "ok",
    "meta": {
        "count": 1,
        "page_total": 1,
        "total": 1,
        "limit": 100,
        "page": 1
    },
    "data": {
        "3249452400": {
            "description": "限られた排水量の中で最大限の武装を実現することを目指した、コンパクトな設計の軽巡洋艦です。その設計は、本質的にイギリスのタウン級巡洋艦の小型でより経済的なバージョンとして考案され、同等の火力を維持しています。",
            "price_gold": 8500,
            "ship_id_str": "PUSC997",
            "has_demo_profile": false,
            "images": {
                "small": "https://wows-gloss-icons.wgcdn.co/icons/vehicle/small/PUSC997_04b0c425a65eb5be8d7b438d084240beb74dacbf1ea8ff0d2fe7043ecbe230f5.png",
                "large": "https://wows-gloss-icons.wgcdn.co/icons/vehicle/large/PUSC997_508717a1182aacb6db4960f957675eb51934491c79ac614df65b39dea4f87d4e.png",
                "medium": "https://wows-gloss-icons.wgcdn.co/icons/vehicle/medium/PUSC997_3c6f53fd4ad60b55c6d4334014c2eb21eac6d6dbf494bdc974d144c958181154.png",
                "contour": "https://wows-gloss-icons.wgcdn.co/icons/vehicle/contour/PUSC997_d9bea5b0a7708b16ca07813366d7e95be126599f0534528166ec967d69e94f37.png"
            },
            "modules": {
                "engine": [
                    3561860464
                ],
                "torpedo_bomber": [],
                "fighter": [],
                "hull": [
                    3561762160
                ],
                "artillery": [
                    3561991536
                ],
                "torpedoes": [
                    3561368944
                ],
                "fire_control": [
                    3561401712
                ],
                "sonar": [],
                "flight_control": [],
                "dive_bomber": []
            },
            "modules_tree": {
                "3561401712": {
                    "name": "Mk VII mod. 1",
                    "next_modules": null,
                    "is_default": true,
                    "price_xp": 0,
                    "price_credit": 0,
                    "next_ships": null,
                    "module_id": 3561401712,
                    "type": "Suo",
                    "module_id_str": "PUUS699"
                },
                "3561860464": {
                    "name": "推力: 80,000 馬力",
                    "next_modules": null,
                    "is_default": true,
                    "price_xp": 0,
                    "price_credit": 0,
                    "next_ships": null,
                    "module_id": 3561860464,
                    "type": "Engine",
                    "module_id_str": "PUUE699"
                },
                "3561368944": {
                    "name": "533 mm Mk IX*",
                    "next_modules": null,
                    "is_default": true,
                    "price_xp": 0,
                    "price_credit": 0,
                    "next_ships": null,
                    "module_id": 3561368944,
                    "type": "Torpedoes",
                    "module_id_str": "PUUT699"
                },
                "3561991536": {
                    "name": "152 mm/50 BL Mk.XXIII (Mk.XXIII 砲座)",
                    "next_modules": null,
                    "is_default": true,
                    "price_xp": 0,
                    "price_credit": 0,
                    "next_ships": null,
                    "module_id": 3561991536,
                    "type": "Artillery",
                    "module_id_str": "PUUA699"
                },
                "3561762160": {
                    "name": "River Gambra",
                    "next_modules": null,
                    "is_default": true,
                    "price_xp": 0,
                    "price_credit": 0,
                    "next_ships": null,
                    "module_id": 3561762160,
                    "type": "Hull",
                    "module_id_str": "PUUH699"
                }
            },
            "nation": "commonwealth",
            "is_premium": false,
            "ship_id": 3249452400,
            "price_credit": 0,
            "default_profile": {
                "engine": {
                    "engine_id_str": "PUUE699",
                    "max_speed": 31.5,
                    "engine_id": 3561860464
                },
                "torpedo_bomber": null,
                "anti_aircraft": {
                    "slots": {
                        "0": {
                            "distance": -1.0,
                            "avg_damage": null,
                            "caliber": 20,
                            "name": "20 mm Oerlikon Mk.I (Mk.IIA 砲座)",
                            "guns": 3
                        },
                        "1": {
                            "distance": -1.0,
                            "avg_damage": null,
                            "caliber": 20,
                            "name": "20 mm Oerlikon Mk.II (Mk.V 砲座)",
                            "guns": 10
                        },
                        "2": {
                            "distance": -1.0,
                            "avg_damage": null,
                            "caliber": 40,
                            "name": "40 mm/56 OQF Mk.XI (Mk.V 砲座)",
                            "guns": 2
                        },
                        "3": {
                            "distance": -1.0,
                            "avg_damage": null,
                            "caliber": 40,
                            "name": "40 mm/56 OQF Mk.1/2 (RP Mk.II 砲座)",
                            "guns": 2
                        },
                        "4": {
                            "distance": -1.0,
                            "avg_damage": null,
                            "caliber": 102,
                            "name": "102 mm/45 QF Mk.XVI (Mk.XIX 砲座)",
                            "guns": 4
                        }
                    },
                    "defense": 60
                },
                "depth_charge": null,
                "mobility": {
                    "rudder_time": 8.6,
                    "total": 53,
                    "max_speed": 31.5,
                    "turning_radius": 600
                },
                "hull": {
                    "hull_id": 3561762160,
                    "hull_id_str": "PUUH699",
                    "torpedoes_barrels": 2,
                    "anti_aircraft_barrels": 21,
                    "range": {
                        "max": 114,
                        "min": 10
                    },
                    "health": 31400,
                    "planes_amount": null,
                    "artillery_barrels": 4,
                    "atba_barrels": 4
                },
                "atbas": {
                    "distance": 5.6,
                    "slots": {
                        "0": {
                            "burn_probability": 6.0,
                            "bullet_speed": 811,
                            "name": "102 mm HE 35 lb",
                            "shot_delay": 3.0,
                            "damage": 1500,
                            "bullet_mass": 16,
                            "type": "HE",
                            "gun_rate": 20.0
                        }
                    }
                },
                "artillery": {
                    "max_dispersion": 138,
                    "shells": {
                        "AP": {
                            "burn_probability": null,
                            "bullet_speed": 841,
                            "name": "152 mm AP 6crh Mk IV",
                            "damage": 2850,
                            "bullet_mass": 44,
                            "type": "AP"
                        },
                        "HE": {
                            "burn_probability": 12.0,
                            "bullet_speed": 841,
                            "name": "152 mm HE 6crh Mk V",
                            "damage": 2300,
                            "bullet_mass": 44,
                            "type": "HE"
                        }
                    },
                    "shot_delay": 8.0,
                    "rotation_time": 22.5,
                    "distance": 15.3,
                    "artillery_id": 3561991536,
                    "artillery_id_str": "PUUA699",
                    "slots": {
                        "0": {
                            "barrels": 3,
                            "name": "152 mm/50 BL Mk.XXIII (Mk.XXIII 砲座)",
                            "guns": 4
                        }
                    },
                    "gun_rate": 6.8
                },
                "torpedoes": {
                    "visibility_dist": 1.3,
                    "distance": 7.0,
                    "torpedoes_id": 3561368944,
                    "torpedo_name": "533 mm Mk X*",
                    "reload_time": 110,
                    "torpedo_speed": 64,
                    "rotation_time": 7.2,
                    "torpedoes_id_str": "PUUT699",
                    "slots": {
                        "0": {
                            "barrels": 3,
                            "caliber": 533,
                            "name": "533 mm TR Mk IV",
                            "guns": 2
                        }
                    },
                    "max_damage": 17500
                },
                "fighters": null,
                "submarine_mobility": null,
                "fire_control": {
                    "fire_control_id": 3561401712,
                    "distance": 0.0,
                    "distance_increase": null,
                    "fire_control_id_str": "PUUS699"
                },
                "submarine_sonar": null,
                "battle_level_range_max": 9,
                "battle_level_range_min": 7,
                "flight_control": null,
                "submarine_battery": null,
                "concealment": {
                    "total": 61,
                    "detect_distance_by_plane": 6.4,
                    "detect_distance_by_submarine": 6.4,
                    "detect_distance_by_ship": 11.8
                },
                "armour": {
                    "casemate": {
                        "max": -1,
                        "min": -1
                    },
                    "deck": {
                        "max": -1,
                        "min": -1
                    },
                    "flood_damage": 0,
                    "range": {
                        "max": 114,
                        "min": 10
                    },
                    "health": 31400,
                    "extremities": {
                        "max": -1,
                        "min": -1
                    },
                    "total": 43,
                    "citadel": {
                        "max": -1,
                        "min": -1
                    }
                },
                "weaponry": {
                    "torpedoes": 15,
                    "aircraft": 0,
                    "artillery": 67,
                    "anti_aircraft": 60
                },
                "dive_bomber": null
            },
            "upgrades": [
                4273131440,
                4220702640,
                4259499952,
                4261597104,
                4262645680,
                4287811504,
                4267888560,
                4275228592,
                4269985712,
                4281520048
            ],
            "tier": 7,
            "next_ships": {},
            "mod_slots": 4,
            "type": "Cruiser",
            "is_special": false,
            "name": "River Gambra"
        }
    }
}