{
    "status": "ok",
    "meta": {
        "count": 1,
        "page_total": 1,
        "total": 1,
        "limit": 100,
        "page": 1
    },
    "data": {
        "3551475536": {
            "description": "1939 年に開発されたアルザス級戦艦の設計案のひとつです。他の案との大きな違いは、主兵装が 9 門の 406 mm 砲によって構成されている点です。しかし当時のフランス海軍はそのような砲を保有していなかったため、この兵装構成の戦艦が実際に建造される可能性は低かったと言えます。ただし、本計画が中止となった主な理由は、1940 年 5 月から 6 月にかけてのフランスの陸上戦での敗北でした。",
            "price_gold": 28500,
            "ship_id_str": "PFSB709",
            "has_demo_profile": false,
            "images": {
                "small": "https://wows-gloss-icons.wgcdn.co/icons/vehicle/small/PFSB709_3eb6a0b52329622907b528a990220d4b9f7cd9999ad81f03043193cd7777c6e7.png",
                "large": "https://wows-gloss-icons.wgcdn.co/icons/vehicle/large/PFSB709_e04bee965dae1f05286f8ba7ae06c0c9da3981d30cc006f8aee7e01f04ee9b42.png",
                "medium": "https://wows-gloss-icons.wgcdn.co/icons/vehicle/medium/PFSB709_c9afb62fedc30a8318369e02ea3ee36c7feb7364507509a0519d293514b29b70.png",
                "contour": "https://wows-gloss-icons.wgcdn.co/icons/vehicle/contour/PFSB709_c97a3ab2d53173df2b1f6b6eaaa3b7345bc22881877e79946fb6187b9643cdf9.png"
            },
            "modules": {
                "engine": [
                    3438128976
                ],
                "torpedo_bomber": [],
                "fighter": [],
                "hull": [
                    3438030672
                ],
                "artillery": [
                    3438260048
                ],
                "torpedoes": [],
                "fire_control": [
                    3437670224
                ],
                "sonar": [],
                "flight_control": [],
                "dive_bomber": []
            },
            "modules_tree": {
                "3438128976": {
                    "name": "推力: 192,000 馬力",
                    "next_modules": null,
                    "is_default": true,
                    "price_xp": 0,
                    "price_credit": 0,
                    "next_ships": null,
                    "module_id": 3438128976,
                    "type": "Engine",
                    "module_id_str": "PFUE817"
                },
                "3437670224": {
                    "name": "PCA n° 9 Mle 1",
                    "next_modules": null,
                    "is_default": true,
                    "price_xp": 0,
                    "price_credit": 0,
                    "next_ships": null,
                    "module_id": 3437670224,
                    "type": "Suo",
                    "module_id_str": "PFUS817"
                },
                "3438260048": {
                    "name": "406 mm/50 Mle 1938 (砲塔)",
                    "next_modules": null,
                    "is_default": true,
                    "price_xp": 0,
                    "price_credit": 0,
                    "next_ships": null,
                    "module_id": 3438260048,
                    "type": "Artillery",
                    "module_id_str": "PFUA817"
                },
                "3438030672": {
                    "name": "Roussillon",
                    "next_modules": null,
                    "is_default": true,
                    "price_xp": 0,
                    "price_credit": 0,
                    "next_ships": null,
                    "module_id": 3438030672,
                    "type": "Hull",
                    "module_id_str": "PFUH817"
                }
            },
            "nation": "france",
            "is_premium": false,
            "ship_id": 3551475536,
            "price_credit": 0,
            "default_profile": {
                "engine": {
                    "engine_id_str": "PFUE817",
                    "max_speed": 32.0,
                    "engine_id": 3438128976
                },
                "torpedo_bomber": null,
                "anti_aircraft": {
                    "slots": {
                        "0": {
                            "distance": -1.0,
                            "avg_damage": null,
                            "caliber": 25,
                            "name": "25 mm Hotchkiss Mle 1939 (CAD Mle 1939 砲座)",
                            "guns": 10
                        },
                        "1": {
                            "distance": -1.0,
                            "avg_damage": null,
                            "caliber": 37,
                            "name": "37 mm/70 Mle 1935 (ACAD Mle 1936 砲座)",
                            "guns": 16
                        },
                        "2": {
                            "distance": -1.0,
                            "avg_damage": null,
                            "caliber": 100,
                            "name": "100 mm/45 Mle 1933 (Mle 1937 砲座)",
                            "guns": 12
                        },
                        "3": {
                            "distance": -1.0,
                            "avg_damage": null,
                            "caliber": 152,
                            "name": "152 mm/55 Mle 1930 (Mle 1936 砲座)",
                            "guns": 3
                        }
                    },
                    "defense": 74
                },
                "depth_charge": null,
                "mobility": {
                    "rudder_time": 16.6,
                    "total": 45,
                    "max_speed": 32.0,
                    "turning_radius": 910
                },
                "hull": {
                    "hull_id": 3438030672,
                    "hull_id_str": "PFUH817",
                    "torpedoes_barrels": 0,
                    "anti_aircraft_barrels": 41,
                    "range": {
                        "max": 430,
                        "min": 19
                    },
                    "health": 69000,
                    "planes_amount": null,
                    "artillery_barrels": 3,
                    "atba_barrels": 15
                },
                "atbas": {
                    "distance": 8.0,
                    "slots": {
                        "0": {
                            "burn_probability": 12.0,
                            "bullet_speed": 870,
                            "name": "152 mm HE OEA Mle 1937",
                            "shot_delay": 12.0,
                            "damage": 2200,
                            "bullet_mass": 55,
                            "type": "HE",
                            "gun_rate": 5.0
                        },
                        "1": {
                            "burn_probability": 6.0,
                            "bullet_speed": 780,
                            "name": "100 mm HE OEA Mle 1928",
                            "shot_delay": 4.0,
                            "damage": 1400,
                            "bullet_mass": 14,
                            "type": "HE",
                            "gun_rate": 15.0
                        }
                    }
                },
                "artillery": {
                    "max_dispersion": 244,
                    "shells": {
                        "AP": {
                            "burn_probability": null,
                            "bullet_speed": 850,
                            "name": "406 mm APC Mle 1938",
                            "damage": 12100,
                            "bullet_mass": 900,
                            "type": "AP"
                        },
                        "HE": {
                            "burn_probability": 49.0,
                            "bullet_speed": 850,
                            "name": "406 mm HE Mle 1938",
                            "damage": 6100,
                            "bullet_mass": 900,
                            "type": "HE"
                        }
                    },
                    "shot_delay": 36.0,
                    "rotation_time": 30.0,
                    "distance": 23.4,
                    "artillery_id": 3438260048,
                    "artillery_id_str": "PFUA817",
                    "slots": {
                        "0": {
                            "barrels": 3,
                            "name": "406 mm/50 Mle 1938 (砲塔)",
                            "guns": 3
                        }
                    },
                    "gun_rate": 1.7
                },
                "torpedoes": null,
                "fighters": null,
                "submarine_mobility": null,
                "fire_control": {
                    "fire_control_id": 3437670224,
                    "distance": 0.0,
                    "distance_increase": null,
                    "fire_control_id_str": "PFUS817"
                },
                "submarine_sonar": null,
                "battle_level_range_max": 11,
                "battle_level_range_min": 9,
                "flight_control": null,
                "submarine_battery": null,
                "concealment": {
                    "total": 33,
                    "detect_distance_by_plane": 10.0,
                    "detect_distance_by_submarine": 10.0,
                    "detect_distance_by_ship": 16.2
                },
                "armour": {
                    "casemate": {
                        "max": -1,
                        "min": -1
                    },
                    "deck": {
                        "max": -1,
                        "min": -1
                    },
                    "flood_damage": 44,
                    "range": {
                        "max": 430,
                        "min": 19
                    },
                    "health": 69000,
                    "extremities": {
                        "max": -1,
                        "min": -1
                    },
                    "total": 86,
                    "citadel": {
                        "max": -1,
                        "min": -1
                    }
                },
                "weaponry": {
                    "torpedoes": 0,
                    "aircraft": 0,
                    "artillery": 86,
                    "anti_aircraft": 74
                },
                "dive_bomber": null
            },
            "upgrades": [
                4265791408,
                4273131440,
                4269985712,
                4259499952,
                4261597104,
                4262645680,
                4287811504,
                4266839984,
                4268937136,
                4267888560,
                4280471472,
                4275228592,
                4278374320,
                4281520048
            ],
            "tier": 9,
            "next_ships": {},
            "mod_slots": 6,
            "type": "Battleship",
            "is_special": false,
            "name": "Roussillon"
        }
    }
}