{
    "status": "ok",
    "meta": {
        "count": 1,
        "page_total": 1,
        "total": 1,
        "limit": 100,
        "page": 1
    },
    "data": {
        "4179539280": {
            "description": "第二次世界大戦後、アルゼンチンの指導者達は、イギリスまたはアメリカに新たな巡洋艦を発注することを計画していました。その際の新巡洋艦の主な条件は、主砲として両用砲を採用していることでした。アルゼンチンが実際に巡洋艦を発注していたとすると、当時この条件に最も適していた艦艇はウースター級であり、設計者たちが参考にしていたはずです。その結果、このサン・マルティンのような艦艇が完成することになったかも知れません。",
            "price_gold": 0,
            "ship_id_str": "PVSC110",
            "has_demo_profile": false,
            "images": {
                "small": "https://wows-gloss-icons.wgcdn.co/icons/vehicle/small/PVSC110_207116ebc7f833540faa89d9a02013f2ac880f9a5a821d7f09ac26ab442dce5d.png",
                "large": "https://wows-gloss-icons.wgcdn.co/icons/vehicle/large/PVSC110_cd76dfcd439ec5a2a89bbccb3263b4c363428ca66ff04586a56e821c8c401be2.png",
                "medium": "https://wows-gloss-icons.wgcdn.co/icons/vehicle/medium/PVSC110_bbf806c3f97b83c755c8c37aef1f73607c20ca0b9041395c6bbbd51143e36cb0.png",
                "contour": "https://wows-gloss-icons.wgcdn.co/icons/vehicle/contour/PVSC110_ec98e8481776792fcd39e45ff65d83e5871975cbd343dd5e680c6496e163d788.png"
            },
            "modules": {
                "engine": [
                    3350048080
                ],
                "torpedo_bomber": [],
                "fighter": [],
                "hull": [
                    3349949776
                ],
                "artillery": [
                    3350179152
                ],
                "torpedoes": [
                    3349556560
                ],
                "fire_control": [
                    3349589328
                ],
                "sonar": [],
                "flight_control": [],
                "dive_bomber": []
            },
            "modules_tree": {
                "3350048080": {
                    "name": "推力: 145,000 馬力",
                    "next_modules": null,
                    "is_default": true,
                    "price_xp": 0,
                    "price_credit": 2000000,
                    "next_ships": null,
                    "module_id": 3350048080,
                    "type": "Engine",
                    "module_id_str": "PVUE901"
                },
                "3349589328": {
                    "name": "Mk10 mod. 1",
                    "next_modules": null,
                    "is_default": true,
                    "price_xp": 0,
                    "price_credit": 2000000,
                    "next_ships": null,
                    "module_id": 3349589328,
                    "type": "Suo",
                    "module_id_str": "PVUS901"
                },
                "3350179152": {
                    "name": "152 mm/47 DP Mk.16 (砲塔)",
                    "next_modules": null,
                    "is_default": true,
                    "price_xp": 0,
                    "price_credit": 2000000,
                    "next_ships": null,
                    "module_id": 3350179152,
                    "type": "Artillery",
                    "module_id_str": "PVUA901"
                },
                "3349949776": {
                    "name": "San Martín",
                    "next_modules": null,
                    "is_default": true,
                    "price_xp": 0,
                    "price_credit": 3000000,
                    "next_ships": null,
                    "module_id": 3349949776,
                    "type": "Hull",
                    "module_id_str": "PVUH901"
                },
                "3349556560": {
                    "name": "533 mm Mk14",
                    "next_modules": null,
                    "is_default": true,
                    "price_xp": 0,
                    "price_credit": 2000000,
                    "next_ships": null,
                    "module_id": 3349556560,
                    "type": "Torpedoes",
                    "module_id_str": "PVUT901"
                }
            },
            "nation": "pan_america",
            "is_premium": false,
            "ship_id": 4179539280,
            "price_credit": 20000000,
            "default_profile": {
                "engine": {
                    "engine_id_str": "PVUE901",
                    "max_speed": 34.0,
                    "engine_id": 3350048080
                },
                "torpedo_bomber": null,
                "anti_aircraft": {
                    "slots": {
                        "0": {
                            "distance": -1.0,
                            "avg_damage": null,
                            "caliber": 20,
                            "name": "20 mm Oerlikon (Mk.20 砲座)",
                            "guns": 10
                        },
                        "1": {
                            "distance": -1.0,
                            "avg_damage": null,
                            "caliber": 76,
                            "name": "76.2 mm/50 Mk.22 (Mk.34 砲座)",
                            "guns": 2
                        },
                        "2": {
                            "distance": -1.0,
                            "avg_damage": null,
                            "caliber": 76,
                            "name": "76.2 mm/50 Mk.22 (Mk.33 砲座)",
                            "guns": 9
                        },
                        "3": {
                            "distance": -1.0,
                            "avg_damage": null,
                            "caliber": 152,
                            "name": "152 mm/47 DP Mk.16 (砲塔)",
                            "guns": 2
                        },
                        "4": {
                            "distance": -1.0,
                            "avg_damage": null,
                            "caliber": 152,
                            "name": "152 mm/47 DP Mk.16 (砲塔)",
                            "guns": 2
                        }
                    },
                    "defense": 85
                },
                "depth_charge": null,
                "mobility": {
                    "rudder_time": 11.4,
                    "total": 54,
                    "max_speed": 34.0,
                    "turning_radius": 790
                },
                "hull": {
                    "hull_id": 3349949776,
                    "hull_id_str": "PVUH901",
                    "torpedoes_barrels": 2,
                    "anti_aircraft_barrels": 25,
                    "range": {
                        "max": 178,
                        "min": 13
                    },
                    "health": 49800,
                    "planes_amount": null,
                    "artillery_barrels": 4,
                    "atba_barrels": 0
                },
                "atbas": {
                    "distance": 0.0
                },
                "artillery": {
                    "max_dispersion": 131,
                    "shells": {
                        "AP": {
                            "burn_probability": null,
                            "bullet_speed": 812,
                            "name": "152 mm AP 130 lb Mk35",
                            "damage": 3400,
                            "bullet_mass": 59,
                            "type": "AP"
                        }
                    },
                    "shot_delay": 6.0,
                    "rotation_time": 7.2,
                    "distance": 15.5,
                    "artillery_id": 3350179152,
                    "artillery_id_str": "PVUA901",
                    "slots": {
                        "0": {
                            "barrels": 2,
                            "name": "152 mm/47 DP Mk.16 (砲塔)",
                            "guns": 2
                        },
                        "1": {
                            "barrels": 3,
                            "name": "152 mm/47 DP Mk.16 (砲塔)",
                            "guns": 2
                        }
                    },
                    "gun_rate": 10.0
                },
                "torpedoes": {
                    "visibility_dist": 1.3,
                    "distance": 10.5,
                    "torpedoes_id": 3349556560,
                    "torpedo_name": "533 mm Mk 17",
                    "reload_time": 106,
                    "torpedo_speed": 66,
                    "rotation_time": 7.2,
                    "torpedoes_id_str": "PVUT901",
                    "slots": {
                        "0": {
                            "barrels": 5,
                            "caliber": 533,
                            "name": "533 mm Mk14",
                            "guns": 2
                        }
                    },
                    "max_damage": 17500
                },
                "fighters": null,
                "submarine_mobility": null,
                "fire_control": {
                    "fire_control_id": 3349589328,
                    "distance": 0.0,
                    "distance_increase": null,
                    "fire_control_id_str": "PVUS901"
                },
                "submarine_sonar": null,
                "battle_level_range_max": 11,
                "battle_level_range_min": 10,
                "flight_control": null,
                "submarine_battery": null,
                "concealment": {
                    "total": 59,
                    "detect_distance_by_plane": 8.5,
                    "detect_distance_by_submarine": 8.5,
                    "detect_distance_by_ship": 11.3
                },
                "armour": {
                    "casemate": {
                        "max": -1,
                        "min": -1
                    },
                    "deck": {
                        "max": -1,
                        "min": -1
                    },
                    "flood_damage": 7,
                    "range": {
                        "max": 178,
                        "min": 13
                    },
                    "health": 49800,
                    "extremities": {
                        "max": -1,
                        "min": -1
                    },
                    "total": 68,
                    "citadel": {
                        "max": -1,
                        "min": -1
                    }
                },
                "weaponry": {
                    "torpedoes": 32,
                    "aircraft": 0,
                    "artillery": 53,
                    "anti_aircraft": 85
                },
                "dive_bomber": null
            },
            "upgrades": [
                4287811504,
                4273131440,
                4269985712,
                4261597104,
                4220702640,
                4265791408,
                4278374320,
                4262645680,
                4266839984,
                4268937136,
                4275228592,
                4279422896,
                4259499952,
                4267888560,
                4257402800,
                4280471472
            ],
            "tier": 10,
            "next_ships": {},
            "mod_slots": 6,
            "type": "Cruiser",
            "is_special": false,
            "name": "San Martín"
        }
    }
}