{
    "status": "ok",
    "meta": {
        "count": 1,
        "page_total": 1,
        "total": 1,
        "limit": 100,
        "page": 1
    },
    "data": {
        "4180587856": {
            "description": "1947 年のリオデジャネイロ条約に基づき、旧式のブルックリン級巡洋艦が海軍力強化のためにコロンビア海軍に引き渡されることになりました。コロンビアがアメリカへの発注を決断していた場合、その艦艇はアメリカのウースター級に基づく巡洋艦、サンタンデルであった可能性があります。",
            "price_gold": 0,
            "ship_id_str": "PVSC109",
            "has_demo_profile": false,
            "images": {
                "small": "https://wows-gloss-icons.wgcdn.co/icons/vehicle/small/PVSC109_4ff06084df75518f266f1b1a9e42ceefa570bb482db0d02f6957c36dda2834fa.png",
                "large": "https://wows-gloss-icons.wgcdn.co/icons/vehicle/large/PVSC109_def20024a53d768520064f597ca77bc39307b3108716586f09807649b76e1096.png",
                "medium": "https://wows-gloss-icons.wgcdn.co/icons/vehicle/medium/PVSC109_e73b74b3cadc6616caa3d36d3dc931e557cbdc2f56e1f9adc9c1ced1341af536.png",
                "contour": "https://wows-gloss-icons.wgcdn.co/icons/vehicle/contour/PVSC109_dbec1a80301beb1ab809e76697648d77e4d643434de0e5f8eb2963325979de74.png"
            },
            "modules": {
                "engine": [
                    3454905680
                ],
                "torpedo_bomber": [],
                "fighter": [],
                "hull": [
                    3454807376,
                    3453758800
                ],
                "artillery": [
                    3455036752
                ],
                "torpedoes": [
                    3454414160
                ],
                "fire_control": [
                    3454446928,
                    3453398352
                ],
                "sonar": [],
                "flight_control": [],
                "dive_bomber": []
            },
            "modules_tree": {
                "3453758800": {
                    "name": "Santander (B)",
                    "next_modules": null,
                    "is_default": false,
                    "price_xp": 48000,
                    "price_credit": 3000000,
                    "next_ships": [
                        4179539280
                    ],
                    "module_id": 3453758800,
                    "type": "Hull",
                    "module_id_str": "PVUH802"
                },
                "3454905680": {
                    "name": "推力: 120,000 馬力",
                    "next_modules": null,
                    "is_default": true,
                    "price_xp": 0,
                    "price_credit": 1300000,
                    "next_ships": null,
                    "module_id": 3454905680,
                    "type": "Engine",
                    "module_id_str": "PVUE801"
                },
                "3455036752": {
                    "name": "152 mm/47 Mk.16 (砲塔)",
                    "next_modules": null,
                    "is_default": true,
                    "price_xp": 0,
                    "price_credit": 1300000,
                    "next_ships": null,
                    "module_id": 3455036752,
                    "type": "Artillery",
                    "module_id_str": "PVUA801"
                },
                "3454807376": {
                    "name": "Santander (A)",
                    "next_modules": [
                        3453758800
                    ],
                    "is_default": true,
                    "price_xp": 0,
                    "price_credit": 1950000,
                    "next_ships": null,
                    "module_id": 3454807376,
                    "type": "Hull",
                    "module_id_str": "PVUH801"
                },
                "3454414160": {
                    "name": "533 mm Mk XV",
                    "next_modules": null,
                    "is_default": true,
                    "price_xp": 0,
                    "price_credit": 1300000,
                    "next_ships": null,
                    "module_id": 3454414160,
                    "type": "Torpedoes",
                    "module_id_str": "PVUT801"
                },
                "3454446928": {
                    "name": "Mk9 mod. 1",
                    "next_modules": [
                        3453398352
                    ],
                    "is_default": true,
                    "price_xp": 0,
                    "price_credit": 1300000,
                    "next_ships": null,
                    "module_id": 3454446928,
                    "type": "Suo",
                    "module_id_str": "PVUS801"
                },
                "3453398352": {
                    "name": "Mk9 mod. 2",
                    "next_modules": null,
                    "is_default": false,
                    "price_xp": 32000,
                    "price_credit": 2000000,
                    "next_ships": null,
                    "module_id": 3453398352,
                    "type": "Suo",
                    "module_id_str": "PVUS802"
                }
            },
            "nation": "pan_america",
            "is_premium": false,
            "ship_id": 4180587856,
            "price_credit": 13000000,
            "default_profile": {
                "engine": {
                    "engine_id_str": "PVUE801",
                    "max_speed": 33.0,
                    "engine_id": 3454905680
                },
                "torpedo_bomber": null,
                "anti_aircraft": {
                    "slots": {
                        "0": {
                            "distance": -1.0,
                            "avg_damage": null,
                            "caliber": 20,
                            "name": "20 mm Oerlikon (Mk.4 砲座)",
                            "guns": 16
                        },
                        "1": {
                            "distance": -1.0,
                            "avg_damage": null,
                            "caliber": 76,
                            "name": "76.2 mm/50 Mk.22 (Mk.33 砲座)",
                            "guns": 6
                        },
                        "2": {
                            "distance": -1.0,
                            "avg_damage": null,
                            "caliber": 152,
                            "name": "152 mm/47 DP Mk.16 (砲塔)",
                            "guns": 3
                        }
                    },
                    "defense": 74
                },
                "depth_charge": null,
                "mobility": {
                    "rudder_time": 15.0,
                    "total": 49,
                    "max_speed": 33.0,
                    "turning_radius": 780
                },
                "hull": {
                    "hull_id": 3454807376,
                    "hull_id_str": "PVUH801",
                    "torpedoes_barrels": 2,
                    "anti_aircraft_barrels": 25,
                    "range": {
                        "max": 178,
                        "min": 13
                    },
                    "health": 40200,
                    "planes_amount": null,
                    "artillery_barrels": 3,
                    "atba_barrels": 0
                },
                "atbas": {
                    "distance": 0.0
                },
                "artillery": {
                    "max_dispersion": 118,
                    "shells": {
                        "AP": {
                            "burn_probability": null,
                            "bullet_speed": 812,
                            "name": "152 mm AP 130 lb Mk35",
                            "damage": 3400,
                            "bullet_mass": 59,
                            "type": "AP"
                        }
                    },
                    "shot_delay": 7.0,
                    "rotation_time": 7.2,
                    "distance": 13.8,
                    "artillery_id": 3455036752,
                    "artillery_id_str": "PVUA801",
                    "slots": {
                        "0": {
                            "barrels": 3,
                            "name": "152 mm/47 DP Mk.16 (砲塔)",
                            "guns": 3
                        }
                    },
                    "gun_rate": 8.6
                },
                "torpedoes": {
                    "visibility_dist": 1.3,
                    "distance": 10.5,
                    "torpedoes_id": 3454414160,
                    "torpedo_name": "533 mm Mk 17",
                    "reload_time": 106,
                    "torpedo_speed": 66,
                    "rotation_time": 7.2,
                    "torpedoes_id_str": "PVUT801",
                    "slots": {
                        "0": {
                            "barrels": 4,
                            "caliber": 533,
                            "name": "533 mm 四連装",
                            "guns": 2
                        }
                    },
                    "max_damage": 17500
                },
                "fighters": null,
                "submarine_mobility": null,
                "fire_control": {
                    "fire_control_id": 3454446928,
                    "distance": 0.0,
                    "distance_increase": null,
                    "fire_control_id_str": "PVUS801"
                },
                "submarine_sonar": null,
                "battle_level_range_max": 11,
                "battle_level_range_min": 9,
                "flight_control": null,
                "submarine_battery": null,
                "concealment": {
                    "total": 52,
                    "detect_distance_by_plane": 8.5,
                    "detect_distance_by_submarine": 8.5,
                    "detect_distance_by_ship": 12.7
                },
                "armour": {
                    "casemate": {
                        "max": -1,
                        "min": -1
                    },
                    "deck": {
                        "max": -1,
                        "min": -1
                    },
                    "flood_damage": 7,
                    "range": {
                        "max": 178,
                        "min": 13
                    },
                    "health": 40200,
                    "extremities": {
                        "max": -1,
                        "min": -1
                    },
                    "total": 56,
                    "citadel": {
                        "max": -1,
                        "min": -1
                    }
                },
                "weaponry": {
                    "torpedoes": 26,
                    "aircraft": 0,
                    "artillery": 51,
                    "anti_aircraft": 74
                },
                "dive_bomber": null
            },
            "upgrades": [
                4287811504,
                4273131440,
                4269985712,
                4261597104,
                4220702640,
                4265791408,
                4278374320,
                4262645680,
                4266839984,
                4268937136,
                4275228592,
                4279422896,
                4259499952,
                4267888560,
                4257402800,
                4280471472
            ],
            "tier": 9,
            "next_ships": {
                "4179539280": 240000
            },
            "mod_slots": 6,
            "type": "Cruiser",
            "is_special": false,
            "name": "Santander"
        }
    }
}