{
    "status": "ok",
    "meta": {
        "count": 1,
        "page_total": 1,
        "total": 1,
        "limit": 100,
        "page": 1
    },
    "data": {
        "4183799248": {
            "description": "プロイェークト 68 巡洋艦の船体とメカニズムに基づいた軽空母計画であるプロイェークト 71 の予備設計は、1939 年に開発されました。これを具現化したのがこのセーロフです。しかし格納庫の容積が小さく、搭載機数が不十分であることが批判を集めました。格納庫の寸法を大きくし、搭載機数を 40 ～ 45 機に増やすことが計画されましたが、その全てが戦闘機である必要がありました。また、両用砲の数を 12 門に増やし、それらを 130 mm 連装砲座 8 基に置き換える可能性を調査するという要件も求められました。そして開発作業は、コードネーム 71B の大型空母計画の形で継続されました。",
            "price_gold": 0,
            "ship_id_str": "PRSA106",
            "has_demo_profile": false,
            "images": {
                "small": "https://wows-gloss-icons.wgcdn.co/icons/vehicle/small/PRSA106_05fb772f0ff5e2a4560a5a858be1db905d3a691a7332fc32e8ad1b13560ef1b7.png",
                "large": "https://wows-gloss-icons.wgcdn.co/icons/vehicle/large/PRSA106_6c63dbba92b726e2d25b1c79cc5c5329b79fe0ff5519f98a6c030be4139053ba.png",
                "medium": "https://wows-gloss-icons.wgcdn.co/icons/vehicle/medium/PRSA106_6282accf24ebf8794320b1fb8c5849f1a7668294e54b9e26d9cf1311d1a7b9e0.png",
                "contour": "https://wows-gloss-icons.wgcdn.co/icons/vehicle/contour/PRSA106_ed0c392a0e04ace0926a4fde8fee321e876944c193106900a8a4a82fda004006.png"
            },
            "modules": {
                "engine": [
                    3766332880
                ],
                "torpedo_bomber": [
                    3769576912,
                    3768528336
                ],
                "fighter": [
                    3768298960,
                    3769347536
                ],
                "hull": [
                    3763088848,
                    3762040272
                ],
                "artillery": [],
                "torpedoes": [],
                "fire_control": [],
                "sonar": [],
                "flight_control": [],
                "dive_bomber": []
            },
            "modules_tree": {
                "3769347536": {
                    "name": "Polikarpov I-153",
                    "next_modules": [
                        3768298960
                    ],
                    "is_default": true,
                    "price_xp": 0,
                    "price_credit": 300000,
                    "next_ships": null,
                    "module_id": 3769347536,
                    "type": "Fighter",
                    "module_id_str": "PRUI501"
                },
                "3762040272": {
                    "name": "Serov (B)",
                    "next_modules": null,
                    "is_default": false,
                    "price_xp": 10000,
                    "price_credit": 1100000,
                    "next_ships": [
                        4181702096
                    ],
                    "module_id": 3762040272,
                    "type": "Hull",
                    "module_id_str": "PRUH508"
                },
                "3766332880": {
                    "name": "推力: 124,600 馬力",
                    "next_modules": null,
                    "is_default": true,
                    "price_xp": 0,
                    "price_credit": 250000,
                    "next_ships": null,
                    "module_id": 3766332880,
                    "type": "Engine",
                    "module_id_str": "PRUE504"
                },
                "3769576912": {
                    "name": "Polikarpov R-5T",
                    "next_modules": [
                        3768528336
                    ],
                    "is_default": true,
                    "price_xp": 0,
                    "price_credit": 300000,
                    "next_ships": null,
                    "module_id": 3769576912,
                    "type": "TorpedoBomber",
                    "module_id_str": "PRUB501"
                },
                "3763088848": {
                    "name": "Serov (A)",
                    "next_modules": [
                        3762040272
                    ],
                    "is_default": true,
                    "price_xp": 0,
                    "price_credit": 400000,
                    "next_ships": null,
                    "module_id": 3763088848,
                    "type": "Hull",
                    "module_id_str": "PRUH507"
                },
                "3768298960": {
                    "name": "Polikarpov I-180",
                    "next_modules": null,
                    "is_default": false,
                    "price_xp": 7000,
                    "price_credit": 750000,
                    "next_ships": null,
                    "module_id": 3768298960,
                    "type": "Fighter",
                    "module_id_str": "PRUI502"
                },
                "3768528336": {
                    "name": "Grokhovsky G-37",
                    "next_modules": null,
                    "is_default": false,
                    "price_xp": 7000,
                    "price_credit": 750000,
                    "next_ships": null,
                    "module_id": 3768528336,
                    "type": "TorpedoBomber",
                    "module_id_str": "PRUB502"
                }
            },
            "nation": "ussr",
            "is_premium": false,
            "ship_id": 4183799248,
            "price_credit": 4500000,
            "default_profile": {
                "engine": null,
                "torpedo_bomber": null,
                "anti_aircraft": null,
                "depth_charge": null,
                "mobility": null,
                "hull": null,
                "atbas": null,
                "artillery": null,
                "torpedoes": null,
                "fighters": null,
                "submarine_mobility": null,
                "fire_control": null,
                "submarine_sonar": null,
                "battle_level_range_max": null,
                "battle_level_range_min": null,
                "flight_control": null,
                "submarine_battery": null,
                "concealment": null,
                "armour": null,
                "weaponry": null,
                "dive_bomber": null
            },
            "upgrades": [
                4290957232,
                4261597104,
                4273131440,
                4269985712,
                4281520048
            ],
            "tier": 6,
            "next_ships": {
                "4181702096": 161000
            },
            "mod_slots": 4,
            "type": "AirCarrier",
            "is_special": false,
            "name": "Serov"
        }
    }
}