{
    "status": "ok",
    "meta": {
        "count": 1,
        "page_total": 1,
        "total": 1,
        "limit": 100,
        "page": 1
    },
    "data": {
        "4182717904": {
            "description": "イズメイル級巡洋戦艦が起工された後、海軍参謀本部は新世代の戦艦の開発を開始しました。この新型艦の要件は 1913 年から 1914 年の間に策定されましたが、第一次世界大戦の勃発に伴い開発は中断されました。その後、本計画は 1916 年になって再開されました。そして本計画のバリエーションでは、9 門の主砲を三連装砲塔に搭載し、背後に厚さ 100 mm の隔壁を備えた厚さ 275 mm の装甲帯、152 mm の副砲、速度 30 ノットの軍艦が提案されました。しかし本計画の作業は 1917 年に中止されました。これを具現化したのがこのスィノプです。",
            "price_gold": 0,
            "ship_id_str": "PRSB107",
            "has_demo_profile": false,
            "images": {
                "small": "https://wows-gloss-icons.wgcdn.co/icons/vehicle/small/PRSB107_cf9d57e0074c918d64e895b3f4e8d00f2749e3aca714c1b0edd71cf8ab320152.png",
                "large": "https://wows-gloss-icons.wgcdn.co/icons/vehicle/large/PRSB107_108657580b676d5f2bfea56c29d8527e27ea909690ce299670a04b51f7322511.png",
                "medium": "https://wows-gloss-icons.wgcdn.co/icons/vehicle/medium/PRSB107_1ae8f2411a439c1811c1f232128443da85d673b1748bc340782dc51aac9a53ba.png",
                "contour": "https://wows-gloss-icons.wgcdn.co/icons/vehicle/contour/PRSB107_d564b086428a4fc295e326f699225ed2b1f6d7dfa19ba5a1f012ddab133a5d80.png"
            },
            "modules": {
                "engine": [
                    3662523856
                ],
                "torpedo_bomber": [],
                "fighter": [],
                "hull": [
                    3659279824,
                    3660328400
                ],
                "artillery": [
                    3663703504
                ],
                "torpedoes": [],
                "fire_control": [
                    3662065104,
                    3661016528
                ],
                "sonar": [],
                "flight_control": [],
                "dive_bomber": []
            },
            "modules_tree": {
                "3659279824": {
                    "name": "Sinop (B)",
                    "next_modules": null,
                    "is_default": false,
                    "price_xp": 24000,
                    "price_credit": 1350000,
                    "next_ships": [
                        4181669328
                    ],
                    "module_id": 3659279824,
                    "type": "Hull",
                    "module_id_str": "PRUH606"
                },
                "3662523856": {
                    "name": "推力: 100,000 馬力",
                    "next_modules": null,
                    "is_default": true,
                    "price_xp": 0,
                    "price_credit": 300000,
                    "next_ships": null,
                    "module_id": 3662523856,
                    "type": "Engine",
                    "module_id_str": "PRUE603"
                },
                "3661016528": {
                    "name": "GFCS VII mod. 2",
                    "next_modules": null,
                    "is_default": false,
                    "price_xp": 12000,
                    "price_credit": 800000,
                    "next_ships": null,
                    "module_id": 3661016528,
                    "type": "Suo",
                    "module_id_str": "PRUS604"
                },
                "3660328400": {
                    "name": "Sinop (A)",
                    "next_modules": [
                        3659279824
                    ],
                    "is_default": true,
                    "price_xp": 0,
                    "price_credit": 620000,
                    "next_ships": null,
                    "module_id": 3660328400,
                    "type": "Hull",
                    "module_id_str": "PRUH605"
                },
                "3663703504": {
                    "name": "406 mm/45 Model 1915 (砲塔)",
                    "next_modules": null,
                    "is_default": true,
                    "price_xp": 0,
                    "price_credit": 520000,
                    "next_ships": null,
                    "module_id": 3663703504,
                    "type": "Artillery",
                    "module_id_str": "PRUA602"
                },
                "3662065104": {
                    "name": "GFCS VII mod. 1",
                    "next_modules": [
                        3661016528
                    ],
                    "is_default": true,
                    "price_xp": 0,
                    "price_credit": 360000,
                    "next_ships": null,
                    "module_id": 3662065104,
                    "type": "Suo",
                    "module_id_str": "PRUS603"
                }
            },
            "nation": "ussr",
            "is_premium": false,
            "ship_id": 4182717904,
            "price_credit": 6700000,
            "default_profile": {
                "engine": {
                    "engine_id_str": "PRUE603",
                    "max_speed": 27.0,
                    "engine_id": 3662523856
                },
                "torpedo_bomber": null,
                "anti_aircraft": {
                    "slots": {
                        "0": {
                            "distance": -1.0,
                            "avg_damage": null,
                            "caliber": 12,
                            "name": "12.7 mm DShK",
                            "guns": 2
                        },
                        "1": {
                            "distance": -1.0,
                            "avg_damage": null,
                            "caliber": 37,
                            "name": "37 mm 70-K 砲座",
                            "guns": 12
                        },
                        "2": {
                            "distance": -1.0,
                            "avg_damage": null,
                            "caliber": 76,
                            "name": "76 mm Model 1935 (34-K 砲座)",
                            "guns": 4
                        },
                        "3": {
                            "distance": -1.0,
                            "avg_damage": null,
                            "caliber": 100,
                            "name": "100 mm/56 (B-54 砲座)",
                            "guns": 6
                        }
                    },
                    "defense": 51
                },
                "depth_charge": null,
                "mobility": {
                    "rudder_time": 18.1,
                    "total": 32,
                    "max_speed": 27.0,
                    "turning_radius": 960
                },
                "hull": {
                    "hull_id": 3660328400,
                    "hull_id_str": "PRUH605",
                    "torpedoes_barrels": 0,
                    "anti_aircraft_barrels": 24,
                    "range": {
                        "max": 400,
                        "min": 16
                    },
                    "health": 61600,
                    "planes_amount": null,
                    "artillery_barrels": 3,
                    "atba_barrels": 18
                },
                "atbas": {
                    "distance": 5.6,
                    "slots": {
                        "0": {
                            "burn_probability": 12.0,
                            "bullet_speed": 823,
                            "name": "152 mm HE Model 1907",
                            "shot_delay": 8.0,
                            "damage": 2200,
                            "bullet_mass": 47,
                            "type": "HE",
                            "gun_rate": 7.5
                        },
                        "1": {
                            "burn_probability": 12.0,
                            "bullet_speed": 950,
                            "name": "OFU-35",
                            "shot_delay": 8.0,
                            "damage": 2200,
                            "bullet_mass": 55,
                            "type": "HE",
                            "gun_rate": 7.5
                        },
                        "2": {
                            "burn_probability": 6.0,
                            "bullet_speed": 895,
                            "name": "HE-56",
                            "shot_delay": 3.8,
                            "damage": 1400,
                            "bullet_mass": 16,
                            "type": "HE",
                            "gun_rate": 16.0
                        }
                    }
                },
                "artillery": {
                    "max_dispersion": 220,
                    "shells": {
                        "AP": {
                            "burn_probability": null,
                            "bullet_speed": 767,
                            "name": "406 mm AP Model 1914",
                            "damage": 12500,
                            "bullet_mass": 1040,
                            "type": "AP"
                        },
                        "HE": {
                            "burn_probability": 41.0,
                            "bullet_speed": 767,
                            "name": "406 mm HE Model 1914",
                            "damage": 5850,
                            "bullet_mass": 1116,
                            "type": "HE"
                        }
                    },
                    "shot_delay": 33.0,
                    "rotation_time": 60.0,
                    "distance": 15.8,
                    "artillery_id": 3663703504,
                    "artillery_id_str": "PRUA602",
                    "slots": {
                        "0": {
                            "barrels": 3,
                            "name": "406 mm/45 Model 1915 (砲塔)",
                            "guns": 3
                        }
                    },
                    "gun_rate": 1.8
                },
                "torpedoes": null,
                "fighters": null,
                "submarine_mobility": null,
                "fire_control": {
                    "fire_control_id": 3662065104,
                    "distance": 0.0,
                    "distance_increase": null,
                    "fire_control_id_str": "PRUS603"
                },
                "submarine_sonar": null,
                "battle_level_range_max": 9,
                "battle_level_range_min": 7,
                "flight_control": null,
                "submarine_battery": null,
                "concealment": {
                    "total": 40,
                    "detect_distance_by_plane": 10.0,
                    "detect_distance_by_submarine": 10.0,
                    "detect_distance_by_ship": 14.6
                },
                "armour": {
                    "casemate": {
                        "max": -1,
                        "min": -1
                    },
                    "deck": {
                        "max": -1,
                        "min": -1
                    },
                    "flood_damage": 16,
                    "range": {
                        "max": 400,
                        "min": 16
                    },
                    "health": 61600,
                    "extremities": {
                        "max": -1,
                        "min": -1
                    },
                    "total": 75,
                    "citadel": {
                        "max": -1,
                        "min": -1
                    }
                },
                "weaponry": {
                    "torpedoes": 0,
                    "aircraft": 0,
                    "artillery": 79,
                    "anti_aircraft": 51
                },
                "dive_bomber": null
            },
            "upgrades": [
                4273131440,
                4261597104,
                4259499952,
                4262645680,
                4268937136,
                4267888560,
                4287811504,
                4275228592,
                4269985712,
                4281520048
            ],
            "tier": 7,
            "next_ships": {
                "4181669328": 135000
            },
            "mod_slots": 4,
            "type": "Battleship",
            "is_special": false,
            "name": "Sinop"
        }
    }
}