{
    "status": "ok",
    "meta": {
        "count": 1,
        "page_total": 1,
        "total": 1,
        "limit": 100,
        "page": 1
    },
    "data": {
        "4180620752": {
            "description": "1937 年の春、ソ連当局は、同国の A 型戦艦計画よりも強力と思われるドイツと日本の新たな艦艇の建造について知りました。そこで造船局は、プロイェークト 23 の排水量と速度をそれぞれ 55,000 トンと 29.5 ノットまで高めることを提案しました。計画案は 1938 年 3 月に完成し、国防委員会は更に 4 隻の建造を命じました。ソヴィエツキー・ソユーズは 1938 年 7 月 15 日にバルチック工廠で起工されました。しかし工事完成度 21% まで建造が進んでいた本艦は、レニングラードが封鎖されたために竣工には至りませんでした。",
            "price_gold": 0,
            "ship_id_str": "PRSB109",
            "has_demo_profile": false,
            "images": {
                "small": "https://wows-gloss-icons.wgcdn.co/icons/vehicle/small/PRSB109_1f7368aa523289c7da41454eda799ec135a6a1b7663aafb6f62a62b1b0013053.png",
                "large": "https://wows-gloss-icons.wgcdn.co/icons/vehicle/large/PRSB109_06cf878d9b58b9d3160ccfe06d516653587dc20161e26a3191c0203a07cff0b8.png",
                "medium": "https://wows-gloss-icons.wgcdn.co/icons/vehicle/medium/PRSB109_9b3bb3912d4bb452d9e2ecc0d0ecf00ac81fbc05ab03ea316f0708075fcd9aa9.png",
                "contour": "https://wows-gloss-icons.wgcdn.co/icons/vehicle/contour/PRSB109_8a4dd786b055bf0f42beb49849082e82f33ba5b1544c2491dacd835e44a28ab6.png"
            },
            "modules": {
                "engine": [
                    3450711504
                ],
                "torpedo_bomber": [],
                "fighter": [],
                "hull": [
                    3446418896,
                    3445370320
                ],
                "artillery": [
                    3450842576
                ],
                "torpedoes": [],
                "fire_control": [
                    3452349904,
                    3451301328
                ],
                "sonar": [],
                "flight_control": [],
                "dive_bomber": []
            },
            "modules_tree": {
                "3445370320": {
                    "name": "S. Soyuz (B)",
                    "next_modules": null,
                    "is_default": false,
                    "price_xp": 64000,
                    "price_credit": 6900000,
                    "next_ships": [
                        4179572176
                    ],
                    "module_id": 3445370320,
                    "type": "Hull",
                    "module_id_str": "PRUH810"
                },
                "3450842576": {
                    "name": "406 mm/50 B-37 (MK-1-406 砲座)",
                    "next_modules": null,
                    "is_default": true,
                    "price_xp": 0,
                    "price_credit": 2000000,
                    "next_ships": null,
                    "module_id": 3450842576,
                    "type": "Artillery",
                    "module_id_str": "PRUA805"
                },
                "3450711504": {
                    "name": "推力: 231,000 馬力",
                    "next_modules": null,
                    "is_default": true,
                    "price_xp": 0,
                    "price_credit": 600000,
                    "next_ships": null,
                    "module_id": 3450711504,
                    "type": "Engine",
                    "module_id_str": "PRUE805"
                },
                "3446418896": {
                    "name": "S. Soyuz (A)",
                    "next_modules": [
                        3445370320
                    ],
                    "is_default": true,
                    "price_xp": 0,
                    "price_credit": 2400000,
                    "next_ships": null,
                    "module_id": 3446418896,
                    "type": "Hull",
                    "module_id_str": "PRUH809"
                },
                "3452349904": {
                    "name": "GFCS IX mod. 1",
                    "next_modules": [
                        3451301328
                    ],
                    "is_default": true,
                    "price_xp": 0,
                    "price_credit": 1000000,
                    "next_ships": null,
                    "module_id": 3452349904,
                    "type": "Suo",
                    "module_id_str": "PRUS803"
                },
                "3451301328": {
                    "name": "GFCS IX mod. 2",
                    "next_modules": null,
                    "is_default": false,
                    "price_xp": 36000,
                    "price_credit": 3900000,
                    "next_ships": null,
                    "module_id": 3451301328,
                    "type": "Suo",
                    "module_id_str": "PRUS804"
                }
            },
            "nation": "ussr",
            "is_premium": false,
            "ship_id": 4180620752,
            "price_credit": 15900000,
            "default_profile": {
                "engine": {
                    "engine_id_str": "PRUE805",
                    "max_speed": 28.0,
                    "engine_id": 3450711504
                },
                "torpedo_bomber": null,
                "anti_aircraft": {
                    "slots": {
                        "0": {
                            "distance": -1.0,
                            "avg_damage": null,
                            "caliber": 37,
                            "name": "37 mm 70-K 砲座",
                            "guns": 8
                        },
                        "1": {
                            "distance": -1.0,
                            "avg_damage": null,
                            "caliber": 37,
                            "name": "37 mm 46-K 砲座",
                            "guns": 8
                        },
                        "2": {
                            "distance": -1.0,
                            "avg_damage": null,
                            "caliber": 100,
                            "name": "100 mm/56 B-54 (MZ-14 砲座)",
                            "guns": 4
                        }
                    },
                    "defense": 58
                },
                "depth_charge": null,
                "mobility": {
                    "rudder_time": 20.8,
                    "total": 32,
                    "max_speed": 28.0,
                    "turning_radius": 950
                },
                "hull": {
                    "hull_id": 3446418896,
                    "hull_id_str": "PRUH809",
                    "torpedoes_barrels": 0,
                    "anti_aircraft_barrels": 20,
                    "range": {
                        "max": 495,
                        "min": 19
                    },
                    "health": 80900,
                    "planes_amount": null,
                    "artillery_barrels": 3,
                    "atba_barrels": 10
                },
                "atbas": {
                    "distance": 7.0,
                    "slots": {
                        "0": {
                            "burn_probability": 12.0,
                            "bullet_speed": 950,
                            "name": "OFU-35",
                            "shot_delay": 8.0,
                            "damage": 2200,
                            "bullet_mass": 55,
                            "type": "HE",
                            "gun_rate": 7.5
                        },
                        "1": {
                            "burn_probability": 6.0,
                            "bullet_speed": 895,
                            "name": "HE-56",
                            "shot_delay": 3.8,
                            "damage": 1400,
                            "bullet_mass": 16,
                            "type": "HE",
                            "gun_rate": 16.0
                        }
                    }
                },
                "artillery": {
                    "max_dispersion": 242,
                    "shells": {
                        "AP": {
                            "burn_probability": null,
                            "bullet_speed": 830,
                            "name": "406 mm AP Model 1937",
                            "damage": 13250,
                            "bullet_mass": 1108,
                            "type": "AP"
                        },
                        "HE": {
                            "burn_probability": 40.0,
                            "bullet_speed": 830,
                            "name": "406 mm HE Model 1937",
                            "damage": 5800,
                            "bullet_mass": 1108,
                            "type": "HE"
                        }
                    },
                    "shot_delay": 33.0,
                    "rotation_time": 30.0,
                    "distance": 17.6,
                    "artillery_id": 3450842576,
                    "artillery_id_str": "PRUA805",
                    "slots": {
                        "0": {
                            "barrels": 3,
                            "name": "406 mm/50 B-37 (MK-1-406 砲座)",
                            "guns": 3
                        }
                    },
                    "gun_rate": 1.8
                },
                "torpedoes": null,
                "fighters": null,
                "submarine_mobility": null,
                "fire_control": {
                    "fire_control_id": 3452349904,
                    "distance": 0.0,
                    "distance_increase": null,
                    "fire_control_id_str": "PRUS803"
                },
                "submarine_sonar": null,
                "battle_level_range_max": 11,
                "battle_level_range_min": 9,
                "flight_control": null,
                "submarine_battery": null,
                "concealment": {
                    "total": 33,
                    "detect_distance_by_plane": 10.0,
                    "detect_distance_by_submarine": 10.0,
                    "detect_distance_by_ship": 16.2
                },
                "armour": {
                    "casemate": {
                        "max": -1,
                        "min": -1
                    },
                    "deck": {
                        "max": -1,
                        "min": -1
                    },
                    "flood_damage": 35,
                    "range": {
                        "max": 495,
                        "min": 19
                    },
                    "health": 80900,
                    "extremities": {
                        "max": -1,
                        "min": -1
                    },
                    "total": 98,
                    "citadel": {
                        "max": -1,
                        "min": -1
                    }
                },
                "weaponry": {
                    "torpedoes": 0,
                    "aircraft": 0,
                    "artillery": 86,
                    "anti_aircraft": 58
                },
                "dive_bomber": null
            },
            "upgrades": [
                4273131440,
                4259499952,
                4261597104,
                4262645680,
                4287811504,
                4265791408,
                4266839984,
                4268937136,
                4267888560,
                4280471472,
                4275228592,
                4269985712,
                4281520048
            ],
            "tier": 9,
            "next_ships": {
                "4179572176": 255000
            },
            "mod_slots": 6,
            "type": "Battleship",
            "is_special": false,
            "name": "Sovetsky Soyuz"
        }
    }
}