{
    "status": "ok",
    "meta": {
        "count": 1,
        "page_total": 1,
        "total": 1,
        "limit": 100,
        "page": 1
    },
    "data": {
        "4077828048": {
            "description": "サリーという艦名の巡洋艦は当初、カウンティ級重巡洋艦の第 3 グループであるノーフォーク級重巡洋艦の 3 番艦として建造される予定でした。しかし 1928 年の建艦計画の一環として第 4 グループの建造が予定されたため、そのうちの 1 隻の艦名として受け継がれました。本級の各艦は、前級とは異なり適切な装甲帯を有しており、1932 年に就役する予定でした。ところがロンドン海軍軍縮会議を控えていたために各艦の起工作業が中断され、後にイギリス海軍における優先順位が変更されたために最終的にキャンセルされました。",
            "price_gold": 0,
            "ship_id_str": "PBSC207",
            "has_demo_profile": false,
            "images": {
                "small": "https://wows-gloss-icons.wgcdn.co/icons/vehicle/small/PBSC207_72e01a8bc28f14335409d5e0e09450db6db6675130fbb110e871639ef3e2907d.png",
                "large": "https://wows-gloss-icons.wgcdn.co/icons/vehicle/large/PBSC207_583a242759c4e7087d4102f56e35609c63f3d0aacc28fdeb37789819069a6502.png",
                "medium": "https://wows-gloss-icons.wgcdn.co/icons/vehicle/medium/PBSC207_0d4591075e7f1ffb6bc54fbab4d03ae602bc57451e9c749cf83d45da07360d67.png",
                "contour": "https://wows-gloss-icons.wgcdn.co/icons/vehicle/contour/PBSC207_87f9287b93d76198272b99f1147dc4cd27abcec3f4389e38467a4089771d157e.png"
            },
            "modules": {
                "engine": [
                    3661475792
                ],
                "torpedo_bomber": [],
                "fighter": [],
                "hull": [
                    3658231760,
                    3659280336
                ],
                "artillery": [
                    3661606864
                ],
                "torpedoes": [
                    3658887120
                ],
                "fire_control": [
                    3657871312,
                    3658919888
                ],
                "sonar": [],
                "flight_control": [],
                "dive_bomber": []
            },
            "modules_tree": {
                "3658887120": {
                    "name": "533 mm Mk IX*",
                    "next_modules": null,
                    "is_default": true,
                    "price_xp": 0,
                    "price_credit": 400000,
                    "next_ships": null,
                    "module_id": 3658887120,
                    "type": "Torpedoes",
                    "module_id_str": "PBUT606"
                },
                "3658919888": {
                    "name": "Mk VII mod. 1",
                    "next_modules": [
                        3657871312
                    ],
                    "is_default": true,
                    "price_xp": 0,
                    "price_credit": 400000,
                    "next_ships": null,
                    "module_id": 3658919888,
                    "type": "Suo",
                    "module_id_str": "PBUS606"
                },
                "3661606864": {
                    "name": "203 mm/50 Mk VIII (Mk.I* 砲座)",
                    "next_modules": null,
                    "is_default": true,
                    "price_xp": 0,
                    "price_credit": 400000,
                    "next_ships": null,
                    "module_id": 3661606864,
                    "type": "Artillery",
                    "module_id_str": "PBUA604"
                },
                "3657871312": {
                    "name": "Mk VII mod. 2",
                    "next_modules": null,
                    "is_default": false,
                    "price_xp": 16000,
                    "price_credit": 1450000,
                    "next_ships": null,
                    "module_id": 3657871312,
                    "type": "Suo",
                    "module_id_str": "PBUS607"
                },
                "3661475792": {
                    "name": "推力: 60,000 馬力",
                    "next_modules": null,
                    "is_default": true,
                    "price_xp": 0,
                    "price_credit": 400000,
                    "next_ships": null,
                    "module_id": 3661475792,
                    "type": "Engine",
                    "module_id_str": "PBUE604"
                },
                "3658231760": {
                    "name": "Surrey (B)",
                    "next_modules": null,
                    "is_default": false,
                    "price_xp": 24000,
                    "price_credit": 1600000,
                    "next_ships": [
                        4076779472
                    ],
                    "module_id": 3658231760,
                    "type": "Hull",
                    "module_id_str": "PBUH607"
                },
                "3659280336": {
                    "name": "Surrey (A)",
                    "next_modules": [
                        3658231760
                    ],
                    "is_default": true,
                    "price_xp": 0,
                    "price_credit": 600000,
                    "next_ships": null,
                    "module_id": 3659280336,
                    "type": "Hull",
                    "module_id_str": "PBUH606"
                }
            },
            "nation": "uk",
            "is_premium": false,
            "ship_id": 4077828048,
            "price_credit": 5650000,
            "default_profile": {
                "engine": {
                    "engine_id_str": "PBUE604",
                    "max_speed": 30.0,
                    "engine_id": 3661475792
                },
                "torpedo_bomber": null,
                "anti_aircraft": {
                    "slots": {
                        "0": {
                            "distance": -1.0,
                            "avg_damage": null,
                            "caliber": 20,
                            "name": "20 mm Oerlikon Mk.I (Mk.IIA 砲座)",
                            "guns": 12
                        },
                        "1": {
                            "distance": -1.0,
                            "avg_damage": null,
                            "caliber": 40,
                            "name": "40 mm/39 Vickers QF Mk.VIII (Mk.VII 砲座)",
                            "guns": 7
                        },
                        "2": {
                            "distance": -1.0,
                            "avg_damage": null,
                            "caliber": 102,
                            "name": "102 mm/45 QF Mk.XVI (Mk.XIX 砲座)",
                            "guns": 6
                        }
                    },
                    "defense": 58
                },
                "depth_charge": null,
                "mobility": {
                    "rudder_time": 13.1,
                    "total": 46,
                    "max_speed": 30.0,
                    "turning_radius": 660
                },
                "hull": {
                    "hull_id": 3659280336,
                    "hull_id_str": "PBUH606",
                    "torpedoes_barrels": 2,
                    "anti_aircraft_barrels": 25,
                    "range": {
                        "max": 152,
                        "min": 6
                    },
                    "health": 30700,
                    "planes_amount": null,
                    "artillery_barrels": 4,
                    "atba_barrels": 6
                },
                "atbas": {
                    "distance": 5.6,
                    "slots": {
                        "0": {
                            "burn_probability": 6.0,
                            "bullet_speed": 811,
                            "name": "102 mm HE 35 lb",
                            "shot_delay": 3.0,
                            "damage": 1500,
                            "bullet_mass": 16,
                            "type": "HE",
                            "gun_rate": 20.0
                        }
                    }
                },
                "artillery": {
                    "max_dispersion": 125,
                    "shells": {
                        "AP": {
                            "burn_probability": null,
                            "bullet_speed": 814,
                            "name": "203 mm AP 256 lb",
                            "damage": 4500,
                            "bullet_mass": 116,
                            "type": "AP"
                        },
                        "HE": {
                            "burn_probability": 17.0,
                            "bullet_speed": 814,
                            "name": "203 mm HE 256 lb",
                            "damage": 3300,
                            "bullet_mass": 116,
                            "type": "HE"
                        }
                    },
                    "shot_delay": 12.0,
                    "rotation_time": 22.5,
                    "distance": 13.5,
                    "artillery_id": 3661606864,
                    "artillery_id_str": "PBUA604",
                    "slots": {
                        "0": {
                            "barrels": 2,
                            "name": "203 mm/50 Mk VIII (Mk.I* 砲座)",
                            "guns": 4
                        }
                    },
                    "gun_rate": 4.8
                },
                "torpedoes": {
                    "visibility_dist": 1.3,
                    "distance": 8.0,
                    "torpedoes_id": 3658887120,
                    "torpedo_name": "533 mm Mk IX*",
                    "reload_time": 96,
                    "torpedo_speed": 61,
                    "rotation_time": 7.2,
                    "torpedoes_id_str": "PBUT606",
                    "slots": {
                        "0": {
                            "barrels": 4,
                            "caliber": 533,
                            "name": "533 mm QR Mk IV",
                            "guns": 2
                        }
                    },
                    "max_damage": 15866
                },
                "fighters": null,
                "submarine_mobility": null,
                "fire_control": {
                    "fire_control_id": 3658919888,
                    "distance": 0.0,
                    "distance_increase": null,
                    "fire_control_id_str": "PBUS606"
                },
                "submarine_sonar": null,
                "battle_level_range_max": 9,
                "battle_level_range_min": 7,
                "flight_control": null,
                "submarine_battery": null,
                "concealment": {
                    "total": 66,
                    "detect_distance_by_plane": 6.3,
                    "detect_distance_by_submarine": 6.3,
                    "detect_distance_by_ship": 10.8
                },
                "armour": {
                    "casemate": {
                        "max": -1,
                        "min": -1
                    },
                    "deck": {
                        "max": -1,
                        "min": -1
                    },
                    "flood_damage": 22,
                    "range": {
                        "max": 152,
                        "min": 6
                    },
                    "health": 30700,
                    "extremities": {
                        "max": -1,
                        "min": -1
                    },
                    "total": 42,
                    "citadel": {
                        "max": -1,
                        "min": -1
                    }
                },
                "weaponry": {
                    "torpedoes": 20,
                    "aircraft": 0,
                    "artillery": 75,
                    "anti_aircraft": 58
                },
                "dive_bomber": null
            },
            "upgrades": [
                4273131440,
                4220702640,
                4259499952,
                4261597104,
                4262645680,
                4268937136,
                4267888560,
                4287811504,
                4275228592,
                4269985712,
                4281520048
            ],
            "tier": 7,
            "next_ships": {
                "4076779472": 112000
            },
            "mod_slots": 4,
            "type": "Cruiser",
            "is_special": false,
            "name": "Surrey"
        }
    }
}