{
    "status": "ok",
    "meta": {
        "count": 1,
        "page_total": 1,
        "total": 1,
        "limit": 100,
        "page": 1
    },
    "data": {
        "4186879728": {
            "description": "第一次世界大戦後、ドイツとオーストリア＝ハンガリーの艦隊は戦勝国の間で共有されました。そのうちシュトラースブルクはイタリア海軍に引き渡され、タラントと改名されました。1920 年代の前半には、本艦に水上偵察機と新たな対空兵装が搭載されました。戦間期には地中海で運用され、その後植民地での運用に備えて再装備されました。第二次世界大戦中、本艦は機雷敷設および哨戒任務を遂行しました。",
            "price_gold": 0,
            "ship_id_str": "PISC103",
            "has_demo_profile": false,
            "images": {
                "small": "https://wows-gloss-icons.wgcdn.co/icons/vehicle/small/PISC103_aa70f0bc17705c5975ac6cac7692113377f9746f299c73dccd8d560096f336c6.png",
                "large": "https://wows-gloss-icons.wgcdn.co/icons/vehicle/large/PISC103_05ebdcec44d6ebf53d2a2cac23cf25744306053a3bd6f46e1267100c21c93a7c.png",
                "medium": "https://wows-gloss-icons.wgcdn.co/icons/vehicle/medium/PISC103_3f3e2cab88c41e56b64f085eed41a4bc7d3caec89a7aff974f391c68ab147b34.png",
                "contour": "https://wows-gloss-icons.wgcdn.co/icons/vehicle/contour/PISC103_b5313ee1e37a07be9ed9889216c2d3f7e148fe374b05d0fb131dce30e2c37a73.png"
            },
            "modules": {
                "engine": [
                    4084051696
                ],
                "torpedo_bomber": [],
                "fighter": [],
                "hull": [
                    4083953392,
                    4082904816
                ],
                "artillery": [
                    4084182768
                ],
                "torpedoes": [
                    4083560176
                ],
                "fire_control": [
                    4083592944,
                    4082544368
                ],
                "sonar": [],
                "flight_control": [],
                "dive_bomber": []
            },
            "modules_tree": {
                "4082904816": {
                    "name": "Taranto (B)",
                    "next_modules": null,
                    "is_default": false,
                    "price_xp": 900,
                    "price_credit": 90000,
                    "next_ships": [
                        4185831152
                    ],
                    "module_id": 4082904816,
                    "type": "Hull",
                    "module_id_str": "PIUH202"
                },
                "4084051696": {
                    "name": "推力: 33,742 馬力",
                    "next_modules": null,
                    "is_default": true,
                    "price_xp": 0,
                    "price_credit": 18000,
                    "next_ships": null,
                    "module_id": 4084051696,
                    "type": "Engine",
                    "module_id_str": "PIUE201"
                },
                "4083953392": {
                    "name": "Taranto (A)",
                    "next_modules": [
                        4082904816
                    ],
                    "is_default": true,
                    "price_xp": 0,
                    "price_credit": 40000,
                    "next_ships": null,
                    "module_id": 4083953392,
                    "type": "Hull",
                    "module_id_str": "PIUH201"
                },
                "4083592944": {
                    "name": "SDT 3 mod.1",
                    "next_modules": [
                        4082544368
                    ],
                    "is_default": true,
                    "price_xp": 0,
                    "price_credit": 21000,
                    "next_ships": null,
                    "module_id": 4083592944,
                    "type": "Suo",
                    "module_id_str": "PIUS201"
                },
                "4084182768": {
                    "name": "150 mm/45 SK L/45 (MPL C/16 砲座)",
                    "next_modules": null,
                    "is_default": true,
                    "price_xp": 0,
                    "price_credit": 28000,
                    "next_ships": null,
                    "module_id": 4084182768,
                    "type": "Artillery",
                    "module_id_str": "PIUA201"
                },
                "4083560176": {
                    "name": "500 mm G7/533 mm Si 270 G",
                    "next_modules": null,
                    "is_default": true,
                    "price_xp": 0,
                    "price_credit": 22000,
                    "next_ships": null,
                    "module_id": 4083560176,
                    "type": "Torpedoes",
                    "module_id_str": "PIUT201"
                },
                "4082544368": {
                    "name": "SDT 3 mod.2",
                    "next_modules": null,
                    "is_default": false,
                    "price_xp": 450,
                    "price_credit": 40000,
                    "next_ships": null,
                    "module_id": 4082544368,
                    "type": "Suo",
                    "module_id_str": "PIUS202"
                }
            },
            "nation": "italy",
            "is_premium": false,
            "ship_id": 4186879728,
            "price_credit": 270000,
            "default_profile": {
                "engine": {
                    "engine_id_str": "PIUE201",
                    "max_speed": 28.2,
                    "engine_id": 4084051696
                },
                "torpedo_bomber": null,
                "anti_aircraft": {
                    "slots": {
                        "0": {
                            "distance": -1.0,
                            "avg_damage": null,
                            "caliber": 88,
                            "name": "88 mm/45 SK L/45 (MPL C/13 砲座)",
                            "guns": 2
                        }
                    },
                    "defense": 8
                },
                "depth_charge": null,
                "mobility": {
                    "rudder_time": 8.0,
                    "total": 48,
                    "max_speed": 28.2,
                    "turning_radius": 450
                },
                "hull": {
                    "hull_id": 4083953392,
                    "hull_id_str": "PIUH201",
                    "torpedoes_barrels": 2,
                    "anti_aircraft_barrels": 2,
                    "range": {
                        "max": 100,
                        "min": 6
                    },
                    "health": 17600,
                    "planes_amount": null,
                    "artillery_barrels": 7,
                    "atba_barrels": 0
                },
                "atbas": {
                    "distance": 0.0
                },
                "artillery": {
                    "max_dispersion": 104,
                    "shells": {
                        "AP": {
                            "burn_probability": null,
                            "bullet_speed": 835,
                            "name": "150 mm P.Spr.Gr. L/3.7",
                            "damage": 2100,
                            "bullet_mass": 45,
                            "type": "AP"
                        }
                    },
                    "shot_delay": 7.0,
                    "rotation_time": 25.7,
                    "distance": 10.3,
                    "artillery_id": 4084182768,
                    "artillery_id_str": "PIUA201",
                    "slots": {
                        "0": {
                            "barrels": 1,
                            "name": "150 mm/45 SK L/45 (MPL C/16 砲座)",
                            "guns": 7
                        }
                    },
                    "gun_rate": 8.3
                },
                "torpedoes": {
                    "visibility_dist": 1.1,
                    "distance": 4.0,
                    "torpedoes_id": 4083560176,
                    "torpedo_name": "500 mm G7",
                    "reload_time": 21,
                    "torpedo_speed": 58,
                    "rotation_time": 7.2,
                    "torpedoes_id_str": "PIUT201",
                    "slots": {
                        "0": {
                            "barrels": 1,
                            "caliber": 500,
                            "name": "500 mm tubo lanciasiluri",
                            "guns": 2
                        }
                    },
                    "max_damage": 10433
                },
                "fighters": null,
                "submarine_mobility": null,
                "fire_control": {
                    "fire_control_id": 4083592944,
                    "distance": 0.0,
                    "distance_increase": null,
                    "fire_control_id_str": "PIUS201"
                },
                "submarine_sonar": null,
                "battle_level_range_max": 4,
                "battle_level_range_min": 3,
                "flight_control": null,
                "submarine_battery": null,
                "concealment": {
                    "total": 76,
                    "detect_distance_by_plane": 5.1,
                    "detect_distance_by_submarine": 5.1,
                    "detect_distance_by_ship": 9.1
                },
                "armour": {
                    "casemate": {
                        "max": -1,
                        "min": -1
                    },
                    "deck": {
                        "max": -1,
                        "min": -1
                    },
                    "flood_damage": 0,
                    "range": {
                        "max": 100,
                        "min": 6
                    },
                    "health": 17600,
                    "extremities": {
                        "max": -1,
                        "min": -1
                    },
                    "total": 21,
                    "citadel": {
                        "max": -1,
                        "min": -1
                    }
                },
                "weaponry": {
                    "torpedoes": 4,
                    "aircraft": 0,
                    "artillery": 58,
                    "anti_aircraft": 8
                },
                "dive_bomber": null
            },
            "upgrades": [
                4273131440,
                4261597104,
                4262645680
            ],
            "tier": 3,
            "next_ships": {
                "4185831152": 5250
            },
            "mod_slots": 2,
            "type": "Cruiser",
            "is_special": false,
            "name": "Taranto"
        }
    }
}