{
    "status": "ok",
    "meta": {
        "count": 1,
        "page_total": 1,
        "total": 1,
        "limit": 100,
        "page": 1
    },
    "data": {
        "4079957968": {
            "description": "1911 年 1 月、日本はイギリスに対して巡洋戦艦金剛の設計と建造を発注しました。金剛は当時のイギリス巡洋戦艦より強力であったため、類似の計画案が 1911 年計画におけるイギリス巡洋戦艦建造の基礎として採用されました。タイガーは 1912 年に起工されると、1914 年に第 1 巡洋戦艦戦隊に配属されています。その後、1912 年にドッガー・バンク海戦に参加し、6 発被弾しているほか、その 1 年後のユトランド沖海戦では、大口径砲からの砲撃を 18 発も被弾しながらも、いずれの戦闘でも致命的な打撃を受けず、生還しています。",
            "price_gold": 0,
            "ship_id_str": "PBSB205",
            "has_demo_profile": false,
            "images": {
                "small": "https://wows-gloss-icons.wgcdn.co/icons/vehicle/small/PBSB205_ead245af2ea4fe5d6ebd260bb4c18735bbfdc7d308c7a18010d2c9402989ef52.png",
                "large": "https://wows-gloss-icons.wgcdn.co/icons/vehicle/large/PBSB205_8b2892afb1210bba09999f555edf5dbcd844401d770e487c335f41e035ae55fa.png",
                "medium": "https://wows-gloss-icons.wgcdn.co/icons/vehicle/medium/PBSB205_9134ad920953232bcdbbc6b9baf6ee1f805262193a46e679c523fefcb8c76786.png",
                "contour": "https://wows-gloss-icons.wgcdn.co/icons/vehicle/contour/PBSB205_21c0cabac3a93bd87cda36023ea9dce428f215572110751b5078f54d91b156b4.png"
            },
            "modules": {
                "engine": [
                    3868045264
                ],
                "torpedo_bomber": [],
                "fighter": [],
                "hull": [
                    3861655504,
                    3860606928
                ],
                "artillery": [
                    3868176336
                ],
                "torpedoes": [
                    3867553744
                ],
                "fire_control": [
                    3860246480,
                    3861295056
                ],
                "sonar": [],
                "flight_control": [],
                "dive_bomber": []
            },
            "modules_tree": {
                "3861655504": {
                    "name": "Tiger (A)",
                    "next_modules": [
                        3860606928
                    ],
                    "is_default": true,
                    "price_xp": 0,
                    "price_credit": 240000,
                    "next_ships": null,
                    "module_id": 3861655504,
                    "type": "Hull",
                    "module_id_str": "PBUH413"
                },
                "3861295056": {
                    "name": "Mk V mod. 1",
                    "next_modules": [
                        3860246480
                    ],
                    "is_default": true,
                    "price_xp": 0,
                    "price_credit": 160000,
                    "next_ships": null,
                    "module_id": 3861295056,
                    "type": "Suo",
                    "module_id_str": "PBUS413"
                },
                "3868045264": {
                    "name": "推力: 108,000 馬力",
                    "next_modules": null,
                    "is_default": true,
                    "price_xp": 0,
                    "price_credit": 160000,
                    "next_ships": null,
                    "module_id": 3868045264,
                    "type": "Engine",
                    "module_id_str": "PBUE407"
                },
                "3868176336": {
                    "name": "343 mm/45 Mk.V (Mk.II** 砲座)",
                    "next_modules": null,
                    "is_default": true,
                    "price_xp": 0,
                    "price_credit": 160000,
                    "next_ships": null,
                    "module_id": 3868176336,
                    "type": "Artillery",
                    "module_id_str": "PBUA407"
                },
                "3860246480": {
                    "name": "Mk V mod. 2",
                    "next_modules": null,
                    "is_default": false,
                    "price_xp": 3600,
                    "price_credit": 400000,
                    "next_ships": null,
                    "module_id": 3860246480,
                    "type": "Suo",
                    "module_id_str": "PBUS414"
                },
                "3867553744": {
                    "name": "533 mm Mk IX*",
                    "next_modules": null,
                    "is_default": true,
                    "price_xp": 0,
                    "price_credit": 160000,
                    "next_ships": null,
                    "module_id": 3867553744,
                    "type": "Torpedoes",
                    "module_id_str": "PBUT407"
                },
                "3860606928": {
                    "name": "Tiger (B)",
                    "next_modules": null,
                    "is_default": false,
                    "price_xp": 5400,
                    "price_credit": 600000,
                    "next_ships": [
                        4078909392
                    ],
                    "module_id": 3860606928,
                    "type": "Hull",
                    "module_id_str": "PBUH414"
                }
            },
            "nation": "uk",
            "is_premium": false,
            "ship_id": 4079957968,
            "price_credit": 1600000,
            "default_profile": {
                "engine": {
                    "engine_id_str": "PBUE407",
                    "max_speed": 29.0,
                    "engine_id": 3868045264
                },
                "torpedo_bomber": null,
                "anti_aircraft": {
                    "slots": {
                        "0": {
                            "distance": -1.0,
                            "avg_damage": null,
                            "caliber": 7,
                            "name": "7.7 mm Maxim Mk.I",
                            "guns": 10
                        },
                        "1": {
                            "distance": -1.0,
                            "avg_damage": null,
                            "caliber": 76,
                            "name": "76.2 mm/45 QF HA Mk.I (HA Mk.IV 砲座)",
                            "guns": 6
                        }
                    },
                    "defense": 23
                },
                "depth_charge": null,
                "mobility": {
                    "rudder_time": 19.0,
                    "total": 39,
                    "max_speed": 29.0,
                    "turning_radius": 740
                },
                "hull": {
                    "hull_id": 3861655504,
                    "hull_id_str": "PBUH413",
                    "torpedoes_barrels": 4,
                    "anti_aircraft_barrels": 16,
                    "range": {
                        "max": 254,
                        "min": 13
                    },
                    "health": 43600,
                    "planes_amount": null,
                    "artillery_barrels": 4,
                    "atba_barrels": 12
                },
                "atbas": {
                    "distance": 4.3,
                    "slots": {
                        "0": {
                            "burn_probability": 12.0,
                            "bullet_speed": 914,
                            "name": "152 mm HE 4crh",
                            "shot_delay": 5.0,
                            "damage": 2200,
                            "bullet_mass": 45,
                            "type": "HE",
                            "gun_rate": 12.0
                        }
                    }
                },
                "artillery": {
                    "max_dispersion": 172,
                    "shells": {
                        "AP": {
                            "burn_probability": null,
                            "bullet_speed": 787,
                            "name": "343 mm AP Mk Ia",
                            "damage": 8500,
                            "bullet_mass": 567,
                            "type": "AP"
                        },
                        "HE": {
                            "burn_probability": 39.0,
                            "bullet_speed": 787,
                            "name": "343 mm HE Mk Ia",
                            "damage": 4550,
                            "bullet_mass": 567,
                            "type": "HE"
                        }
                    },
                    "shot_delay": 30.0,
                    "rotation_time": 30.0,
                    "distance": 14.8,
                    "artillery_id": 3868176336,
                    "artillery_id_str": "PBUA407",
                    "slots": {
                        "0": {
                            "barrels": 2,
                            "name": "343 mm/45 Mk.V (Mk.II** 砲座)",
                            "guns": 4
                        }
                    },
                    "gun_rate": 2.0
                },
                "torpedoes": {
                    "visibility_dist": 1.1,
                    "distance": 6.0,
                    "torpedoes_id": 3867553744,
                    "torpedo_name": "533 mm Mk II",
                    "reload_time": 95,
                    "torpedo_speed": 53,
                    "rotation_time": 15.0,
                    "torpedoes_id_str": "PBUT407",
                    "slots": {
                        "0": {
                            "barrels": 1,
                            "caliber": 533,
                            "name": "533 mm PR Mk II",
                            "guns": 4
                        }
                    },
                    "max_damage": 10000
                },
                "fighters": null,
                "submarine_mobility": null,
                "fire_control": {
                    "fire_control_id": 3861295056,
                    "distance": 0.0,
                    "distance_increase": null,
                    "fire_control_id_str": "PBUS413"
                },
                "submarine_sonar": null,
                "battle_level_range_max": 7,
                "battle_level_range_min": 5,
                "flight_control": null,
                "submarine_battery": null,
                "concealment": {
                    "total": 51,
                    "detect_distance_by_plane": 9.3,
                    "detect_distance_by_submarine": 9.3,
                    "detect_distance_by_ship": 12.6
                },
                "armour": {
                    "casemate": {
                        "max": -1,
                        "min": -1
                    },
                    "deck": {
                        "max": -1,
                        "min": -1
                    },
                    "flood_damage": 13,
                    "range": {
                        "max": 254,
                        "min": 13
                    },
                    "health": 43600,
                    "extremities": {
                        "max": -1,
                        "min": -1
                    },
                    "total": 53,
                    "citadel": {
                        "max": -1,
                        "min": -1
                    }
                },
                "weaponry": {
                    "torpedoes": 5,
                    "aircraft": 0,
                    "artillery": 77,
                    "anti_aircraft": 23
                },
                "dive_bomber": null
            },
            "upgrades": [
                4273131440,
                4259499952,
                4261597104,
                4262645680,
                4287811504,
                4220702640,
                4275228592,
                4281520048
            ],
            "tier": 5,
            "next_ships": {
                "4078909392": 40000
            },
            "mod_slots": 3,
            "type": "Battleship",
            "is_special": false,
            "name": "Tiger"
        }
    }
}