{
    "status": "ok",
    "meta": {
        "count": 1,
        "page_total": 1,
        "total": 1,
        "limit": 100,
        "page": 1
    },
    "data": {
        "4183734000": {
            "description": "第一次世界大戦の後、20 世紀の初頭に建造されたイタリアの装甲巡洋艦は、目下の任務を遂行するには性能が十分でなくなっていました。従って、ワシントン海軍軍縮会議で要件が決定された後、新たな巡洋艦の設計が開始されました。その結果として、高速で 70 mm の装甲帯を有する 2 隻のトレント級重巡洋艦が建造されることになりました。リードシップは 1925 年に起工されました。そして第二次世界大戦の序盤に、本艦はプンタ・スティーロ、テウラダ岬、マタパン岬で戦闘に参加しました。しかしながら、本艦が参加した全ての戦闘において、トレントは敵に損傷を与えることも、敵から損傷を受けることもありませんでした。",
            "price_gold": 0,
            "ship_id_str": "PISC106",
            "has_demo_profile": false,
            "images": {
                "small": "https://wows-gloss-icons.wgcdn.co/icons/vehicle/small/PISC106_4515893a42998a71a47e6ec92eb41a0226d59d8596556e8a1781221e0bc48139.png",
                "large": "https://wows-gloss-icons.wgcdn.co/icons/vehicle/large/PISC106_b541b005840ef319ed0218cac758340b8eb925f4ccee107b414562682963ed64.png",
                "medium": "https://wows-gloss-icons.wgcdn.co/icons/vehicle/medium/PISC106_0bf3c6f8673992ba90f5fd0fdef4037bca1e6e56973467b975ac74397197c181.png",
                "contour": "https://wows-gloss-icons.wgcdn.co/icons/vehicle/contour/PISC106_d023affdbdd383f2b211594a9f758e39e1e061011bb34bd8d14bcd45e22dcccb.png"
            },
            "modules": {
                "engine": [
                    3766333168
                ],
                "torpedo_bomber": [],
                "fighter": [],
                "hull": [
                    3766234864,
                    3765186288
                ],
                "artillery": [
                    3766464240
                ],
                "torpedoes": [
                    3767938800
                ],
                "fire_control": [
                    3765874416,
                    3764825840
                ],
                "sonar": [],
                "flight_control": [],
                "dive_bomber": []
            },
            "modules_tree": {
                "3766234864": {
                    "name": "Trento (A)",
                    "next_modules": [
                        3765186288
                    ],
                    "is_default": true,
                    "price_xp": 0,
                    "price_credit": 375000,
                    "next_ships": null,
                    "module_id": 3766234864,
                    "type": "Hull",
                    "module_id_str": "PIUH504"
                },
                "3765186288": {
                    "name": "Trento (B)",
                    "next_modules": null,
                    "is_default": false,
                    "price_xp": 10250,
                    "price_credit": 810000,
                    "next_ships": [
                        4182685424
                    ],
                    "module_id": 3765186288,
                    "type": "Hull",
                    "module_id_str": "PIUH505"
                },
                "3766333168": {
                    "name": "推力: 150,000 馬力",
                    "next_modules": null,
                    "is_default": true,
                    "price_xp": 0,
                    "price_credit": 190000,
                    "next_ships": null,
                    "module_id": 3766333168,
                    "type": "Engine",
                    "module_id_str": "PIUE504"
                },
                "3764825840": {
                    "name": "SDT 6 mod.2",
                    "next_modules": null,
                    "is_default": false,
                    "price_xp": 6000,
                    "price_credit": 460000,
                    "next_ships": null,
                    "module_id": 3764825840,
                    "type": "Suo",
                    "module_id_str": "PIUS505"
                },
                "3766464240": {
                    "name": "203 mm/50 Model 1924 (Model 1924 砲座)",
                    "next_modules": null,
                    "is_default": true,
                    "price_xp": 0,
                    "price_credit": 225000,
                    "next_ships": null,
                    "module_id": 3766464240,
                    "type": "Artillery",
                    "module_id_str": "PIUA504"
                },
                "3767938800": {
                    "name": "533 mm Si 270 M",
                    "next_modules": null,
                    "is_default": true,
                    "price_xp": 0,
                    "price_credit": 200000,
                    "next_ships": null,
                    "module_id": 3767938800,
                    "type": "Torpedoes",
                    "module_id_str": "PIUT502"
                },
                "3765874416": {
                    "name": "SDT 6 mod.1",
                    "next_modules": [
                        3764825840
                    ],
                    "is_default": true,
                    "price_xp": 0,
                    "price_credit": 200000,
                    "next_ships": null,
                    "module_id": 3765874416,
                    "type": "Suo",
                    "module_id_str": "PIUS504"
                }
            },
            "nation": "italy",
            "is_premium": false,
            "ship_id": 4183734000,
            "price_credit": 2900000,
            "default_profile": {
                "engine": {
                    "engine_id_str": "PIUE504",
                    "max_speed": 35.0,
                    "engine_id": 3766333168
                },
                "torpedo_bomber": null,
                "anti_aircraft": {
                    "slots": {
                        "0": {
                            "distance": -1.0,
                            "avg_damage": null,
                            "caliber": 13,
                            "name": "13.2 mm/76 Breda Model 1931 (連装銃座)",
                            "guns": 4
                        },
                        "1": {
                            "distance": -1.0,
                            "avg_damage": null,
                            "caliber": 37,
                            "name": "37 mm/54 Model 1938 (Model 1938 砲座)",
                            "guns": 4
                        },
                        "2": {
                            "distance": -1.0,
                            "avg_damage": null,
                            "caliber": 100,
                            "name": "100 mm/47 Model 1924/27/28 (Eugenio Minisini 砲座)",
                            "guns": 6
                        }
                    },
                    "defense": 47
                },
                "depth_charge": null,
                "mobility": {
                    "rudder_time": 13.3,
                    "total": 57,
                    "max_speed": 35.0,
                    "turning_radius": 630
                },
                "hull": {
                    "hull_id": 3766234864,
                    "hull_id_str": "PIUH504",
                    "torpedoes_barrels": 2,
                    "anti_aircraft_barrels": 14,
                    "range": {
                        "max": 100,
                        "min": 13
                    },
                    "health": 29700,
                    "planes_amount": null,
                    "artillery_barrels": 4,
                    "atba_barrels": 6
                },
                "atbas": {
                    "distance": 5.0,
                    "slots": {
                        "0": {
                            "burn_probability": 6.0,
                            "bullet_speed": 850,
                            "name": "100 mm proiettili HE",
                            "shot_delay": 6.0,
                            "damage": 1500,
                            "bullet_mass": 14,
                            "type": "HE",
                            "gun_rate": 10.0
                        }
                    }
                },
                "artillery": {
                    "max_dispersion": 134,
                    "shells": {
                        "AP": {
                            "burn_probability": null,
                            "bullet_speed": 840,
                            "name": "203 mm proiettili AP 1924 mod.1",
                            "damage": 4700,
                            "bullet_mass": 125,
                            "type": "AP"
                        }
                    },
                    "shot_delay": 15.0,
                    "rotation_time": 25.7,
                    "distance": 14.7,
                    "artillery_id": 3766464240,
                    "artillery_id_str": "PIUA504",
                    "slots": {
                        "0": {
                            "barrels": 2,
                            "name": "203 mm/50 Model 1924 (Model 1924 砲座)",
                            "guns": 4
                        }
                    },
                    "gun_rate": 4.0
                },
                "torpedoes": {
                    "visibility_dist": 1.0,
                    "distance": 12.0,
                    "torpedoes_id": 3767938800,
                    "torpedo_name": "533 mm Si 270 M",
                    "reload_time": 47,
                    "torpedo_speed": 51,
                    "rotation_time": 7.2,
                    "torpedoes_id_str": "PIUT502",
                    "slots": {
                        "0": {
                            "barrels": 2,
                            "caliber": 533,
                            "name": "533 mm tubo lanciasiluri DAAN-Whitehead",
                            "guns": 2
                        }
                    },
                    "max_damage": 12666
                },
                "fighters": null,
                "submarine_mobility": null,
                "fire_control": {
                    "fire_control_id": 3765874416,
                    "distance": 0.0,
                    "distance_increase": null,
                    "fire_control_id_str": "PIUS504"
                },
                "submarine_sonar": null,
                "battle_level_range_max": 8,
                "battle_level_range_min": 6,
                "flight_control": null,
                "submarine_battery": null,
                "concealment": {
                    "total": 49,
                    "detect_distance_by_plane": 7.3,
                    "detect_distance_by_submarine": 7.3,
                    "detect_distance_by_ship": 14.1
                },
                "armour": {
                    "casemate": {
                        "max": -1,
                        "min": -1
                    },
                    "deck": {
                        "max": -1,
                        "min": -1
                    },
                    "flood_damage": 10,
                    "range": {
                        "max": 100,
                        "min": 13
                    },
                    "health": 29700,
                    "extremities": {
                        "max": -1,
                        "min": -1
                    },
                    "total": 39,
                    "citadel": {
                        "max": -1,
                        "min": -1
                    }
                },
                "weaponry": {
                    "torpedoes": 13,
                    "aircraft": 0,
                    "artillery": 83,
                    "anti_aircraft": 47
                },
                "dive_bomber": null
            },
            "upgrades": [
                4273131440,
                4220702640,
                4259499952,
                4261597104,
                4262645680,
                4287811504,
                4268937136,
                4267888560,
                4275228592,
                4269985712,
                4281520048
            ],
            "tier": 6,
            "next_ships": {
                "4182685424": 68000
            },
            "mod_slots": 4,
            "type": "Cruiser",
            "is_special": false,
            "name": "Trento"
        }
    }
}