{
    "status": "ok",
    "meta": {
        "count": 1,
        "page_total": 1,
        "total": 1,
        "limit": 100,
        "page": 1
    },
    "data": {
        "4277056880": {
            "description": "フィジー級軽巡洋艦は、イギリスにおいて 2 つのグループに分けて建造されました。本級は最小限の排水量で良好な火力、長大な航続距離、十分な防御力を併せ持っていました。ウガンダはフィジー級の第 2 グループの 1 隻であり、主砲塔の数を削減した上で対空兵装の強化が図られていました。ウガンダは第二次世界大戦中に連合軍によるシチリア島とイタリアへの上陸に参加しました。1944 年の秋に王立カナダ海軍引き渡され、その後太平洋で運用されました。",
            "price_gold": 0,
            "ship_id_str": "PUSC017",
            "has_demo_profile": false,
            "images": {
                "small": "https://wows-gloss-icons.wgcdn.co/icons/vehicle/small/PUSC017_20829ce26b64f74942e8cd06bc7b7fd721585204726efe0567c6281154c3da72.png",
                "large": "https://wows-gloss-icons.wgcdn.co/icons/vehicle/large/PUSC017_862d0b37718ffd6c675c7a86970c38000341d48ad6402995c287ae048da47df9.png",
                "medium": "https://wows-gloss-icons.wgcdn.co/icons/vehicle/medium/PUSC017_e03299d65f1c0250eb0076da3d7b3190c14db59f170479af7d451f313ef61a9f.png",
                "contour": "https://wows-gloss-icons.wgcdn.co/icons/vehicle/contour/PUSC017_39cbea15fcb23c19b823bce98458c01fa4637711ebc4417c7a3f4ba443b23f5c.png"
            },
            "modules": {
                "engine": [
                    3647843696
                ],
                "torpedo_bomber": [],
                "fighter": [],
                "hull": [
                    3647745392,
                    3646696816
                ],
                "artillery": [
                    3647974768
                ],
                "torpedoes": [
                    3647352176
                ],
                "fire_control": [
                    3647384944,
                    3646336368
                ],
                "sonar": [],
                "flight_control": [],
                "dive_bomber": []
            },
            "modules_tree": {
                "3647843696": {
                    "name": "推力: 72,500 馬力",
                    "next_modules": null,
                    "is_default": true,
                    "price_xp": 0,
                    "price_credit": 570000,
                    "next_ships": null,
                    "module_id": 3647843696,
                    "type": "Engine",
                    "module_id_str": "PUUE617"
                },
                "3647974768": {
                    "name": "152 mm/50 BL Mk.XXIII (Mk.XXIII 砲座)",
                    "next_modules": null,
                    "is_default": true,
                    "price_xp": 0,
                    "price_credit": 570000,
                    "next_ships": null,
                    "module_id": 3647974768,
                    "type": "Artillery",
                    "module_id_str": "PUUA617"
                },
                "3647745392": {
                    "name": "Uganda (A)",
                    "next_modules": [
                        3646696816
                    ],
                    "is_default": true,
                    "price_xp": 0,
                    "price_credit": 855000,
                    "next_ships": null,
                    "module_id": 3647745392,
                    "type": "Hull",
                    "module_id_str": "PUUH617"
                },
                "3647352176": {
                    "name": "533 mm Mk IX",
                    "next_modules": null,
                    "is_default": true,
                    "price_xp": 0,
                    "price_credit": 570000,
                    "next_ships": null,
                    "module_id": 3647352176,
                    "type": "Torpedoes",
                    "module_id_str": "PUUT617"
                },
                "3647384944": {
                    "name": "Mk VIII mod. 1",
                    "next_modules": [
                        3646336368
                    ],
                    "is_default": true,
                    "price_xp": 0,
                    "price_credit": 570000,
                    "next_ships": null,
                    "module_id": 3647384944,
                    "type": "Suo",
                    "module_id_str": "PUUS617"
                },
                "3646336368": {
                    "name": "Mk VIII mod. 2",
                    "next_modules": null,
                    "is_default": false,
                    "price_xp": 16000,
                    "price_credit": 1000000,
                    "next_ships": null,
                    "module_id": 3646336368,
                    "type": "Suo",
                    "module_id_str": "PUUS618"
                },
                "3646696816": {
                    "name": "Uganda (B)",
                    "next_modules": null,
                    "is_default": false,
                    "price_xp": 24000,
                    "price_credit": 1500000,
                    "next_ships": [
                        4276008304
                    ],
                    "module_id": 3646696816,
                    "type": "Hull",
                    "module_id_str": "PUUH618"
                }
            },
            "nation": "commonwealth",
            "is_premium": false,
            "ship_id": 4277056880,
            "price_credit": 5700000,
            "default_profile": {
                "engine": {
                    "engine_id_str": "PUUE617",
                    "max_speed": 31.5,
                    "engine_id": 3647843696
                },
                "torpedo_bomber": null,
                "anti_aircraft": {
                    "slots": {
                        "0": {
                            "distance": -1.0,
                            "avg_damage": null,
                            "caliber": 20,
                            "name": "20 mm Oerlikon (Mk.4 砲座)",
                            "guns": 11
                        },
                        "1": {
                            "distance": -1.0,
                            "avg_damage": null,
                            "caliber": 40,
                            "name": "40 mm/56 OQF Mk.1/2 (RP Mk.I 砲座)",
                            "guns": 2
                        },
                        "2": {
                            "distance": -1.0,
                            "avg_damage": null,
                            "caliber": 40,
                            "name": "40 mm/39 Vickers QF Mk.VIII (Mk.VII 砲座)",
                            "guns": 3
                        },
                        "3": {
                            "distance": -1.0,
                            "avg_damage": null,
                            "caliber": 102,
                            "name": "102 mm/45 QF Mk.XVII (Mk.XIX 砲座)",
                            "guns": 4
                        }
                    },
                    "defense": 54
                },
                "depth_charge": null,
                "mobility": {
                    "rudder_time": 12.1,
                    "total": 50,
                    "max_speed": 31.5,
                    "turning_radius": 600
                },
                "hull": {
                    "hull_id": 3647745392,
                    "hull_id_str": "PUUH617",
                    "torpedoes_barrels": 2,
                    "anti_aircraft_barrels": 20,
                    "range": {
                        "max": 114,
                        "min": 10
                    },
                    "health": 27100,
                    "planes_amount": null,
                    "artillery_barrels": 3,
                    "atba_barrels": 4
                },
                "atbas": {
                    "distance": 5.6,
                    "slots": {
                        "0": {
                            "burn_probability": 6.0,
                            "bullet_speed": 811,
                            "name": "102 mm HE 35 lb",
                            "shot_delay": 3.0,
                            "damage": 1500,
                            "bullet_mass": 16,
                            "type": "HE",
                            "gun_rate": 20.0
                        }
                    }
                },
                "artillery": {
                    "max_dispersion": 132,
                    "shells": {
                        "AP": {
                            "burn_probability": null,
                            "bullet_speed": 841,
                            "name": "152 mm AP 6crh Mk IV",
                            "damage": 2850,
                            "bullet_mass": 44,
                            "type": "AP"
                        },
                        "HE": {
                            "burn_probability": 8.0,
                            "bullet_speed": 841,
                            "name": "152 mm HE 6crh Mk IV",
                            "damage": 2100,
                            "bullet_mass": 44,
                            "type": "HE"
                        }
                    },
                    "shot_delay": 5.0,
                    "rotation_time": 30.0,
                    "distance": 14.4,
                    "artillery_id": 3647974768,
                    "artillery_id_str": "PUUA617",
                    "slots": {
                        "0": {
                            "barrels": 3,
                            "name": "152 mm/50 BL Mk.XXIII (Mk.XXIII 砲座)",
                            "guns": 3
                        }
                    },
                    "gun_rate": 10.7
                },
                "torpedoes": {
                    "visibility_dist": 1.3,
                    "distance": 12.0,
                    "torpedoes_id": 3647352176,
                    "torpedo_name": "533 mm Mk IX*",
                    "reload_time": 96,
                    "torpedo_speed": 62,
                    "rotation_time": 7.2,
                    "torpedoes_id_str": "PUUT617",
                    "slots": {
                        "0": {
                            "barrels": 3,
                            "caliber": 533,
                            "name": "533 mm TR Mk IV",
                            "guns": 2
                        }
                    },
                    "max_damage": 15433
                },
                "fighters": null,
                "submarine_mobility": null,
                "fire_control": {
                    "fire_control_id": 3647384944,
                    "distance": 0.0,
                    "distance_increase": null,
                    "fire_control_id_str": "PUUS617"
                },
                "submarine_sonar": null,
                "battle_level_range_max": 9,
                "battle_level_range_min": 7,
                "flight_control": null,
                "submarine_battery": null,
                "concealment": {
                    "total": 64,
                    "detect_distance_by_plane": 6.4,
                    "detect_distance_by_submarine": 6.4,
                    "detect_distance_by_ship": 11.2
                },
                "armour": {
                    "casemate": {
                        "max": -1,
                        "min": -1
                    },
                    "deck": {
                        "max": -1,
                        "min": -1
                    },
                    "flood_damage": 0,
                    "range": {
                        "max": 114,
                        "min": 10
                    },
                    "health": 27100,
                    "extremities": {
                        "max": -1,
                        "min": -1
                    },
                    "total": 38,
                    "citadel": {
                        "max": -1,
                        "min": -1
                    }
                },
                "weaponry": {
                    "torpedoes": 19,
                    "aircraft": 0,
                    "artillery": 65,
                    "anti_aircraft": 54
                },
                "dive_bomber": null
            },
            "upgrades": [
                4273131440,
                4220702640,
                4259499952,
                4261597104,
                4262645680,
                4287811504,
                4268937136,
                4267888560,
                4275228592,
                4269985712,
                4281520048
            ],
            "tier": 7,
            "next_ships": {
                "4276008304": 110000
            },
            "mod_slots": 4,
            "type": "Cruiser",
            "is_special": false,
            "name": "Uganda"
        }
    }
}