{
    "status": "ok",
    "meta": {
        "count": 1,
        "page_total": 1,
        "total": 1,
        "limit": 100,
        "page": 1
    },
    "data": {
        "3550394096": {
            "description": "これは、1935年に考案されたイタリアの「中排水量」戦艦のコンセプトを再構築したものであり、「大型巡洋艦」または「巡洋艦キラー」として位置付けられています。この研究の中で描かれたスケッチのひとつには、特異なレイアウトが採用されていました。それは、8 門の 320 mm 砲を 2 基の四連装砲塔に収めて艦の中央部に配置し、副砲を艦首側および船尾側へと移動させた設計でした。",
            "price_gold": 34650,
            "ship_id_str": "PISC710",
            "has_demo_profile": false,
            "images": {
                "small": "https://wows-gloss-icons.wgcdn.co/icons/vehicle/small/PISC710_8966d38ef3ff2042f408c84bcbaec8394046fa9120b042f8705c826fabac7362.png",
                "large": "https://wows-gloss-icons.wgcdn.co/icons/vehicle/large/PISC710_d7706d0cb457546227f4f0b79b1ced9921d8ab67fe6cce1f4c1bc2143ff726e2.png",
                "medium": "https://wows-gloss-icons.wgcdn.co/icons/vehicle/medium/PISC710_4f1fb338b775d39fccd41d451e983fcfca9cf2f19ab33e1a73fb4bf8ad830ecd.png",
                "contour": "https://wows-gloss-icons.wgcdn.co/icons/vehicle/contour/PISC710_00fbc4d41b7b754d48f406f3d21f19c11ab33e4ee8afedfa3d8f3eef0fc3643d.png"
            },
            "modules": {
                "engine": [
                    3255676656
                ],
                "torpedo_bomber": [],
                "fighter": [],
                "hull": [
                    3255578352
                ],
                "artillery": [
                    3255807728
                ],
                "torpedoes": [
                    3255185136
                ],
                "fire_control": [
                    3255217904
                ],
                "sonar": [],
                "flight_control": [],
                "dive_bomber": []
            },
            "modules_tree": {
                "3255676656": {
                    "name": "推力: 200,000 馬力",
                    "next_modules": null,
                    "is_default": true,
                    "price_xp": 0,
                    "price_credit": 0,
                    "next_ships": null,
                    "module_id": 3255676656,
                    "type": "Engine",
                    "module_id_str": "PIUE991"
                },
                "3255578352": {
                    "name": "Varese",
                    "next_modules": null,
                    "is_default": true,
                    "price_xp": 0,
                    "price_credit": 0,
                    "next_ships": null,
                    "module_id": 3255578352,
                    "type": "Hull",
                    "module_id_str": "PIUH991"
                },
                "3255217904": {
                    "name": "SDT 10 mod.1",
                    "next_modules": null,
                    "is_default": true,
                    "price_xp": 0,
                    "price_credit": 0,
                    "next_ships": null,
                    "module_id": 3255217904,
                    "type": "Suo",
                    "module_id_str": "PIUS991"
                },
                "3255807728": {
                    "name": "320 mm/44 Model 1934 (OTO Model 1935 砲座)",
                    "next_modules": null,
                    "is_default": true,
                    "price_xp": 0,
                    "price_credit": 0,
                    "next_ships": null,
                    "module_id": 3255807728,
                    "type": "Artillery",
                    "module_id_str": "PIUA991"
                },
                "3255185136": {
                    "name": "533 mm Si 270",
                    "next_modules": null,
                    "is_default": true,
                    "price_xp": 0,
                    "price_credit": 0,
                    "next_ships": null,
                    "module_id": 3255185136,
                    "type": "Torpedoes",
                    "module_id_str": "PIUT991"
                }
            },
            "nation": "italy",
            "is_premium": false,
            "ship_id": 3550394096,
            "price_credit": 0,
            "default_profile": {
                "engine": {
                    "engine_id_str": "PIUE991",
                    "max_speed": 33.0,
                    "engine_id": 3255676656
                },
                "torpedo_bomber": null,
                "anti_aircraft": {
                    "slots": {
                        "0": {
                            "distance": -1.0,
                            "avg_damage": null,
                            "caliber": 20,
                            "name": "20 mm/70 Scotti Model 1941 (六連装砲座)",
                            "guns": 8
                        },
                        "1": {
                            "distance": -1.0,
                            "avg_damage": null,
                            "caliber": 37,
                            "name": "37 mm/54 Model 1938 (Model 1938 砲座)",
                            "guns": 12
                        },
                        "2": {
                            "distance": -1.0,
                            "avg_damage": null,
                            "caliber": 90,
                            "name": "90 mm/50 Model 1939 (連装砲座)",
                            "guns": 10
                        }
                    },
                    "defense": 74
                },
                "depth_charge": null,
                "mobility": {
                    "rudder_time": 12.4,
                    "total": 51,
                    "max_speed": 33.0,
                    "turning_radius": 830
                },
                "hull": {
                    "hull_id": 3255578352,
                    "hull_id_str": "PIUH991",
                    "torpedoes_barrels": 2,
                    "anti_aircraft_barrels": 30,
                    "range": {
                        "max": 255,
                        "min": 16
                    },
                    "health": 77100,
                    "planes_amount": null,
                    "artillery_barrels": 2,
                    "atba_barrels": 13
                },
                "atbas": {
                    "distance": 8.3
                },
                "artillery": {
                    "max_dispersion": 202,
                    "shells": {
                        "AP": {
                            "burn_probability": null,
                            "bullet_speed": 830,
                            "name": "320 mm proiettili AP mod.1",
                            "damage": 8300,
                            "bullet_mass": 416,
                            "type": "AP"
                        }
                    },
                    "shot_delay": 25.0,
                    "rotation_time": 24.0,
                    "distance": 18.4,
                    "artillery_id": 3255807728,
                    "artillery_id_str": "PIUA991",
                    "slots": {
                        "0": {
                            "barrels": 4,
                            "name": "320 mm/44 Model 1934 (OTO Model 1935 砲座)",
                            "guns": 2
                        }
                    },
                    "gun_rate": 2.4
                },
                "torpedoes": {
                    "visibility_dist": 1.7,
                    "distance": 8.0,
                    "torpedoes_id": 3255185136,
                    "torpedo_name": "533 mm Si 270",
                    "reload_time": 120,
                    "torpedo_speed": 72,
                    "rotation_time": 7.2,
                    "torpedoes_id_str": "PIUT991",
                    "slots": {
                        "0": {
                            "barrels": 3,
                            "caliber": 533,
                            "name": "533 mm tubo lanciasiluri",
                            "guns": 2
                        }
                    },
                    "max_damage": 20433
                },
                "fighters": null,
                "submarine_mobility": null,
                "fire_control": {
                    "fire_control_id": 3255217904,
                    "distance": 0.0,
                    "distance_increase": null,
                    "fire_control_id_str": "PIUS991"
                },
                "submarine_sonar": null,
                "battle_level_range_max": 11,
                "battle_level_range_min": 10,
                "flight_control": null,
                "submarine_battery": null,
                "concealment": {
                    "total": 45,
                    "detect_distance_by_plane": 10.0,
                    "detect_distance_by_submarine": 10.0,
                    "detect_distance_by_ship": 13.5
                },
                "armour": {
                    "casemate": {
                        "max": -1,
                        "min": -1
                    },
                    "deck": {
                        "max": -1,
                        "min": -1
                    },
                    "flood_damage": 22,
                    "range": {
                        "max": 255,
                        "min": 16
                    },
                    "health": 77100,
                    "extremities": {
                        "max": -1,
                        "min": -1
                    },
                    "total": 97,
                    "citadel": {
                        "max": -1,
                        "min": -1
                    }
                },
                "weaponry": {
                    "torpedoes": 18,
                    "aircraft": 0,
                    "artillery": 96,
                    "anti_aircraft": 74
                },
                "dive_bomber": null
            },
            "upgrades": [
                4262645680,
                4281520048,
                4273131440,
                4279422896,
                4261597104,
                4220702640,
                4265791408,
                4269985712,
                4267888560,
                4266839984,
                4268937136,
                4275228592,
                4259499952,
                4287811504,
                4257402800,
                4280471472
            ],
            "tier": 10,
            "next_ships": {},
            "mod_slots": 6,
            "type": "Cruiser",
            "is_special": false,
            "name": "Varese"
        }
    }
}