{
    "status": "ok",
    "meta": {
        "count": 1,
        "page_total": 1,
        "total": 1,
        "limit": 100,
        "page": 1
    },
    "data": {
        "4179539696": {
            "description": "1940 年代前半におけるイタリアの造船技術の粋を集めた、203 mm 砲を搭載する高速艦の計画案です。本案は、主砲の門数を 15 門に増やす形で重巡洋艦を発展させたものでした。これを具現化したのがこのヴェネツィアです。",
            "price_gold": 0,
            "ship_id_str": "PISC110",
            "has_demo_profile": false,
            "images": {
                "small": "https://wows-gloss-icons.wgcdn.co/icons/vehicle/small/PISC110_2d4334aeecca7ef0dcaf862a1e3717e890d0511e86941fb8ebee2220ba4f412d.png",
                "large": "https://wows-gloss-icons.wgcdn.co/icons/vehicle/large/PISC110_21411228d45f2c912b19c733df010de768004e741b1e3775c6c9e24d5fadd451.png",
                "medium": "https://wows-gloss-icons.wgcdn.co/icons/vehicle/medium/PISC110_ec598f064d9313daeaa9eed84bfef93505d13ec1a1c03f704960b554bb01bf57.png",
                "contour": "https://wows-gloss-icons.wgcdn.co/icons/vehicle/contour/PISC110_3922daa139e6187f8bcf3a7f5d43c41021947b4683f2f08d280336db2fda6d81.png"
            },
            "modules": {
                "engine": [
                    3348999920
                ],
                "torpedo_bomber": [],
                "fighter": [],
                "hull": [
                    3348901616
                ],
                "artillery": [
                    3349130992
                ],
                "torpedoes": [
                    3348508400
                ],
                "fire_control": [
                    3348541168
                ],
                "sonar": [],
                "flight_control": [],
                "dive_bomber": []
            },
            "modules_tree": {
                "3348999920": {
                    "name": "推力: 240,000 馬力",
                    "next_modules": null,
                    "is_default": true,
                    "price_xp": 0,
                    "price_credit": 1600000,
                    "next_ships": null,
                    "module_id": 3348999920,
                    "type": "Engine",
                    "module_id_str": "PIUE902"
                },
                "3348901616": {
                    "name": "Venezia",
                    "next_modules": null,
                    "is_default": true,
                    "price_xp": 0,
                    "price_credit": 2900000,
                    "next_ships": [
                        4178491120
                    ],
                    "module_id": 3348901616,
                    "type": "Hull",
                    "module_id_str": "PIUH902"
                },
                "3348541168": {
                    "name": "SDT 10 mod.1",
                    "next_modules": null,
                    "is_default": true,
                    "price_xp": 0,
                    "price_credit": 1800000,
                    "next_ships": null,
                    "module_id": 3348541168,
                    "type": "Suo",
                    "module_id_str": "PIUS902"
                },
                "3348508400": {
                    "name": "533 mm Si 270 N",
                    "next_modules": null,
                    "is_default": true,
                    "price_xp": 0,
                    "price_credit": 1600000,
                    "next_ships": null,
                    "module_id": 3348508400,
                    "type": "Torpedoes",
                    "module_id_str": "PIUT902"
                },
                "3349130992": {
                    "name": "203 mm/55 Model 1934 (砲塔)",
                    "next_modules": null,
                    "is_default": true,
                    "price_xp": 0,
                    "price_credit": 2000000,
                    "next_ships": null,
                    "module_id": 3349130992,
                    "type": "Artillery",
                    "module_id_str": "PIUA902"
                }
            },
            "nation": "italy",
            "is_premium": false,
            "ship_id": 4179539696,
            "price_credit": 19900000,
            "default_profile": {
                "engine": {
                    "engine_id_str": "PIUE902",
                    "max_speed": 36.6,
                    "engine_id": 3348999920
                },
                "torpedo_bomber": null,
                "anti_aircraft": {
                    "slots": {
                        "0": {
                            "distance": -1.0,
                            "avg_damage": null,
                            "caliber": 37,
                            "name": "37 mm/54 Breda Model 1939 (四連装砲座)",
                            "guns": 10
                        },
                        "1": {
                            "distance": -1.0,
                            "avg_damage": null,
                            "caliber": 65,
                            "name": "65 mm/64 Model 1939 (連装砲座)",
                            "guns": 8
                        },
                        "2": {
                            "distance": -1.0,
                            "avg_damage": null,
                            "caliber": 90,
                            "name": "90 mm/50 Model 1939 (連装砲座)",
                            "guns": 12
                        }
                    },
                    "defense": 86
                },
                "depth_charge": null,
                "mobility": {
                    "rudder_time": 13.6,
                    "total": 58,
                    "max_speed": 36.6,
                    "turning_radius": 760
                },
                "hull": {
                    "hull_id": 3348901616,
                    "hull_id_str": "PIUH902",
                    "torpedoes_barrels": 2,
                    "anti_aircraft_barrels": 30,
                    "range": {
                        "max": 165,
                        "min": 6
                    },
                    "health": 51800,
                    "planes_amount": null,
                    "artillery_barrels": 5,
                    "atba_barrels": 12
                },
                "atbas": {
                    "distance": 7.3,
                    "slots": {
                        "0": {
                            "burn_probability": 5.0,
                            "bullet_speed": 860,
                            "name": "90 mm proiettili HE",
                            "shot_delay": 4.0,
                            "damage": 1300,
                            "bullet_mass": 10,
                            "type": "HE",
                            "gun_rate": 15.0
                        }
                    }
                },
                "artillery": {
                    "max_dispersion": 151,
                    "shells": {
                        "AP": {
                            "burn_probability": null,
                            "bullet_speed": 910,
                            "name": "203 mm proiettili AP 1924 mod.2",
                            "damage": 4800,
                            "bullet_mass": 125,
                            "type": "AP"
                        }
                    },
                    "shot_delay": 21.0,
                    "rotation_time": 25.7,
                    "distance": 17.1,
                    "artillery_id": 3349130992,
                    "artillery_id_str": "PIUA902",
                    "slots": {
                        "0": {
                            "barrels": 3,
                            "name": "203 mm/55 Model 1934 (砲塔)",
                            "guns": 5
                        }
                    },
                    "gun_rate": 2.9
                },
                "torpedoes": {
                    "visibility_dist": 1.1,
                    "distance": 13.5,
                    "torpedoes_id": 3348508400,
                    "torpedo_name": "533 mm Si 270 N",
                    "reload_time": 71,
                    "torpedo_speed": 56,
                    "rotation_time": 7.2,
                    "torpedoes_id_str": "PIUT902",
                    "slots": {
                        "0": {
                            "barrels": 3,
                            "caliber": 533,
                            "name": "533 mm tubo lanciasiluri",
                            "guns": 2
                        }
                    },
                    "max_damage": 13900
                },
                "fighters": null,
                "submarine_mobility": null,
                "fire_control": {
                    "fire_control_id": 3348541168,
                    "distance": 0.0,
                    "distance_increase": null,
                    "fire_control_id_str": "PIUS902"
                },
                "submarine_sonar": null,
                "battle_level_range_max": 11,
                "battle_level_range_min": 10,
                "flight_control": null,
                "submarine_battery": null,
                "concealment": {
                    "total": 37,
                    "detect_distance_by_plane": 9.9,
                    "detect_distance_by_submarine": 9.9,
                    "detect_distance_by_ship": 15.3
                },
                "armour": {
                    "casemate": {
                        "max": -1,
                        "min": -1
                    },
                    "deck": {
                        "max": -1,
                        "min": -1
                    },
                    "flood_damage": 28,
                    "range": {
                        "max": 165,
                        "min": 6
                    },
                    "health": 51800,
                    "extremities": {
                        "max": -1,
                        "min": -1
                    },
                    "total": 70,
                    "citadel": {
                        "max": -1,
                        "min": -1
                    }
                },
                "weaponry": {
                    "torpedoes": 19,
                    "aircraft": 0,
                    "artillery": 85,
                    "anti_aircraft": 86
                },
                "dive_bomber": null
            },
            "upgrades": [
                4268937136,
                4287811504,
                4281520048,
                4279422896,
                4261597104,
                4220702640,
                4265791408,
                4273131440,
                4269985712,
                4278374320,
                4262645680,
                4266839984,
                4275228592,
                4259499952,
                4267888560,
                4257402800,
                4280471472
            ],
            "tier": 10,
            "next_ships": {
                "4178491120": 0
            },
            "mod_slots": 6,
            "type": "Cruiser",
            "is_special": false,
            "name": "Venezia"
        }
    }
}