{
    "status": "ok",
    "meta": {
        "count": 1,
        "page_total": 1,
        "total": 1,
        "limit": 100,
        "page": 1
    },
    "data": {
        "4181669616": {
            "description": "1920 年代の後半から 1930 年代の前半にかけ、イタリアでワシントン海軍軍縮条約の要件を満たす戦艦の設計が開始されました。その結果として、排水量 35,000 トンで、9 門の 381 mm 砲を搭載する艦級がまとめられました。そのリードシップであったヴィットリオ・ヴェネトは、1934 年に起工され 6 年後に就役しました。本艦は第二次世界大戦中に、地中海での各種の作戦、テウラダ岬沖海戦、マタパン岬沖海戦に参加し、イギリス艦隊に護衛されたマルタ船団を迎撃しました。",
            "price_gold": 0,
            "ship_id_str": "PISB108",
            "has_demo_profile": false,
            "images": {
                "small": "https://wows-gloss-icons.wgcdn.co/icons/vehicle/small/PISB108_0f808ef8d9d06b13bc524dfecb00f51b38c3be9d5b4ae95f6a26afbe61126300.png",
                "large": "https://wows-gloss-icons.wgcdn.co/icons/vehicle/large/PISB108_826d72ed573a08ea66bdfc74b8499353e67e4ac031b5aac608c21e36163559af.png",
                "medium": "https://wows-gloss-icons.wgcdn.co/icons/vehicle/medium/PISB108_0fe9c6f4b84594a5e2f6b15f7694f392c22a2f0a49ca4e7406e900b081ebe226.png",
                "contour": "https://wows-gloss-icons.wgcdn.co/icons/vehicle/contour/PISB108_6996e5d088df61305057b1f612b9c34c5f581a7dc6209104140c533ed24c4d7b.png"
            },
            "modules": {
                "engine": [
                    3554520816
                ],
                "torpedo_bomber": [],
                "fighter": [],
                "hull": [
                    3554422512,
                    3553373936
                ],
                "artillery": [
                    3554651888
                ],
                "torpedoes": [],
                "fire_control": [
                    3554062064,
                    3553013488
                ],
                "sonar": [],
                "flight_control": [],
                "dive_bomber": []
            },
            "modules_tree": {
                "3553373936": {
                    "name": "Vittorio Veneto (B)",
                    "next_modules": null,
                    "is_default": false,
                    "price_xp": 45000,
                    "price_credit": 3900000,
                    "next_ships": [
                        4180621040
                    ],
                    "module_id": 3553373936,
                    "type": "Hull",
                    "module_id_str": "PIUH707"
                },
                "3554520816": {
                    "name": "推力: 130,000 馬力",
                    "next_modules": null,
                    "is_default": true,
                    "price_xp": 0,
                    "price_credit": 800000,
                    "next_ships": null,
                    "module_id": 3554520816,
                    "type": "Engine",
                    "module_id_str": "PIUE706"
                },
                "3554422512": {
                    "name": "Vittorio Veneto (A)",
                    "next_modules": [
                        3553373936
                    ],
                    "is_default": true,
                    "price_xp": 0,
                    "price_credit": 1200000,
                    "next_ships": null,
                    "module_id": 3554422512,
                    "type": "Hull",
                    "module_id_str": "PIUH706"
                },
                "3553013488": {
                    "name": "SDT 8 mod.2",
                    "next_modules": null,
                    "is_default": false,
                    "price_xp": 30000,
                    "price_credit": 2600000,
                    "next_ships": null,
                    "module_id": 3553013488,
                    "type": "Suo",
                    "module_id_str": "PIUS707"
                },
                "3554651888": {
                    "name": "381 mm/50 Model 1934 (Model 1934 砲座)",
                    "next_modules": null,
                    "is_default": true,
                    "price_xp": 0,
                    "price_credit": 800000,
                    "next_ships": null,
                    "module_id": 3554651888,
                    "type": "Artillery",
                    "module_id_str": "PIUA706"
                },
                "3554062064": {
                    "name": "SDT 8 mod.1",
                    "next_modules": [
                        3553013488
                    ],
                    "is_default": true,
                    "price_xp": 0,
                    "price_credit": 800000,
                    "next_ships": null,
                    "module_id": 3554062064,
                    "type": "Suo",
                    "module_id_str": "PIUS706"
                }
            },
            "nation": "italy",
            "is_premium": false,
            "ship_id": 4181669616,
            "price_credit": 11000000,
            "default_profile": {
                "engine": {
                    "engine_id_str": "PIUE706",
                    "max_speed": 30.0,
                    "engine_id": 3554520816
                },
                "torpedo_bomber": null,
                "anti_aircraft": {
                    "slots": {
                        "0": {
                            "distance": -1.0,
                            "avg_damage": null,
                            "caliber": 20,
                            "name": "20 mm/65 Breda Model 1935 (Model 1935 砲座)",
                            "guns": 8
                        },
                        "1": {
                            "distance": -1.0,
                            "avg_damage": null,
                            "caliber": 37,
                            "name": "37 mm/54 Breda Model 1939 (Model RM1939 砲座)",
                            "guns": 4
                        },
                        "2": {
                            "distance": -1.0,
                            "avg_damage": null,
                            "caliber": 37,
                            "name": "37 mm/54 Model 1938 (Model 1938 砲座)",
                            "guns": 8
                        },
                        "3": {
                            "distance": -1.0,
                            "avg_damage": null,
                            "caliber": 90,
                            "name": "90 mm/50 Model 1939 (砲塔)",
                            "guns": 12
                        }
                    },
                    "defense": 63
                },
                "depth_charge": null,
                "mobility": {
                    "rudder_time": 20.2,
                    "total": 39,
                    "max_speed": 30.0,
                    "turning_radius": 810
                },
                "hull": {
                    "hull_id": 3554422512,
                    "hull_id_str": "PIUH706",
                    "torpedoes_barrels": 0,
                    "anti_aircraft_barrels": 32,
                    "range": {
                        "max": 380,
                        "min": 19
                    },
                    "health": 59300,
                    "planes_amount": null,
                    "artillery_barrels": 3,
                    "atba_barrels": 16
                },
                "atbas": {
                    "distance": 6.6,
                    "slots": {
                        "0": {
                            "burn_probability": 7.0,
                            "bullet_speed": 950,
                            "name": "152 mm proiettili HE",
                            "shot_delay": 8.0,
                            "damage": 2100,
                            "bullet_mass": 44,
                            "type": "HE",
                            "gun_rate": 7.5
                        },
                        "1": {
                            "burn_probability": 5.0,
                            "bullet_speed": 860,
                            "name": "90 mm proiettili HE",
                            "shot_delay": 4.0,
                            "damage": 1300,
                            "bullet_mass": 10,
                            "type": "HE",
                            "gun_rate": 15.0
                        }
                    }
                },
                "artillery": {
                    "max_dispersion": 227,
                    "shells": {
                        "AP": {
                            "burn_probability": null,
                            "bullet_speed": 850,
                            "name": "381 mm proiettili AP",
                            "damage": 12000,
                            "bullet_mass": 885,
                            "type": "AP"
                        }
                    },
                    "shot_delay": 34.0,
                    "rotation_time": 30.0,
                    "distance": 16.5,
                    "artillery_id": 3554651888,
                    "artillery_id_str": "PIUA706",
                    "slots": {
                        "0": {
                            "barrels": 3,
                            "name": "381 mm/50 Model 1934 (Model 1934 砲座)",
                            "guns": 3
                        }
                    },
                    "gun_rate": 1.8
                },
                "torpedoes": null,
                "fighters": null,
                "submarine_mobility": null,
                "fire_control": {
                    "fire_control_id": 3554062064,
                    "distance": 0.0,
                    "distance_increase": null,
                    "fire_control_id_str": "PIUS706"
                },
                "submarine_sonar": null,
                "battle_level_range_max": 10,
                "battle_level_range_min": 8,
                "flight_control": null,
                "submarine_battery": null,
                "concealment": {
                    "total": 35,
                    "detect_distance_by_plane": 10.0,
                    "detect_distance_by_submarine": 10.0,
                    "detect_distance_by_ship": 15.8
                },
                "armour": {
                    "casemate": {
                        "max": -1,
                        "min": -1
                    },
                    "deck": {
                        "max": -1,
                        "min": -1
                    },
                    "flood_damage": 38,
                    "range": {
                        "max": 380,
                        "min": 19
                    },
                    "health": 59300,
                    "extremities": {
                        "max": -1,
                        "min": -1
                    },
                    "total": 74,
                    "citadel": {
                        "max": -1,
                        "min": -1
                    }
                },
                "weaponry": {
                    "torpedoes": 0,
                    "aircraft": 0,
                    "artillery": 92,
                    "anti_aircraft": 63
                },
                "dive_bomber": null
            },
            "upgrades": [
                4273131440,
                4266839984,
                4265791408,
                4259499952,
                4261597104,
                4262645680,
                4268937136,
                4287811504,
                4267888560,
                4275228592,
                4269985712,
                4281520048
            ],
            "tier": 8,
            "next_ships": {
                "4180621040": 180000
            },
            "mod_slots": 5,
            "type": "Battleship",
            "is_special": false,
            "name": "Vittorio Veneto"
        }
    }
}