{
    "status": "ok",
    "meta": {
        "count": 1,
        "page_total": 1,
        "total": 1,
        "limit": 100,
        "page": 1
    },
    "data": {
        "4181669328": {
            "description": "1935 年、新たな国際的課題により、ソ連の造船政策は近代的な大型軍艦 (バルト海向けの戦艦と太平洋向けの巡洋艦) の開発に向けられました。この新しい戦艦は、3 基の砲塔に 9 門の 406 mm 主砲、6 基の砲塔に 12 門の 152 mm 副砲、厚さ 380 mm の装甲帯、および少なくとも 30 ノットの速力を備える計画されていました。それを具現化したのがこのヴラジヴォストクです。1937 年に、その防御と武装を強化することにより、計画を改善し続けることが決定されました。その後、計画はソヴィエツキー・ソユーズ級戦艦という形でまとめられました。",
            "price_gold": 0,
            "ship_id_str": "PRSB108",
            "has_demo_profile": false,
            "images": {
                "small": "https://wows-gloss-icons.wgcdn.co/icons/vehicle/small/PRSB108_1cbde9121cc80de369459bef0bd5e1b4c8670633c83557b90b8df5e19b582d1e.png",
                "large": "https://wows-gloss-icons.wgcdn.co/icons/vehicle/large/PRSB108_80880fb1062086f5697fd8e65c96e89d78d7be6d5baa91dca9d15d5fb4a5764b.png",
                "medium": "https://wows-gloss-icons.wgcdn.co/icons/vehicle/medium/PRSB108_83c5c8dacfcb377f2e810ba332c3bdd29b10998a46182a532862e9392b51185f.png",
                "contour": "https://wows-gloss-icons.wgcdn.co/icons/vehicle/contour/PRSB108_b5b9af4b8fa56ca16497c4368a262805a4f4ce535018dbc7da036594fde47f63.png"
            },
            "modules": {
                "engine": [
                    3555569104
                ],
                "torpedo_bomber": [],
                "fighter": [],
                "hull": [
                    3551276496,
                    3552325072
                ],
                "artillery": [
                    3557797328
                ],
                "torpedoes": [],
                "fire_control": [
                    3556158928,
                    3555110352
                ],
                "sonar": [],
                "flight_control": [],
                "dive_bomber": []
            },
            "modules_tree": {
                "3552325072": {
                    "name": "Vladivostok (A)",
                    "next_modules": [
                        3551276496
                    ],
                    "is_default": true,
                    "price_xp": 0,
                    "price_credit": 1650000,
                    "next_ships": null,
                    "module_id": 3552325072,
                    "type": "Hull",
                    "module_id_str": "PRUH708"
                },
                "3555569104": {
                    "name": "推力: 201,000 馬力",
                    "next_modules": null,
                    "is_default": true,
                    "price_xp": 0,
                    "price_credit": 380000,
                    "next_ships": null,
                    "module_id": 3555569104,
                    "type": "Engine",
                    "module_id_str": "PRUE705"
                },
                "3551276496": {
                    "name": "Vladivostok (B)",
                    "next_modules": null,
                    "is_default": false,
                    "price_xp": 52000,
                    "price_credit": 3900000,
                    "next_ships": [
                        4180620752
                    ],
                    "module_id": 3551276496,
                    "type": "Hull",
                    "module_id_str": "PRUH709"
                },
                "3557797328": {
                    "name": "406 mm/45 Model 1915 (砲塔)",
                    "next_modules": null,
                    "is_default": true,
                    "price_xp": 0,
                    "price_credit": 1100000,
                    "next_ships": null,
                    "module_id": 3557797328,
                    "type": "Artillery",
                    "module_id_str": "PRUA703"
                },
                "3555110352": {
                    "name": "GFCS VIII mod. 2",
                    "next_modules": null,
                    "is_default": false,
                    "price_xp": 23500,
                    "price_credit": 1500000,
                    "next_ships": null,
                    "module_id": 3555110352,
                    "type": "Suo",
                    "module_id_str": "PRUS705"
                },
                "3556158928": {
                    "name": "GFCS VIII mod. 1",
                    "next_modules": [
                        3555110352
                    ],
                    "is_default": true,
                    "price_xp": 0,
                    "price_credit": 600000,
                    "next_ships": null,
                    "module_id": 3556158928,
                    "type": "Suo",
                    "module_id_str": "PRUS704"
                }
            },
            "nation": "ussr",
            "is_premium": false,
            "ship_id": 4181669328,
            "price_credit": 11000000,
            "default_profile": {
                "engine": {
                    "engine_id_str": "PRUE705",
                    "max_speed": 29.0,
                    "engine_id": 3555569104
                },
                "torpedo_bomber": null,
                "anti_aircraft": {
                    "slots": {
                        "0": {
                            "distance": -1.0,
                            "avg_damage": null,
                            "caliber": 37,
                            "name": "37 mm 46-K 砲座",
                            "guns": 10
                        },
                        "1": {
                            "distance": -1.0,
                            "avg_damage": null,
                            "caliber": 100,
                            "name": "100 mm/56 (B-54 砲座)",
                            "guns": 6
                        }
                    },
                    "defense": 57
                },
                "depth_charge": null,
                "mobility": {
                    "rudder_time": 19.2,
                    "total": 36,
                    "max_speed": 29.0,
                    "turning_radius": 950
                },
                "hull": {
                    "hull_id": 3552325072,
                    "hull_id_str": "PRUH708",
                    "torpedoes_barrels": 0,
                    "anti_aircraft_barrels": 16,
                    "range": {
                        "max": 425,
                        "min": 19
                    },
                    "health": 67500,
                    "planes_amount": null,
                    "artillery_barrels": 3,
                    "atba_barrels": 12
                },
                "atbas": {
                    "distance": 6.6,
                    "slots": {
                        "0": {
                            "burn_probability": 12.0,
                            "bullet_speed": 950,
                            "name": "OFU-35",
                            "shot_delay": 8.0,
                            "damage": 2200,
                            "bullet_mass": 55,
                            "type": "HE",
                            "gun_rate": 7.5
                        },
                        "1": {
                            "burn_probability": 6.0,
                            "bullet_speed": 895,
                            "name": "HE-56",
                            "shot_delay": 3.8,
                            "damage": 1400,
                            "bullet_mass": 16,
                            "type": "HE",
                            "gun_rate": 16.0
                        }
                    }
                },
                "artillery": {
                    "max_dispersion": 227,
                    "shells": {
                        "AP": {
                            "burn_probability": null,
                            "bullet_speed": 793,
                            "name": "406 mm AP Model 1928",
                            "damage": 13100,
                            "bullet_mass": 1116,
                            "type": "AP"
                        },
                        "HE": {
                            "burn_probability": 41.0,
                            "bullet_speed": 793,
                            "name": "406 mm HE Model 1928",
                            "damage": 5850,
                            "bullet_mass": 1116,
                            "type": "HE"
                        }
                    },
                    "shot_delay": 33.0,
                    "rotation_time": 45.0,
                    "distance": 16.3,
                    "artillery_id": 3557797328,
                    "artillery_id_str": "PRUA703",
                    "slots": {
                        "0": {
                            "barrels": 3,
                            "name": "406 mm/45 Model 1915 (砲塔)",
                            "guns": 3
                        }
                    },
                    "gun_rate": 1.8
                },
                "torpedoes": null,
                "fighters": null,
                "submarine_mobility": null,
                "fire_control": {
                    "fire_control_id": 3556158928,
                    "distance": 0.0,
                    "distance_increase": null,
                    "fire_control_id_str": "PRUS704"
                },
                "submarine_sonar": null,
                "battle_level_range_max": 10,
                "battle_level_range_min": 8,
                "flight_control": null,
                "submarine_battery": null,
                "concealment": {
                    "total": 36,
                    "detect_distance_by_plane": 10.0,
                    "detect_distance_by_submarine": 10.0,
                    "detect_distance_by_ship": 15.4
                },
                "armour": {
                    "casemate": {
                        "max": -1,
                        "min": -1
                    },
                    "deck": {
                        "max": -1,
                        "min": -1
                    },
                    "flood_damage": 21,
                    "range": {
                        "max": 425,
                        "min": 19
                    },
                    "health": 67500,
                    "extremities": {
                        "max": -1,
                        "min": -1
                    },
                    "total": 83,
                    "citadel": {
                        "max": -1,
                        "min": -1
                    }
                },
                "weaponry": {
                    "torpedoes": 0,
                    "aircraft": 0,
                    "artillery": 81,
                    "anti_aircraft": 57
                },
                "dive_bomber": null
            },
            "upgrades": [
                4273131440,
                4266839984,
                4259499952,
                4261597104,
                4262645680,
                4265791408,
                4287811504,
                4268937136,
                4267888560,
                4275228592,
                4269985712,
                4281520048
            ],
            "tier": 8,
            "next_ships": {
                "4180620752": 180000
            },
            "mod_slots": 5,
            "type": "Battleship",
            "is_special": false,
            "name": "Vladivostok"
        }
    }
}