{
    "status": "ok",
    "meta": {
        "count": 1,
        "page_total": 1,
        "total": 1,
        "limit": 100,
        "page": 1
    },
    "data": {
        "3551442384": {
            "description": "1950 年代の前半に開発された「小型戦艦」の設計案で、主砲は艦首に集中配置された複数の大口径砲で構成されていました。これらの艦艇は、グループを組んで運用することで、本格的な戦艦に対抗できると期待されていました。",
            "price_gold": 19000,
            "ship_id_str": "PRSC709",
            "has_demo_profile": false,
            "images": {
                "small": "https://wows-gloss-icons.wgcdn.co/icons/vehicle/small/PRSC709_13dcb026b088630e1170a114c49cab705a2d0b282edc477e957e2b9c0ba7df44.png",
                "large": "https://wows-gloss-icons.wgcdn.co/icons/vehicle/large/PRSC709_fb06be7060eece4995317b1868a24b69b246c89a421060c5e227b1c5a92d5d52.png",
                "medium": "https://wows-gloss-icons.wgcdn.co/icons/vehicle/medium/PRSC709_82f765ae3fd98490fcf48aeb796b13499891bd1756fb94a2940ba5d26827c7a1.png",
                "contour": "https://wows-gloss-icons.wgcdn.co/icons/vehicle/contour/PRSC709_f71bc2af6a882a9aa611a16157efec24a65838670ef07b4329ae14c8f79ba074.png"
            },
            "modules": {
                "engine": [
                    3352145360
                ],
                "torpedo_bomber": [],
                "fighter": [],
                "hull": [
                    3352047056
                ],
                "artillery": [
                    3352276432
                ],
                "torpedoes": [],
                "fire_control": [
                    3351686608
                ],
                "sonar": [],
                "flight_control": [],
                "dive_bomber": []
            },
            "modules_tree": {
                "3352145360": {
                    "name": "推力: 210,000 馬力",
                    "next_modules": null,
                    "is_default": true,
                    "price_xp": 0,
                    "price_credit": 0,
                    "next_ships": null,
                    "module_id": 3352145360,
                    "type": "Engine",
                    "module_id_str": "PRUE899"
                },
                "3352047056": {
                    "name": "Vyazma",
                    "next_modules": null,
                    "is_default": true,
                    "price_xp": 0,
                    "price_credit": 0,
                    "next_ships": null,
                    "module_id": 3352047056,
                    "type": "Hull",
                    "module_id_str": "PRUH899"
                },
                "3351686608": {
                    "name": "GFCS IX mod. 1",
                    "next_modules": null,
                    "is_default": true,
                    "price_xp": 0,
                    "price_credit": 0,
                    "next_ships": null,
                    "module_id": 3351686608,
                    "type": "Suo",
                    "module_id_str": "PRUS899"
                },
                "3352276432": {
                    "name": "406 mm/50 B-37 (MK-1 砲座)",
                    "next_modules": null,
                    "is_default": true,
                    "price_xp": 0,
                    "price_credit": 0,
                    "next_ships": null,
                    "module_id": 3352276432,
                    "type": "Artillery",
                    "module_id_str": "PRUA899"
                }
            },
            "nation": "ussr",
            "is_premium": false,
            "ship_id": 3551442384,
            "price_credit": 0,
            "default_profile": {
                "engine": {
                    "engine_id_str": "PRUE899",
                    "max_speed": 31.6,
                    "engine_id": 3352145360
                },
                "torpedo_bomber": null,
                "anti_aircraft": {
                    "slots": {
                        "0": {
                            "distance": -1.0,
                            "avg_damage": null,
                            "caliber": 25,
                            "name": "25 mm 110-PM (4M-120 砲座)",
                            "guns": 12
                        },
                        "1": {
                            "distance": -1.0,
                            "avg_damage": null,
                            "caliber": 57,
                            "name": "57 mm ZIF-31B 砲座",
                            "guns": 12
                        },
                        "2": {
                            "distance": -1.0,
                            "avg_damage": null,
                            "caliber": 180,
                            "name": "180 mm/65 SM-45 (SM-48 砲座)",
                            "guns": 2
                        }
                    },
                    "defense": 81
                },
                "depth_charge": null,
                "mobility": {
                    "rudder_time": 12.8,
                    "total": 44,
                    "max_speed": 31.6,
                    "turning_radius": 1060
                },
                "hull": {
                    "hull_id": 3352047056,
                    "hull_id_str": "PRUH899",
                    "torpedoes_barrels": 0,
                    "anti_aircraft_barrels": 26,
                    "range": {
                        "max": 495,
                        "min": 18
                    },
                    "health": 64200,
                    "planes_amount": null,
                    "artillery_barrels": 2,
                    "atba_barrels": 2
                },
                "atbas": {
                    "distance": 7.0,
                    "slots": {
                        "0": {
                            "burn_probability": 13.0,
                            "bullet_speed": 1000,
                            "name": "HE-32",
                            "shot_delay": 6.0,
                            "damage": 2500,
                            "bullet_mass": 98,
                            "type": "HE",
                            "gun_rate": 10.0
                        }
                    }
                },
                "artillery": {
                    "max_dispersion": 266,
                    "shells": {
                        "AP": {
                            "burn_probability": null,
                            "bullet_speed": 830,
                            "name": "406 mm AP Model 1936",
                            "damage": 13250,
                            "bullet_mass": 1108,
                            "type": "AP"
                        },
                        "HE": {
                            "burn_probability": 40.0,
                            "bullet_speed": 830,
                            "name": "406 mm HE Model 1936",
                            "damage": 5800,
                            "bullet_mass": 1108,
                            "type": "HE"
                        }
                    },
                    "shot_delay": 33.0,
                    "rotation_time": 25.7,
                    "distance": 20.9,
                    "artillery_id": 3352276432,
                    "artillery_id_str": "PRUA899",
                    "slots": {
                        "0": {
                            "barrels": 3,
                            "name": "406 mm/50 B-37 (MK-1 砲座)",
                            "guns": 2
                        }
                    },
                    "gun_rate": 1.8
                },
                "torpedoes": null,
                "fighters": null,
                "submarine_mobility": null,
                "fire_control": {
                    "fire_control_id": 3351686608,
                    "distance": 0.0,
                    "distance_increase": null,
                    "fire_control_id_str": "PRUS899"
                },
                "submarine_sonar": null,
                "battle_level_range_max": 11,
                "battle_level_range_min": 9,
                "flight_control": null,
                "submarine_battery": null,
                "concealment": {
                    "total": 29,
                    "detect_distance_by_plane": 10.0,
                    "detect_distance_by_submarine": 10.0,
                    "detect_distance_by_ship": 16.9
                },
                "armour": {
                    "casemate": {
                        "max": -1,
                        "min": -1
                    },
                    "deck": {
                        "max": -1,
                        "min": -1
                    },
                    "flood_damage": 24,
                    "range": {
                        "max": 495,
                        "min": 18
                    },
                    "health": 64200,
                    "extremities": {
                        "max": -1,
                        "min": -1
                    },
                    "total": 81,
                    "citadel": {
                        "max": -1,
                        "min": -1
                    }
                },
                "weaponry": {
                    "torpedoes": 0,
                    "aircraft": 0,
                    "artillery": 85,
                    "anti_aircraft": 81
                },
                "dive_bomber": null
            },
            "upgrades": [
                4273131440,
                4257402800,
                4261597104,
                4262645680,
                4287811504,
                4265791408,
                4266839984,
                4268937136,
                4267888560,
                4280471472,
                4275228592,
                4269985712,
                4281520048
            ],
            "tier": 9,
            "next_ships": {},
            "mod_slots": 6,
            "type": "Cruiser",
            "is_special": false,
            "name": "Vyazma"
        }
    }
}