{
    "status": "ok",
    "meta": {
        "count": 1,
        "page_total": 1,
        "total": 1,
        "limit": 100,
        "page": 1
    },
    "data": {
        "4074682352": {
            "description": "アメリカは第二次世界大戦の初期に、航空爆弾による攻撃に耐えることができる装甲甲板を備えた巡洋艦の開発に取り組んでいました。この艦級には合計 6 基の連装砲塔が艦首側と船尾側に背負式に配置される予定でした。しかし、最大の脅威は「通常の」爆撃機ではなく、急降下爆撃機と誘導爆弾であることが間もなく明らかになりました。その結果として、装甲甲板を減厚することになりました。そして 1945 年 1 月に、本級のネームシップであるウースターが起工されました。本級は当初は 10 隻の建造が計画されていましたが、第二次世界大戦が終わりに近づいていたため、実際に竣工したのは 2 隻だけでした。",
            "price_gold": 0,
            "ship_id_str": "PASC210",
            "has_demo_profile": false,
            "images": {
                "small": "https://wows-gloss-icons.wgcdn.co/icons/vehicle/small/PASC210_9458d9cdb708b6e713ccd2e0ddc0b51381ddf3957c9c265f22e7af352ecac785.png",
                "large": "https://wows-gloss-icons.wgcdn.co/icons/vehicle/large/PASC210_213441d204a03dc87729c2bd1d73efcf3af1ccafb658b1da678eabe3b990dd01.png",
                "medium": "https://wows-gloss-icons.wgcdn.co/icons/vehicle/medium/PASC210_f6f8a7492e7a6c7a78d7e0d181b2e8b0bf9845b8d394f7795f320e0405e5e5d1.png",
                "contour": "https://wows-gloss-icons.wgcdn.co/icons/vehicle/contour/PASC210_1083b51009482629939b29be7fe6789ea1fc1150e9e6a74e3f4ec56acab16082.png"
            },
            "modules": {
                "engine": [
                    3345854448
                ],
                "torpedo_bomber": [],
                "fighter": [],
                "hull": [
                    3347853296
                ],
                "artillery": [
                    3347034096
                ],
                "torpedoes": [],
                "fire_control": [
                    3346444272
                ],
                "sonar": [],
                "flight_control": [],
                "dive_bomber": []
            },
            "modules_tree": {
                "3346444272": {
                    "name": "Mk10 mod. 1",
                    "next_modules": null,
                    "is_default": true,
                    "price_xp": 0,
                    "price_credit": 2100000,
                    "next_ships": null,
                    "module_id": 3346444272,
                    "type": "Suo",
                    "module_id_str": "PAUS904"
                },
                "3345854448": {
                    "name": "推力: 120,000 馬力",
                    "next_modules": null,
                    "is_default": true,
                    "price_xp": 0,
                    "price_credit": 1600000,
                    "next_ships": null,
                    "module_id": 3345854448,
                    "type": "Engine",
                    "module_id_str": "PAUE905"
                },
                "3347034096": {
                    "name": "152 mm/47 DP Mk.16 (砲塔)",
                    "next_modules": null,
                    "is_default": true,
                    "price_xp": 0,
                    "price_credit": 2000000,
                    "next_ships": null,
                    "module_id": 3347034096,
                    "type": "Artillery",
                    "module_id_str": "PAUA904"
                },
                "3347853296": {
                    "name": "Worcester",
                    "next_modules": null,
                    "is_default": true,
                    "price_xp": 0,
                    "price_credit": 2600000,
                    "next_ships": [
                        4283348976
                    ],
                    "module_id": 3347853296,
                    "type": "Hull",
                    "module_id_str": "PAUH903"
                }
            },
            "nation": "usa",
            "is_premium": false,
            "ship_id": 4074682352,
            "price_credit": 19900000,
            "default_profile": {
                "engine": {
                    "engine_id_str": "PAUE905",
                    "max_speed": 33.0,
                    "engine_id": 3345854448
                },
                "torpedo_bomber": null,
                "anti_aircraft": {
                    "slots": {
                        "0": {
                            "distance": -1.0,
                            "avg_damage": null,
                            "caliber": 20,
                            "name": "20 mm Oerlikon (Mk.20 砲座)",
                            "guns": 12
                        },
                        "1": {
                            "distance": -1.0,
                            "avg_damage": null,
                            "caliber": 76,
                            "name": "76.2 mm/50 Mk.22 (Mk.34 砲座)",
                            "guns": 2
                        },
                        "2": {
                            "distance": -1.0,
                            "avg_damage": null,
                            "caliber": 76,
                            "name": "76.2 mm/50 Mk.22 (Mk.33 砲座)",
                            "guns": 11
                        },
                        "3": {
                            "distance": -1.0,
                            "avg_damage": null,
                            "caliber": 152,
                            "name": "152 mm/47 DP Mk.16 (砲塔)",
                            "guns": 6
                        }
                    },
                    "defense": 91
                },
                "depth_charge": null,
                "mobility": {
                    "rudder_time": 8.1,
                    "total": 55,
                    "max_speed": 33.0,
                    "turning_radius": 740
                },
                "hull": {
                    "hull_id": 3347853296,
                    "hull_id_str": "PAUH903",
                    "torpedoes_barrels": 0,
                    "anti_aircraft_barrels": 31,
                    "range": {
                        "max": 127,
                        "min": 6
                    },
                    "health": 45400,
                    "planes_amount": null,
                    "artillery_barrels": 6,
                    "atba_barrels": 0
                },
                "atbas": {
                    "distance": 0.0
                },
                "artillery": {
                    "max_dispersion": 148,
                    "shells": {
                        "AP": {
                            "burn_probability": null,
                            "bullet_speed": 762,
                            "name": "152 mm AP 130 lb Mk35",
                            "damage": 3200,
                            "bullet_mass": 59,
                            "type": "AP"
                        },
                        "HE": {
                            "burn_probability": 12.0,
                            "bullet_speed": 812,
                            "name": "152 mm HE Mk39",
                            "damage": 2200,
                            "bullet_mass": 48,
                            "type": "HE"
                        }
                    },
                    "shot_delay": 4.0,
                    "rotation_time": 7.2,
                    "distance": 16.7,
                    "artillery_id": 3347034096,
                    "artillery_id_str": "PAUA904",
                    "slots": {
                        "0": {
                            "barrels": 2,
                            "name": "152 mm/47 DP Mk.16 (砲塔)",
                            "guns": 6
                        }
                    },
                    "gun_rate": 13.0
                },
                "torpedoes": null,
                "fighters": null,
                "submarine_mobility": null,
                "fire_control": {
                    "fire_control_id": 3346444272,
                    "distance": 0.0,
                    "distance_increase": null,
                    "fire_control_id_str": "PAUS904"
                },
                "submarine_sonar": null,
                "battle_level_range_max": 11,
                "battle_level_range_min": 10,
                "flight_control": null,
                "submarine_battery": null,
                "concealment": {
                    "total": 55,
                    "detect_distance_by_plane": 8.5,
                    "detect_distance_by_submarine": 8.5,
                    "detect_distance_by_ship": 12.1
                },
                "armour": {
                    "casemate": {
                        "max": -1,
                        "min": -1
                    },
                    "deck": {
                        "max": -1,
                        "min": -1
                    },
                    "flood_damage": 19,
                    "range": {
                        "max": 127,
                        "min": 6
                    },
                    "health": 45400,
                    "extremities": {
                        "max": -1,
                        "min": -1
                    },
                    "total": 63,
                    "citadel": {
                        "max": -1,
                        "min": -1
                    }
                },
                "weaponry": {
                    "torpedoes": 0,
                    "aircraft": 0,
                    "artillery": 77,
                    "anti_aircraft": 91
                },
                "dive_bomber": null
            },
            "upgrades": [
                4287811504,
                4273131440,
                4265791408,
                4261597104,
                4269985712,
                4278374320,
                4262645680,
                4266839984,
                4268937136,
                4275228592,
                4259499952,
                4267888560,
                4257402800,
                4280471472
            ],
            "tier": 10,
            "next_ships": {
                "4283348976": 0
            },
            "mod_slots": 6,
            "type": "Cruiser",
            "is_special": false,
            "name": "Worcester"
        }
    }
}