{
    "status": "ok",
    "meta": {
        "count": 1,
        "page_total": 1,
        "total": 1,
        "limit": 100,
        "page": 1
    },
    "data": {
        "4181604144": {
            "description": "1934 型に続き、改良型の 1936 型が登場しました。そのサブタイプのひとつである 1936A 型は、「アトランティック・バウ」(大西洋艦首) と 150 mm 砲を採用していました。本級のリードシップである Z-23 は、1940 年に就役しました。本艦は、ノルウェー沿岸で、後にビスケー湾で船団を護衛しました。Z-23 は 1941 年にノルウェーに戻り、北極船団への攻撃や機雷原の敷設に従事しました。本艦は 1943 年に再びフランスに移されました。そして Z-23 はビスケー湾の戦いの最中にイギリス軍爆撃機による攻撃によって大破し、除籍されました。",
            "price_gold": 0,
            "ship_id_str": "PGSD108",
            "has_demo_profile": false,
            "images": {
                "small": "https://wows-gloss-icons.wgcdn.co/icons/vehicle/small/PGSD108_f7e5ea5d19de987be211bd72d27cafa3a5dacc748d5980cc724cb76e6839888d.png",
                "large": "https://wows-gloss-icons.wgcdn.co/icons/vehicle/large/PGSD108_b9bd5e8a8eddb23bef2e2c36e2f31da770fafef3b7343ceb7f35ba895ffd5a54.png",
                "medium": "https://wows-gloss-icons.wgcdn.co/icons/vehicle/medium/PGSD108_aa602d42d584311a62276bbd1ca6e4a6c5de80ec1cc9b4d209fe075744703bc0.png",
                "contour": "https://wows-gloss-icons.wgcdn.co/icons/vehicle/contour/PGSD108_2598943195c5a48144c10e76bc71943a387340ae5c3a765019bd13e435659ecd.png"
            },
            "modules": {
                "engine": [
                    3548229424
                ],
                "torpedo_bomber": [],
                "fighter": [],
                "hull": [
                    3557568304,
                    3556519728
                ],
                "artillery": [
                    3547311920
                ],
                "torpedoes": [
                    3556126512,
                    3557175088
                ],
                "fire_control": [
                    3557207856,
                    3556159280
                ],
                "sonar": [],
                "flight_control": [],
                "dive_bomber": []
            },
            "modules_tree": {
                "3547311920": {
                    "name": "128 mm/45 SK C/34 (MPLC/34 砲座)\n128 mm/45 SK C/41 (Drh LC/41 砲座)",
                    "next_modules": null,
                    "is_default": true,
                    "price_xp": 0,
                    "price_credit": 650000,
                    "next_ships": null,
                    "module_id": 3547311920,
                    "type": "Artillery",
                    "module_id_str": "PGUA713"
                },
                "3557175088": {
                    "name": "G7 Steinbarsch",
                    "next_modules": [
                        3556126512
                    ],
                    "is_default": true,
                    "price_xp": 0,
                    "price_credit": 800000,
                    "next_ships": null,
                    "module_id": 3557175088,
                    "type": "Torpedoes",
                    "module_id_str": "PGUT703"
                },
                "3556159280": {
                    "name": "FKS Typ 8 Mod. 2",
                    "next_modules": null,
                    "is_default": false,
                    "price_xp": 20000,
                    "price_credit": 1400000,
                    "next_ships": null,
                    "module_id": 3556159280,
                    "type": "Suo",
                    "module_id_str": "PGUS704"
                },
                "3557207856": {
                    "name": "FKS Typ 8 Mod. 1",
                    "next_modules": [
                        3556159280
                    ],
                    "is_default": true,
                    "price_xp": 0,
                    "price_credit": 400000,
                    "next_ships": null,
                    "module_id": 3557207856,
                    "type": "Suo",
                    "module_id_str": "PGUS703"
                },
                "3548229424": {
                    "name": "推力: 70,000 馬力",
                    "next_modules": null,
                    "is_default": true,
                    "price_xp": 0,
                    "price_credit": 635000,
                    "next_ships": null,
                    "module_id": 3548229424,
                    "type": "Engine",
                    "module_id_str": "PGUE712"
                },
                "3556126512": {
                    "name": "G7 Schildbutt",
                    "next_modules": null,
                    "is_default": false,
                    "price_xp": 16000,
                    "price_credit": 1300000,
                    "next_ships": null,
                    "module_id": 3556126512,
                    "type": "Torpedoes",
                    "module_id_str": "PGUT704"
                },
                "3556519728": {
                    "name": "Z-23 (B)",
                    "next_modules": null,
                    "is_default": false,
                    "price_xp": 26000,
                    "price_credit": 2200000,
                    "next_ships": [
                        4180555568
                    ],
                    "module_id": 3556519728,
                    "type": "Hull",
                    "module_id_str": "PGUH704"
                },
                "3557568304": {
                    "name": "Z-23 (A)",
                    "next_modules": [
                        3556519728
                    ],
                    "is_default": true,
                    "price_xp": 0,
                    "price_credit": 900000,
                    "next_ships": null,
                    "module_id": 3557568304,
                    "type": "Hull",
                    "module_id_str": "PGUH703"
                }
            },
            "nation": "germany",
            "is_premium": false,
            "ship_id": 4181604144,
            "price_credit": 8800000,
            "default_profile": {
                "engine": {
                    "engine_id_str": "PGUE712",
                    "max_speed": 37.0,
                    "engine_id": 3548229424
                },
                "torpedo_bomber": null,
                "anti_aircraft": {
                    "slots": {
                        "0": {
                            "distance": -1.0,
                            "avg_damage": null,
                            "caliber": 20,
                            "name": "20 mm/65 C/38 (L/30 単装砲座)",
                            "guns": 6
                        },
                        "1": {
                            "distance": -1.0,
                            "avg_damage": null,
                            "caliber": 37,
                            "name": "37 mm/83 SK C/30 (Dopp LC/30 砲座)",
                            "guns": 2
                        }
                    },
                    "defense": 25
                },
                "depth_charge": {
                    "num_bombs_in_pack": 12,
                    "bomb_max_damage": 2200,
                    "max_packs": 2,
                    "reload_time": 40.0
                },
                "mobility": {
                    "rudder_time": 6.3,
                    "total": 65,
                    "max_speed": 37.0,
                    "turning_radius": 680
                },
                "hull": {
                    "hull_id": 3557568304,
                    "hull_id_str": "PGUH703",
                    "torpedoes_barrels": 2,
                    "anti_aircraft_barrels": 8,
                    "range": {
                        "max": 20,
                        "min": 6
                    },
                    "health": 16700,
                    "planes_amount": null,
                    "artillery_barrels": 4,
                    "atba_barrels": 0
                },
                "atbas": {
                    "distance": 0.0
                },
                "artillery": {
                    "max_dispersion": 88,
                    "shells": {
                        "AP": {
                            "burn_probability": null,
                            "bullet_speed": 830,
                            "name": "128 mm P.Spr.Gr.",
                            "damage": 3000,
                            "bullet_mass": 28,
                            "type": "AP"
                        },
                        "HE": {
                            "burn_probability": 6.0,
                            "bullet_speed": 830,
                            "name": "128 mm Spr.Gr.",
                            "damage": 1500,
                            "bullet_mass": 28,
                            "type": "HE"
                        }
                    },
                    "shot_delay": 4.0,
                    "rotation_time": 22.5,
                    "distance": 9.9,
                    "artillery_id": 3547311920,
                    "artillery_id_str": "PGUA713",
                    "slots": {
                        "0": {
                            "barrels": 1,
                            "name": "128 mm/45 SK C/34 (MPLC/34 砲座)",
                            "guns": 4
                        }
                    },
                    "gun_rate": 15.0
                },
                "torpedoes": {
                    "visibility_dist": 1.3,
                    "distance": 8.5,
                    "torpedoes_id": 3557175088,
                    "torpedo_name": "G7 Steinbarsch",
                    "reload_time": 90,
                    "torpedo_speed": 65,
                    "rotation_time": 7.2,
                    "torpedoes_id_str": "PGUT703",
                    "slots": {
                        "0": {
                            "barrels": 4,
                            "caliber": 533,
                            "name": "533 mm Vierling",
                            "guns": 2
                        }
                    },
                    "max_damage": 14400
                },
                "fighters": null,
                "submarine_mobility": null,
                "fire_control": {
                    "fire_control_id": 3557207856,
                    "distance": 0.0,
                    "distance_increase": null,
                    "fire_control_id_str": "PGUS703"
                },
                "submarine_sonar": null,
                "battle_level_range_max": 10,
                "battle_level_range_min": 8,
                "flight_control": null,
                "submarine_battery": null,
                "concealment": {
                    "total": 86,
                    "detect_distance_by_plane": 3.5,
                    "detect_distance_by_submarine": 3.5,
                    "detect_distance_by_ship": 7.7
                },
                "armour": {
                    "casemate": {
                        "max": -1,
                        "min": -1
                    },
                    "deck": {
                        "max": -1,
                        "min": -1
                    },
                    "flood_damage": 0,
                    "range": {
                        "max": 20,
                        "min": 6
                    },
                    "health": 16700,
                    "extremities": {
                        "max": -1,
                        "min": -1
                    },
                    "total": 29,
                    "citadel": {
                        "max": -1,
                        "min": -1
                    }
                },
                "weaponry": {
                    "torpedoes": 21,
                    "aircraft": 0,
                    "artillery": 53,
                    "anti_aircraft": 25
                },
                "dive_bomber": null
            },
            "upgrades": [
                4265791408,
                4273131440,
                4257402800,
                4259499952,
                4261597104,
                4262645680,
                4287811504,
                4268937136,
                4266839984,
                4269985712,
                4267888560,
                4220702640,
                4275228592
            ],
            "tier": 8,
            "next_ships": {
                "4180555568": 150000
            },
            "mod_slots": 5,
            "type": "Destroyer",
            "is_special": false,
            "name": "Z-23"
        }
    }
}