{
    "status": "ok",
    "meta": {
        "count": 1,
        "page_total": 1,
        "total": 1,
        "limit": 100,
        "page": 1
    },
    "data": {
        "4182685424": {
            "description": "1928 年から 1929 年にかけての計画では、203 mm 砲を搭載したフランス巡洋艦に対抗するために、150 mm 装甲帯を備えた新型のザラ級巡洋艦を 4 隻建造することになりました。本級のリードシップであったザラは 1929 年に起工されました。その 3 年後に就役し、第 1 戦隊の旗艦になりました。本艦は、ドゥラスでイタリアの上陸部隊の援護を率いました。本艦は第二次世界大戦中にプンタ・スティーロ近郊での戦いに参加し、そこで誤って自国の空軍による攻撃を受けました。そしてマタパン岬付近の戦闘でイギリス軍の攻撃を受け、駆逐艦ジャーヴィスによって撃沈されました。",
            "price_gold": 0,
            "ship_id_str": "PISC107",
            "has_demo_profile": false,
            "images": {
                "small": "https://wows-gloss-icons.wgcdn.co/icons/vehicle/small/PISC107_7c363796b0c302099f695047effa66f39200f14447c80f473280596265cac47d.png",
                "large": "https://wows-gloss-icons.wgcdn.co/icons/vehicle/large/PISC107_93e472a3396afbd2948fb7f10a161e758fcdc5d5fa8677a4f79dbedeeeb27ba7.png",
                "medium": "https://wows-gloss-icons.wgcdn.co/icons/vehicle/medium/PISC107_41bd4e4dba82839653dd90f6236600bd65815ea5895a1d2ffd3997650db4a615.png",
                "contour": "https://wows-gloss-icons.wgcdn.co/icons/vehicle/contour/PISC107_85dbf5b8e007dba0d0f86438e87c037364ca8b694a74f86055bb2bb83ec68066.png"
            },
            "modules": {
                "engine": [
                    3662524144
                ],
                "torpedo_bomber": [],
                "fighter": [],
                "hull": [
                    3662425840,
                    3661377264
                ],
                "artillery": [
                    3662655216
                ],
                "torpedoes": [
                    3662032624
                ],
                "fire_control": [
                    3661016816,
                    3662065392
                ],
                "sonar": [],
                "flight_control": [],
                "dive_bomber": []
            },
            "modules_tree": {
                "3662425840": {
                    "name": "Zara (A)",
                    "next_modules": [
                        3661377264
                    ],
                    "is_default": true,
                    "price_xp": 0,
                    "price_credit": 610000,
                    "next_ships": null,
                    "module_id": 3662425840,
                    "type": "Hull",
                    "module_id_str": "PIUH603"
                },
                "3661377264": {
                    "name": "Zara (B)",
                    "next_modules": null,
                    "is_default": false,
                    "price_xp": 19500,
                    "price_credit": 1250000,
                    "next_ships": [
                        4181636848
                    ],
                    "module_id": 3661377264,
                    "type": "Hull",
                    "module_id_str": "PIUH604"
                },
                "3662524144": {
                    "name": "推力: 95,000 馬力",
                    "next_modules": null,
                    "is_default": true,
                    "price_xp": 0,
                    "price_credit": 390000,
                    "next_ships": null,
                    "module_id": 3662524144,
                    "type": "Engine",
                    "module_id_str": "PIUE603"
                },
                "3662065392": {
                    "name": "SDT 7 mod.1",
                    "next_modules": [
                        3661016816
                    ],
                    "is_default": true,
                    "price_xp": 0,
                    "price_credit": 400000,
                    "next_ships": null,
                    "module_id": 3662065392,
                    "type": "Suo",
                    "module_id_str": "PIUS603"
                },
                "3662655216": {
                    "name": "203 mm/53 Model 1927 (Model 1927 砲座)",
                    "next_modules": null,
                    "is_default": true,
                    "price_xp": 0,
                    "price_credit": 440000,
                    "next_ships": null,
                    "module_id": 3662655216,
                    "type": "Artillery",
                    "module_id_str": "PIUA603"
                },
                "3662032624": {
                    "name": "533 mm Si 270 M",
                    "next_modules": null,
                    "is_default": true,
                    "price_xp": 0,
                    "price_credit": 400000,
                    "next_ships": null,
                    "module_id": 3662032624,
                    "type": "Torpedoes",
                    "module_id_str": "PIUT603"
                },
                "3661016816": {
                    "name": "SDT 7 mod.2",
                    "next_modules": null,
                    "is_default": false,
                    "price_xp": 11500,
                    "price_credit": 770000,
                    "next_ships": null,
                    "module_id": 3661016816,
                    "type": "Suo",
                    "module_id_str": "PIUS604"
                }
            },
            "nation": "italy",
            "is_premium": false,
            "ship_id": 4182685424,
            "price_credit": 5700000,
            "default_profile": {
                "engine": {
                    "engine_id_str": "PIUE603",
                    "max_speed": 32.0,
                    "engine_id": 3662524144
                },
                "torpedo_bomber": null,
                "anti_aircraft": {
                    "slots": {
                        "0": {
                            "distance": -1.0,
                            "avg_damage": null,
                            "caliber": 13,
                            "name": "13.2 mm/76 Breda Model 1931 (連装銃座)",
                            "guns": 2
                        },
                        "1": {
                            "distance": -1.0,
                            "avg_damage": null,
                            "caliber": 20,
                            "name": "20 mm/65 Breda Model 1935 (Model 1935 砲座)",
                            "guns": 4
                        },
                        "2": {
                            "distance": -1.0,
                            "avg_damage": null,
                            "caliber": 37,
                            "name": "37 mm/54 Model 1938 (Model 1938 砲座)",
                            "guns": 4
                        },
                        "3": {
                            "distance": -1.0,
                            "avg_damage": null,
                            "caliber": 100,
                            "name": "100 mm/47 Model 1924/27/28 (Eugenio Minisini 砲座)",
                            "guns": 6
                        }
                    },
                    "defense": 48
                },
                "depth_charge": null,
                "mobility": {
                    "rudder_time": 13.7,
                    "total": 51,
                    "max_speed": 32.0,
                    "turning_radius": 580
                },
                "hull": {
                    "hull_id": 3662425840,
                    "hull_id_str": "PIUH603",
                    "torpedoes_barrels": 2,
                    "anti_aircraft_barrels": 16,
                    "range": {
                        "max": 150,
                        "min": 13
                    },
                    "health": 32700,
                    "planes_amount": null,
                    "artillery_barrels": 4,
                    "atba_barrels": 6
                },
                "atbas": {
                    "distance": 5.6,
                    "slots": {
                        "0": {
                            "burn_probability": 6.0,
                            "bullet_speed": 850,
                            "name": "100 mm proiettili HE",
                            "shot_delay": 6.0,
                            "damage": 1500,
                            "bullet_mass": 14,
                            "type": "HE",
                            "gun_rate": 10.0
                        }
                    }
                },
                "artillery": {
                    "max_dispersion": 134,
                    "shells": {
                        "AP": {
                            "burn_probability": null,
                            "bullet_speed": 900,
                            "name": "203 mm proiettili AP 1927",
                            "damage": 4800,
                            "bullet_mass": 125,
                            "type": "AP"
                        }
                    },
                    "shot_delay": 14.0,
                    "rotation_time": 25.7,
                    "distance": 14.7,
                    "artillery_id": 3662655216,
                    "artillery_id_str": "PIUA603",
                    "slots": {
                        "0": {
                            "barrels": 2,
                            "name": "203 mm/53 Model 1927 (Model 1927 砲座)",
                            "guns": 4
                        }
                    },
                    "gun_rate": 4.1
                },
                "torpedoes": {
                    "visibility_dist": 1.0,
                    "distance": 12.0,
                    "torpedoes_id": 3662032624,
                    "torpedo_name": "533 mm Si 270 M",
                    "reload_time": 71,
                    "torpedo_speed": 51,
                    "rotation_time": 7.2,
                    "torpedoes_id_str": "PIUT603",
                    "slots": {
                        "0": {
                            "barrels": 3,
                            "caliber": 533,
                            "name": "533 mm tubo lanciasiluri",
                            "guns": 2
                        }
                    },
                    "max_damage": 12666
                },
                "fighters": null,
                "submarine_mobility": null,
                "fire_control": {
                    "fire_control_id": 3662065392,
                    "distance": 0.0,
                    "distance_increase": null,
                    "fire_control_id_str": "PIUS603"
                },
                "submarine_sonar": null,
                "battle_level_range_max": 9,
                "battle_level_range_min": 7,
                "flight_control": null,
                "submarine_battery": null,
                "concealment": {
                    "total": 52,
                    "detect_distance_by_plane": 7.0,
                    "detect_distance_by_submarine": 7.0,
                    "detect_distance_by_ship": 13.5
                },
                "armour": {
                    "casemate": {
                        "max": -1,
                        "min": -1
                    },
                    "deck": {
                        "max": -1,
                        "min": -1
                    },
                    "flood_damage": 19,
                    "range": {
                        "max": 150,
                        "min": 13
                    },
                    "health": 32700,
                    "extremities": {
                        "max": -1,
                        "min": -1
                    },
                    "total": 44,
                    "citadel": {
                        "max": -1,
                        "min": -1
                    }
                },
                "weaponry": {
                    "torpedoes": 15,
                    "aircraft": 0,
                    "artillery": 84,
                    "anti_aircraft": 48
                },
                "dive_bomber": null
            },
            "upgrades": [
                4273131440,
                4220702640,
                4259499952,
                4261597104,
                4262645680,
                4287811504,
                4268937136,
                4267888560,
                4275228592,
                4269985712,
                4281520048
            ],
            "tier": 7,
            "next_ships": {
                "4181636848": 105000
            },
            "mod_slots": 4,
            "type": "Cruiser",
            "is_special": false,
            "name": "Zara"
        }
    }
}