{
    "status": "ok",
    "meta": {
        "count": 1,
        "page_total": 1,
        "total": 1,
        "limit": 100,
        "page": 1
    },
    "data": {
        "4076812080": {
            "description": "1918 年、建艦局の設計支局は一連の研究を実施し、その結果として高速戦艦の予備設計案が数十種類も開発されました。これらはヨルク代艦級巡洋戦艦の計画案に基づいており、排水量や兵装構成が異なっていました。計画案のうちのひとつは、3 基の主砲塔を搭載し、排水量は 45,000 トン級で、31 ノットの速力を発揮する案でした。本案を具現化したのがこのツィーテンです。",
            "price_gold": 0,
            "ship_id_str": "PGSB208",
            "has_demo_profile": false,
            "images": {
                "small": "https://wows-gloss-icons.wgcdn.co/icons/vehicle/small/PGSB208_368fda5e718d2d5ae4de071309172365d6834676e8cad22b8818de46174b864b.png",
                "large": "https://wows-gloss-icons.wgcdn.co/icons/vehicle/large/PGSB208_edd6a4ebd74170c33130812c624c5adcb8ce1d9b2495394381290b0e3f226d1f.png",
                "medium": "https://wows-gloss-icons.wgcdn.co/icons/vehicle/medium/PGSB208_3c18c4e1ad24f5b1c47ef6a0eb49a0ba825c1ae78586b390135adfd6f05cc142.png",
                "contour": "https://wows-gloss-icons.wgcdn.co/icons/vehicle/contour/PGSB208_8e3dd166a657c04db786ffc261f7fe4249209d2052819846c7a4d63200029864.png"
            },
            "modules": {
                "engine": [
                    3540889392
                ],
                "torpedo_bomber": [],
                "fighter": [],
                "hull": [
                    3532402480,
                    3533451056
                ],
                "artillery": [
                    3551506224
                ],
                "torpedoes": [
                    3545640752
                ],
                "fire_control": [
                    3535187760,
                    3536236336
                ],
                "sonar": [],
                "flight_control": [],
                "dive_bomber": []
            },
            "modules_tree": {
                "3545640752": {
                    "name": "G7 T1 Ausf. B",
                    "next_modules": null,
                    "is_default": true,
                    "price_xp": 0,
                    "price_credit": 1000000,
                    "next_ships": null,
                    "module_id": 3545640752,
                    "type": "Torpedoes",
                    "module_id_str": "PGUT714"
                },
                "3551506224": {
                    "name": "406 mm/52 SK L/52 (砲塔)",
                    "next_modules": null,
                    "is_default": true,
                    "price_xp": 0,
                    "price_credit": 1000000,
                    "next_ships": null,
                    "module_id": 3551506224,
                    "type": "Artillery",
                    "module_id_str": "PGUA709"
                },
                "3535187760": {
                    "name": "FKS Typ 8 Mod. 2",
                    "next_modules": null,
                    "is_default": false,
                    "price_xp": 30000,
                    "price_credit": 2200000,
                    "next_ships": null,
                    "module_id": 3535187760,
                    "type": "Suo",
                    "module_id_str": "PGUS724"
                },
                "3532402480": {
                    "name": "Zieten (B)",
                    "next_modules": null,
                    "is_default": false,
                    "price_xp": 45000,
                    "price_credit": 3300000,
                    "next_ships": [
                        4075763504
                    ],
                    "module_id": 3532402480,
                    "type": "Hull",
                    "module_id_str": "PGUH727"
                },
                "3536236336": {
                    "name": "FKS Typ 8 Mod. 1",
                    "next_modules": [
                        3535187760
                    ],
                    "is_default": true,
                    "price_xp": 0,
                    "price_credit": 1000000,
                    "next_ships": null,
                    "module_id": 3536236336,
                    "type": "Suo",
                    "module_id_str": "PGUS723"
                },
                "3533451056": {
                    "name": "Zieten (A)",
                    "next_modules": [
                        3532402480
                    ],
                    "is_default": true,
                    "price_xp": 0,
                    "price_credit": 1500000,
                    "next_ships": null,
                    "module_id": 3533451056,
                    "type": "Hull",
                    "module_id_str": "PGUH726"
                },
                "3540889392": {
                    "name": "推力: 152,000 馬力",
                    "next_modules": null,
                    "is_default": true,
                    "price_xp": 0,
                    "price_credit": 1000000,
                    "next_ships": null,
                    "module_id": 3540889392,
                    "type": "Engine",
                    "module_id_str": "PGUE719"
                }
            },
            "nation": "germany",
            "is_premium": false,
            "ship_id": 4076812080,
            "price_credit": 10500000,
            "default_profile": {
                "engine": {
                    "engine_id_str": "PGUE719",
                    "max_speed": 31.0,
                    "engine_id": 3540889392
                },
                "torpedo_bomber": null,
                "anti_aircraft": {
                    "slots": {
                        "0": {
                            "distance": -1.0,
                            "avg_damage": null,
                            "caliber": 30,
                            "name": "30 mm/45 Flak 103/38 (連装砲座)",
                            "guns": 12
                        },
                        "1": {
                            "distance": -1.0,
                            "avg_damage": null,
                            "caliber": 105,
                            "name": "105 mm/65 SK C/33 (Dop. L. C/31 砲座)",
                            "guns": 8
                        }
                    },
                    "defense": 64
                },
                "depth_charge": null,
                "mobility": {
                    "rudder_time": 21.4,
                    "total": 40,
                    "max_speed": 31.0,
                    "turning_radius": 820
                },
                "hull": {
                    "hull_id": 3533451056,
                    "hull_id_str": "PGUH726",
                    "torpedoes_barrels": 2,
                    "anti_aircraft_barrels": 20,
                    "range": {
                        "max": 380,
                        "min": 19
                    },
                    "health": 57200,
                    "planes_amount": null,
                    "artillery_barrels": 3,
                    "atba_barrels": 16
                },
                "atbas": {
                    "distance": 7.6,
                    "slots": {
                        "0": {
                            "burn_probability": 8.0,
                            "bullet_speed": 875,
                            "name": "150 mm Spr.Gr. L/4.5",
                            "shot_delay": 8.6,
                            "damage": 1700,
                            "bullet_mass": 45,
                            "type": "HE",
                            "gun_rate": 7.0
                        },
                        "1": {
                            "burn_probability": 8.0,
                            "bullet_speed": 875,
                            "name": "150 mm Spr.Gr. L/4.5",
                            "shot_delay": 8.6,
                            "damage": 1700,
                            "bullet_mass": 45,
                            "type": "HE",
                            "gun_rate": 7.0
                        },
                        "2": {
                            "burn_probability": 5.0,
                            "bullet_speed": 900,
                            "name": "105 mm Spr.Gr. Kz.",
                            "shot_delay": 3.4,
                            "damage": 1200,
                            "bullet_mass": 15,
                            "type": "HE",
                            "gun_rate": 17.9
                        }
                    }
                },
                "artillery": {
                    "max_dispersion": 185,
                    "shells": {
                        "AP": {
                            "burn_probability": null,
                            "bullet_speed": 810,
                            "name": "406 mm P.Spr.Gr. L/4.4 Ausf. B",
                            "damage": 11500,
                            "bullet_mass": 840,
                            "type": "AP"
                        },
                        "HE": {
                            "burn_probability": 38.0,
                            "bullet_speed": 810,
                            "name": "406 mm Spr.Gr. L/4.4 Kz.",
                            "damage": 4800,
                            "bullet_mass": 1030,
                            "type": "HE"
                        }
                    },
                    "shot_delay": 22.0,
                    "rotation_time": 30.0,
                    "distance": 16.4,
                    "artillery_id": 3551506224,
                    "artillery_id_str": "PGUA709",
                    "slots": {
                        "0": {
                            "barrels": 2,
                            "name": "406 mm/52 SK L/52 (砲塔)",
                            "guns": 3
                        }
                    },
                    "gun_rate": 2.7
                },
                "torpedoes": {
                    "visibility_dist": 1.2,
                    "distance": 12.0,
                    "torpedoes_id": 3545640752,
                    "torpedo_name": "G7 T1 Ausf.B",
                    "reload_time": 90,
                    "torpedo_speed": 50,
                    "rotation_time": 7.2,
                    "torpedoes_id_str": "PGUT714",
                    "slots": {
                        "0": {
                            "barrels": 3,
                            "caliber": 533,
                            "name": "533 mm Drilling",
                            "guns": 2
                        }
                    },
                    "max_damage": 16533
                },
                "fighters": null,
                "submarine_mobility": null,
                "fire_control": {
                    "fire_control_id": 3536236336,
                    "distance": 0.0,
                    "distance_increase": null,
                    "fire_control_id_str": "PGUS723"
                },
                "submarine_sonar": null,
                "battle_level_range_max": 10,
                "battle_level_range_min": 8,
                "flight_control": null,
                "submarine_battery": null,
                "concealment": {
                    "total": 39,
                    "detect_distance_by_plane": 10.0,
                    "detect_distance_by_submarine": 10.0,
                    "detect_distance_by_ship": 14.8
                },
                "armour": {
                    "casemate": {
                        "max": -1,
                        "min": -1
                    },
                    "deck": {
                        "max": -1,
                        "min": -1
                    },
                    "flood_damage": 23,
                    "range": {
                        "max": 380,
                        "min": 19
                    },
                    "health": 57200,
                    "extremities": {
                        "max": -1,
                        "min": -1
                    },
                    "total": 72,
                    "citadel": {
                        "max": -1,
                        "min": -1
                    }
                },
                "weaponry": {
                    "torpedoes": 17,
                    "aircraft": 0,
                    "artillery": 88,
                    "anti_aircraft": 64
                },
                "dive_bomber": null
            },
            "upgrades": [
                4273131440,
                4220702640,
                4259499952,
                4261597104,
                4262645680,
                4265791408,
                4266839984,
                4268937136,
                4267888560,
                4287811504,
                4275228592,
                4269985712,
                4281520048
            ],
            "tier": 8,
            "next_ships": {
                "4075763504": 180000
            },
            "mod_slots": 5,
            "type": "Battleship",
            "is_special": false,
            "name": "Zieten"
        }
    }
}