{
    "status": "ok",
    "meta": {
        "count": 1,
        "page_total": 1,
        "total": 1,
        "limit": 100,
        "page": 1
    },
    "data": {
        "4184782672": {
            "description": "1928 年、フランス海軍最高司令部は海上交通網を保護する巡洋艦の開発を開始しました。このような巡洋艦に求められた性能は高く、主な要件は 152 mm 主砲と、6,000 トンの排水量でした。装甲が脆弱な代わりに速力が高いという点もこの巡洋艦の計画案の特徴です。第二次世界大戦において、エミール・ベルタンはノルウェーの戦いに参加したほか、アメリカへの金塊の輸送や、南フランスにおける連合軍部隊の上陸作戦の支援を行いました。",
            "price_gold": 0,
            "ship_id_str": "PFSC105",
            "has_demo_profile": false,
            "images": {
                "small": "https://wows-gloss-icons.wgcdn.co/icons/vehicle/small/PFSC105_0a0171cb234f0eca0ed2c9bea7ca94e6273451ce9d4dff1c43695246f92d2349.png",
                "large": "https://wows-gloss-icons.wgcdn.co/icons/vehicle/large/PFSC105_e0fa685dd59e99872858c5f7343f56eb2da20cd1c5ab9ef5b2c663e09c5740fd.png",
                "medium": "https://wows-gloss-icons.wgcdn.co/icons/vehicle/medium/PFSC105_73df3c0e32ea8a987690ceb258f621bfccc664f92e7a0420b5687bb4eb30a047.png",
                "contour": "https://wows-gloss-icons.wgcdn.co/icons/vehicle/contour/PFSC105_e3217dae49f7683b79b7cd7ffab18bd93e80546c65e8d121ce9109bf54dfced8.png"
            },
            "modules": {
                "engine": [
                    3874336592
                ],
                "torpedo_bomber": [],
                "fighter": [],
                "hull": [
                    3873189712,
                    3874238288
                ],
                "artillery": [
                    3874467664
                ],
                "torpedoes": [
                    3873845072
                ],
                "fire_control": [
                    3873877840,
                    3872829264
                ],
                "sonar": [],
                "flight_control": [],
                "dive_bomber": []
            },
            "modules_tree": {
                "3873877840": {
                    "name": "PCA n° 5 Mle 1",
                    "next_modules": [
                        3872829264
                    ],
                    "is_default": true,
                    "price_xp": 0,
                    "price_credit": 90000,
                    "next_ships": null,
                    "module_id": 3873877840,
                    "type": "Suo",
                    "module_id_str": "PFUS401"
                },
                "3872829264": {
                    "name": "PCA n° 5 Mle 2",
                    "next_modules": null,
                    "is_default": false,
                    "price_xp": 2200,
                    "price_credit": 210000,
                    "next_ships": null,
                    "module_id": 3872829264,
                    "type": "Suo",
                    "module_id_str": "PFUS402"
                },
                "3874238288": {
                    "name": "Émile Bertin (A)",
                    "next_modules": [
                        3873189712
                    ],
                    "is_default": true,
                    "price_xp": 0,
                    "price_credit": 145000,
                    "next_ships": null,
                    "module_id": 3874238288,
                    "type": "Hull",
                    "module_id_str": "PFUH401"
                },
                "3873845072": {
                    "name": "550 mm 19D",
                    "next_modules": null,
                    "is_default": true,
                    "price_xp": 0,
                    "price_credit": 80000,
                    "next_ships": null,
                    "module_id": 3873845072,
                    "type": "Torpedoes",
                    "module_id_str": "PFUT401"
                },
                "3874467664": {
                    "name": "152 mm/55 Mle 1930 (Mle 1930 砲座)",
                    "next_modules": null,
                    "is_default": true,
                    "price_xp": 0,
                    "price_credit": 110000,
                    "next_ships": null,
                    "module_id": 3874467664,
                    "type": "Artillery",
                    "module_id_str": "PFUA401"
                },
                "3873189712": {
                    "name": "Émile Bertin (B)",
                    "next_modules": null,
                    "is_default": false,
                    "price_xp": 5900,
                    "price_credit": 450000,
                    "next_ships": [
                        4183734096
                    ],
                    "module_id": 3873189712,
                    "type": "Hull",
                    "module_id_str": "PFUH402"
                },
                "3874336592": {
                    "name": "推力: 102,000 馬力",
                    "next_modules": null,
                    "is_default": true,
                    "price_xp": 0,
                    "price_credit": 84000,
                    "next_ships": null,
                    "module_id": 3874336592,
                    "type": "Engine",
                    "module_id_str": "PFUE401"
                }
            },
            "nation": "france",
            "is_premium": false,
            "ship_id": 4184782672,
            "price_credit": 1200000,
            "default_profile": {
                "engine": {
                    "engine_id_str": "PFUE401",
                    "max_speed": 39.0,
                    "engine_id": 3874336592
                },
                "torpedo_bomber": null,
                "anti_aircraft": {
                    "slots": {
                        "0": {
                            "distance": -1.0,
                            "avg_damage": null,
                            "caliber": 13,
                            "name": "13.2 mm Hotchkiss Mle 1929 (CAD Mle 1929 銃座)",
                            "guns": 6
                        },
                        "1": {
                            "distance": -1.0,
                            "avg_damage": null,
                            "caliber": 37,
                            "name": "37 mm/50 CAIL Mle 1933 (CAD Mle 1933 砲座)",
                            "guns": 4
                        },
                        "2": {
                            "distance": -1.0,
                            "avg_damage": null,
                            "caliber": 90,
                            "name": "90 mm/50 Mle 1926 (Mle 1926 砲座)",
                            "guns": 2
                        },
                        "3": {
                            "distance": -1.0,
                            "avg_damage": null,
                            "caliber": 90,
                            "name": "90 mm/50 Mle 1926 (Mle 1930 砲座)",
                            "guns": 1
                        }
                    },
                    "defense": 30
                },
                "depth_charge": null,
                "mobility": {
                    "rudder_time": 10.3,
                    "total": 67,
                    "max_speed": 39.0,
                    "turning_radius": 670
                },
                "hull": {
                    "hull_id": 3874238288,
                    "hull_id_str": "PFUH401",
                    "torpedoes_barrels": 2,
                    "anti_aircraft_barrels": 13,
                    "range": {
                        "max": 30,
                        "min": 6
                    },
                    "health": 21100,
                    "planes_amount": null,
                    "artillery_barrels": 3,
                    "atba_barrels": 3
                },
                "atbas": {
                    "distance": 5.0,
                    "slots": {
                        "0": {
                            "burn_probability": 5.0,
                            "bullet_speed": 850,
                            "name": "90 mm HE OEA Mle 1925",
                            "shot_delay": 4.0,
                            "damage": 1300,
                            "bullet_mass": 10,
                            "type": "HE",
                            "gun_rate": 15.0
                        },
                        "1": {
                            "burn_probability": 5.0,
                            "bullet_speed": 850,
                            "name": "90 mm HE OEA Mle 1925",
                            "shot_delay": 4.0,
                            "damage": 1300,
                            "bullet_mass": 10,
                            "type": "HE",
                            "gun_rate": 15.0
                        }
                    }
                },
                "artillery": {
                    "max_dispersion": 126,
                    "shells": {
                        "AP": {
                            "burn_probability": null,
                            "bullet_speed": 870,
                            "name": "152 mm AP OPfK Mle 1936",
                            "damage": 2650,
                            "bullet_mass": 57,
                            "type": "AP"
                        },
                        "HE": {
                            "burn_probability": 12.0,
                            "bullet_speed": 870,
                            "name": "152 mm HE OEA Mle 1936",
                            "damage": 1750,
                            "bullet_mass": 55,
                            "type": "HE"
                        }
                    },
                    "shot_delay": 10.0,
                    "rotation_time": 15.0,
                    "distance": 13.6,
                    "artillery_id": 3874467664,
                    "artillery_id_str": "PFUA401",
                    "slots": {
                        "0": {
                            "barrels": 3,
                            "name": "152 mm/55 Mle 1930 (Mle 1930 砲座)",
                            "guns": 3
                        }
                    },
                    "gun_rate": 5.8
                },
                "torpedoes": {
                    "visibility_dist": 1.2,
                    "distance": 6.0,
                    "torpedoes_id": 3873845072,
                    "torpedo_name": "550 mm 19D",
                    "reload_time": 84,
                    "torpedo_speed": 57,
                    "rotation_time": 7.2,
                    "torpedoes_id_str": "PFUT401",
                    "slots": {
                        "0": {
                            "barrels": 3,
                            "caliber": 550,
                            "name": "550 mm tube lance-torpilles",
                            "guns": 2
                        }
                    },
                    "max_damage": 12233
                },
                "fighters": null,
                "submarine_mobility": null,
                "fire_control": {
                    "fire_control_id": 3873877840,
                    "distance": 0.0,
                    "distance_increase": null,
                    "fire_control_id_str": "PFUS401"
                },
                "submarine_sonar": null,
                "battle_level_range_max": 7,
                "battle_level_range_min": 5,
                "flight_control": null,
                "submarine_battery": null,
                "concealment": {
                    "total": 61,
                    "detect_distance_by_plane": 5.3,
                    "detect_distance_by_submarine": 5.3,
                    "detect_distance_by_ship": 12.2
                },
                "armour": {
                    "casemate": {
                        "max": -1,
                        "min": -1
                    },
                    "deck": {
                        "max": -1,
                        "min": -1
                    },
                    "flood_damage": 7,
                    "range": {
                        "max": 30,
                        "min": 6
                    },
                    "health": 21100,
                    "extremities": {
                        "max": -1,
                        "min": -1
                    },
                    "total": 28,
                    "citadel": {
                        "max": -1,
                        "min": -1
                    }
                },
                "weaponry": {
                    "torpedoes": 10,
                    "aircraft": 0,
                    "artillery": 59,
                    "anti_aircraft": 30
                },
                "dive_bomber": null
            },
            "upgrades": [
                4273131440,
                4220702640,
                4259499952,
                4261597104,
                4262645680,
                4287811504,
                4275228592,
                4281520048
            ],
            "tier": 5,
            "next_ships": {
                "4183734096": 33500
            },
            "mod_slots": 3,
            "type": "Cruiser",
            "is_special": false,
            "name": "Émile Bertin"
        }
    }
}