{
    "status": "ok",
    "meta": {
        "count": 1,
        "page_total": 1,
        "total": 1,
        "limit": 100,
        "page": 1
    },
    "data": {
        "4289640144": {
            "description": "古鷹は、イギリスのホーキンス級巡洋艦をベースとして設計された新型の偵察巡洋艦です。巡洋艦夕張で試された各種の先進的な構想が採用されており、主砲として 200 mm 砲 6 門を搭載していました。第二次世界大戦では、ソロモン諸島での作戦、ならびに珊瑚海海戦と第一次ソロモン海戦に参加しています。しかし 1942 年 10 月 11 日、サボ島沖海戦の最中に約 90 発の砲弾を被弾し、艦載魚雷が誘爆。その後、10 月 12 日未明に沈没しました。",
            "price_gold": 0,
            "ship_id_str": "PJSC005",
            "has_demo_profile": false,
            "images": {
                "small": "https://wows-gloss-icons.wgcdn.co/icons/vehicle/small/PJSC005_c45dba243ec134f1f75ac8642ca77beede0532da78284e23d54810422557a89d.png",
                "large": "https://wows-gloss-icons.wgcdn.co/icons/vehicle/large/PJSC005_9dbb16d5279fee46395e6ad9c6ff66735599c18786fdedf7ea621902aea05407.png",
                "medium": "https://wows-gloss-icons.wgcdn.co/icons/vehicle/medium/PJSC005_4aa1c5ce22faab1b56924f7f5209c5b537482556d445843907105b51577c3314.png",
                "contour": "https://wows-gloss-icons.wgcdn.co/icons/vehicle/contour/PJSC005_c6d8e68c861a353a763f4dbbddb7bd4be4e7a4752c3a5f5807843accad3a2037.png"
            },
            "modules": {
                "engine": [
                    3863850704
                ],
                "torpedo_bomber": [],
                "fighter": [],
                "hull": [
                    3841732304,
                    3842780880
                ],
                "artillery": [
                    3843010256,
                    3841961680
                ],
                "torpedoes": [
                    3872796368,
                    3873844944
                ],
                "fire_control": [
                    3841371856,
                    3842420432
                ],
                "sonar": [],
                "flight_control": [],
                "dive_bomber": []
            },
            "modules_tree": {
                "3873844944": {
                    "name": "Type8",
                    "next_modules": [
                        3872796368
                    ],
                    "is_default": true,
                    "price_xp": 0,
                    "price_credit": 120000,
                    "next_ships": null,
                    "module_id": 3873844944,
                    "type": "Torpedoes",
                    "module_id_str": "PJUT401"
                },
                "3872796368": {
                    "name": "Type8 mod. 2",
                    "next_modules": null,
                    "is_default": false,
                    "price_xp": 3600,
                    "price_credit": 400000,
                    "next_ships": null,
                    "module_id": 3872796368,
                    "type": "Torpedoes",
                    "module_id_str": "PJUT402"
                },
                "3841371856": {
                    "name": "Type5 mod. 2",
                    "next_modules": null,
                    "is_default": false,
                    "price_xp": 2400,
                    "price_credit": 260000,
                    "next_ships": null,
                    "module_id": 3841371856,
                    "type": "Suo",
                    "module_id_str": "PJUS432"
                },
                "3841732304": {
                    "name": "古鷹 (B)",
                    "next_modules": null,
                    "is_default": false,
                    "price_xp": 6300,
                    "price_credit": 480000,
                    "next_ships": [
                        4287542992
                    ],
                    "module_id": 3841732304,
                    "type": "Hull",
                    "module_id_str": "PJUH432"
                },
                "3842420432": {
                    "name": "Type5 mod. 1",
                    "next_modules": [
                        3841371856
                    ],
                    "is_default": true,
                    "price_xp": 0,
                    "price_credit": 100000,
                    "next_ships": null,
                    "module_id": 3842420432,
                    "type": "Suo",
                    "module_id_str": "PJUS431"
                },
                "3842780880": {
                    "name": "古鷹 (A)",
                    "next_modules": [
                        3841732304
                    ],
                    "is_default": true,
                    "price_xp": 0,
                    "price_credit": 150000,
                    "next_ships": null,
                    "module_id": 3842780880,
                    "type": "Hull",
                    "module_id_str": "PJUH431"
                },
                "3863850704": {
                    "name": "推力: 102,000 馬力",
                    "next_modules": null,
                    "is_default": true,
                    "price_xp": 0,
                    "price_credit": 90000,
                    "next_ships": null,
                    "module_id": 3863850704,
                    "type": "Engine",
                    "module_id_str": "PJUE411"
                },
                "3843010256": {
                    "name": "200 mm/50 3rd Year Type No 1 (Model E2 砲塔)",
                    "next_modules": [
                        3841961680
                    ],
                    "is_default": true,
                    "price_xp": 0,
                    "price_credit": 130000,
                    "next_ships": null,
                    "module_id": 3843010256,
                    "type": "Artillery",
                    "module_id_str": "PJUA431"
                },
                "3841961680": {
                    "name": "203 mm/50 3rd Year Type No 2 (Model E2 砲塔)",
                    "next_modules": null,
                    "is_default": false,
                    "price_xp": 3200,
                    "price_credit": 320000,
                    "next_ships": null,
                    "module_id": 3841961680,
                    "type": "Artillery",
                    "module_id_str": "PJUA432"
                }
            },
            "nation": "japan",
            "is_premium": false,
            "ship_id": 4289640144,
            "price_credit": 1370000,
            "default_profile": {
                "engine": {
                    "engine_id_str": "PJUE411",
                    "max_speed": 34.5,
                    "engine_id": 3863850704
                },
                "torpedo_bomber": null,
                "anti_aircraft": {
                    "slots": {
                        "0": {
                            "distance": -1.0,
                            "avg_damage": null,
                            "caliber": 7,
                            "name": "7.7 mm/80 Type 92 (単装銃座)",
                            "guns": 2
                        },
                        "1": {
                            "distance": -1.0,
                            "avg_damage": null,
                            "caliber": 13,
                            "name": "13 mm/76 Type 93 (連装銃座)",
                            "guns": 4
                        },
                        "2": {
                            "distance": -1.0,
                            "avg_damage": null,
                            "caliber": 76,
                            "name": "76 mm /40 3rd Year Type (単装砲座)",
                            "guns": 4
                        }
                    },
                    "defense": 20
                },
                "depth_charge": null,
                "mobility": {
                    "rudder_time": 9.2,
                    "total": 57,
                    "max_speed": 34.5,
                    "turning_radius": 750
                },
                "hull": {
                    "hull_id": 3842780880,
                    "hull_id_str": "PJUH431",
                    "torpedoes_barrels": 2,
                    "anti_aircraft_barrels": 10,
                    "range": {
                        "max": 105,
                        "min": 6
                    },
                    "health": 28300,
                    "planes_amount": null,
                    "artillery_barrels": 3,
                    "atba_barrels": 4
                },
                "atbas": {
                    "distance": 4.3,
                    "slots": {
                        "0": {
                            "burn_probability": 5.0,
                            "bullet_speed": 680,
                            "name": "76 mm HE Mk2",
                            "shot_delay": 3.5,
                            "damage": 1300,
                            "bullet_mass": 6,
                            "type": "HE",
                            "gun_rate": 17.1
                        }
                    }
                },
                "artillery": {
                    "max_dispersion": 109,
                    "shells": {
                        "AP": {
                            "burn_probability": null,
                            "bullet_speed": 870,
                            "name": "200 mm AP Type5",
                            "damage": 4500,
                            "bullet_mass": 110,
                            "type": "AP"
                        },
                        "HE": {
                            "burn_probability": 17.0,
                            "bullet_speed": 870,
                            "name": "200 mm HE Common Type4",
                            "damage": 3300,
                            "bullet_mass": 110,
                            "type": "HE"
                        }
                    },
                    "shot_delay": 22.0,
                    "rotation_time": 30.0,
                    "distance": 12.6,
                    "artillery_id": 3843010256,
                    "artillery_id_str": "PJUA431",
                    "slots": {
                        "0": {
                            "barrels": 2,
                            "name": "200 mm/50 3rd Year Type No. 1 (Model E2 砲塔)",
                            "guns": 3
                        }
                    },
                    "gun_rate": 2.7
                },
                "torpedoes": {
                    "visibility_dist": 1.6,
                    "distance": 6.0,
                    "torpedoes_id": 3873844944,
                    "torpedo_name": "Type8",
                    "reload_time": 90,
                    "torpedo_speed": 63,
                    "rotation_time": 7.2,
                    "torpedoes_id_str": "PJUT401",
                    "slots": {
                        "0": {
                            "barrels": 4,
                            "caliber": 610,
                            "name": "610 mm 四連装",
                            "guns": 2
                        }
                    },
                    "max_damage": 14600
                },
                "fighters": null,
                "submarine_mobility": null,
                "fire_control": {
                    "fire_control_id": 3842420432,
                    "distance": 0.0,
                    "distance_increase": null,
                    "fire_control_id_str": "PJUS431"
                },
                "submarine_sonar": null,
                "battle_level_range_max": 7,
                "battle_level_range_min": 5,
                "flight_control": null,
                "submarine_battery": null,
                "concealment": {
                    "total": 62,
                    "detect_distance_by_plane": 5.8,
                    "detect_distance_by_submarine": 5.8,
                    "detect_distance_by_ship": 11.9
                },
                "armour": {
                    "casemate": {
                        "max": -1,
                        "min": -1
                    },
                    "deck": {
                        "max": -1,
                        "min": -1
                    },
                    "flood_damage": 4,
                    "range": {
                        "max": 105,
                        "min": 6
                    },
                    "health": 28300,
                    "extremities": {
                        "max": -1,
                        "min": -1
                    },
                    "total": 36,
                    "citadel": {
                        "max": -1,
                        "min": -1
                    }
                },
                "weaponry": {
                    "torpedoes": 17,
                    "aircraft": 0,
                    "artillery": 64,
                    "anti_aircraft": 20
                },
                "dive_bomber": null
            },
            "upgrades": [
                4273131440,
                4220702640,
                4259499952,
                4261597104,
                4262645680,
                4287811504,
                4275228592,
                4281520048
            ],
            "tier": 5,
            "next_ships": {
                "4287542992": 30000
            },
            "mod_slots": 3,
            "type": "Cruiser",
            "is_special": false,
            "name": "古鷹"
        }
    }
}