{
    "status": "ok",
    "meta": {
        "count": 1,
        "page_total": 1,
        "total": 1,
        "limit": 100,
        "page": 1
    },
    "data": {
        "4288624336": {
            "description": "扶桑は、巡洋戦艦金剛をベースに設計された新型戦艦です。アメリカで建造されていたニューヨーク級弩級戦艦の性能を凌駕すべく、356 mm 砲の数を砲塔 6 基 12 門に増加させている一方で、抗堪性向上のために三連装砲塔ではなく連装砲塔を採用していました。本艦は、第二次世界大戦において真珠湾攻撃の支援を行ったほか、アリューシャン列島の戦いやスリガオ海峡海戦に従事しました。しかし 1944 年 10 月25 日、アメリカの駆逐艦からの魚雷攻撃によって轟沈しています。",
            "price_gold": 0,
            "ship_id_str": "PJSB006",
            "has_demo_profile": false,
            "images": {
                "small": "https://wows-gloss-icons.wgcdn.co/icons/vehicle/small/PJSB006_48eeed44a70f46d7ef59584a03302baab9ca1a8017c3882141cdfe5b2081b38a.png",
                "large": "https://wows-gloss-icons.wgcdn.co/icons/vehicle/large/PJSB006_9b86d111782f743792628bdd4b5c3f6f9398aaf3454b7bcd1b40ea83d8001d94.png",
                "medium": "https://wows-gloss-icons.wgcdn.co/icons/vehicle/medium/PJSB006_ccc19153d432738137fb0419e0a674c6cf1650fd2c6a977cbc390c2b4073deb4.png",
                "contour": "https://wows-gloss-icons.wgcdn.co/icons/vehicle/contour/PJSB006_28a63602808c2ec1dcd8e64240ac0a6e358833ec28c8d98005ee7c86ce65d7ac.png"
            },
            "modules": {
                "engine": [
                    3767381712,
                    3768430288
                ],
                "torpedo_bomber": [],
                "fighter": [],
                "hull": [
                    3758894800,
                    3757846224
                ],
                "artillery": [
                    3759124176
                ],
                "torpedoes": [],
                "fire_control": [
                    3758534352,
                    3757485776
                ],
                "sonar": [],
                "flight_control": [],
                "dive_bomber": []
            },
            "modules_tree": {
                "3758534352": {
                    "name": "Type6 mod. 1",
                    "next_modules": [
                        3757485776
                    ],
                    "is_default": true,
                    "price_xp": 0,
                    "price_credit": 260000,
                    "next_ships": null,
                    "module_id": 3758534352,
                    "type": "Suo",
                    "module_id_str": "PJUS511"
                },
                "3757485776": {
                    "name": "Type6 mod. 2",
                    "next_modules": null,
                    "is_default": false,
                    "price_xp": 6500,
                    "price_credit": 640000,
                    "next_ships": null,
                    "module_id": 3757485776,
                    "type": "Suo",
                    "module_id_str": "PJUS512"
                },
                "3757846224": {
                    "name": "扶桑 (B)",
                    "next_modules": null,
                    "is_default": false,
                    "price_xp": 12500,
                    "price_credit": 900000,
                    "next_ships": [
                        4284430032
                    ],
                    "module_id": 3757846224,
                    "type": "Hull",
                    "module_id_str": "PJUH512"
                },
                "3768430288": {
                    "name": "推力: 70,000 馬力",
                    "next_modules": null,
                    "is_default": false,
                    "price_xp": 4000,
                    "price_credit": 280000,
                    "next_ships": null,
                    "module_id": 3768430288,
                    "type": "Engine",
                    "module_id_str": "PJUE502"
                },
                "3758894800": {
                    "name": "扶桑 (A)",
                    "next_modules": [
                        3757846224
                    ],
                    "is_default": true,
                    "price_xp": 0,
                    "price_credit": 340000,
                    "next_ships": null,
                    "module_id": 3758894800,
                    "type": "Hull",
                    "module_id_str": "PJUH511"
                },
                "3759124176": {
                    "name": "356 mm/45 41st Year Type (連装砲塔)",
                    "next_modules": null,
                    "is_default": true,
                    "price_xp": 0,
                    "price_credit": 340000,
                    "next_ships": null,
                    "module_id": 3759124176,
                    "type": "Artillery",
                    "module_id_str": "PJUA511"
                },
                "3767381712": {
                    "name": "推力: 57,900 馬力",
                    "next_modules": [
                        3768430288
                    ],
                    "is_default": true,
                    "price_xp": 0,
                    "price_credit": 140000,
                    "next_ships": null,
                    "module_id": 3767381712,
                    "type": "Engine",
                    "module_id_str": "PJUE503"
                }
            },
            "nation": "japan",
            "is_premium": false,
            "ship_id": 4288624336,
            "price_credit": 3490000,
            "default_profile": {
                "engine": {
                    "engine_id_str": "PJUE503",
                    "max_speed": 21.6,
                    "engine_id": 3767381712
                },
                "torpedo_bomber": null,
                "anti_aircraft": {
                    "slots": {
                        "0": {
                            "distance": -1.0,
                            "avg_damage": null,
                            "caliber": 13,
                            "name": "13 mm/76 Type 93 (連装銃座)",
                            "guns": 10
                        },
                        "1": {
                            "distance": -1.0,
                            "avg_damage": null,
                            "caliber": 25,
                            "name": "25 mm/60 Type 96 (単装砲座)",
                            "guns": 8
                        },
                        "2": {
                            "distance": -1.0,
                            "avg_damage": null,
                            "caliber": 127,
                            "name": "127 mm/40 Type 89 (Model A1 砲座)",
                            "guns": 4
                        }
                    },
                    "defense": 41
                },
                "depth_charge": null,
                "mobility": {
                    "rudder_time": 17.1,
                    "total": 24,
                    "max_speed": 21.6,
                    "turning_radius": 740
                },
                "hull": {
                    "hull_id": 3758894800,
                    "hull_id_str": "PJUH511",
                    "torpedoes_barrels": 0,
                    "anti_aircraft_barrels": 22,
                    "range": {
                        "max": 305,
                        "min": 16
                    },
                    "health": 44900,
                    "planes_amount": null,
                    "artillery_barrels": 6,
                    "atba_barrels": 18
                },
                "atbas": {
                    "distance": 5.0,
                    "slots": {
                        "0": {
                            "burn_probability": 9.0,
                            "bullet_speed": 825,
                            "name": "152 mm HE Type4",
                            "shot_delay": 10.0,
                            "damage": 2500,
                            "bullet_mass": 45,
                            "type": "HE",
                            "gun_rate": 6.0
                        },
                        "1": {
                            "burn_probability": 8.0,
                            "bullet_speed": 725,
                            "name": "127 mm HE Type0",
                            "shot_delay": 5.0,
                            "damage": 2100,
                            "bullet_mass": 23,
                            "type": "HE",
                            "gun_rate": 12.0
                        }
                    }
                },
                "artillery": {
                    "max_dispersion": 226,
                    "shells": {
                        "AP": {
                            "burn_probability": null,
                            "bullet_speed": 775,
                            "name": "356 mm AP Type 92",
                            "damage": 10200,
                            "bullet_mass": 674,
                            "type": "AP"
                        },
                        "HE": {
                            "burn_probability": 25.0,
                            "bullet_speed": 805,
                            "name": "356 mm HE Type 01",
                            "damage": 5700,
                            "bullet_mass": 625,
                            "type": "HE"
                        }
                    },
                    "shot_delay": 28.0,
                    "rotation_time": 56.3,
                    "distance": 19.8,
                    "artillery_id": 3759124176,
                    "artillery_id_str": "PJUA511",
                    "slots": {
                        "0": {
                            "barrels": 2,
                            "name": "356 mm/45 41st Year Type (連装砲塔)",
                            "guns": 6
                        }
                    },
                    "gun_rate": 2.1
                },
                "torpedoes": null,
                "fighters": null,
                "submarine_mobility": null,
                "fire_control": {
                    "fire_control_id": 3758534352,
                    "distance": 0.0,
                    "distance_increase": null,
                    "fire_control_id_str": "PJUS511"
                },
                "submarine_sonar": null,
                "battle_level_range_max": 8,
                "battle_level_range_min": 6,
                "flight_control": null,
                "submarine_battery": null,
                "concealment": {
                    "total": 23,
                    "detect_distance_by_plane": 9.7,
                    "detect_distance_by_submarine": 9.7,
                    "detect_distance_by_ship": 18.3
                },
                "armour": {
                    "casemate": {
                        "max": -1,
                        "min": -1
                    },
                    "deck": {
                        "max": -1,
                        "min": -1
                    },
                    "flood_damage": 34,
                    "range": {
                        "max": 305,
                        "min": 16
                    },
                    "health": 44900,
                    "extremities": {
                        "max": -1,
                        "min": -1
                    },
                    "total": 56,
                    "citadel": {
                        "max": -1,
                        "min": -1
                    }
                },
                "weaponry": {
                    "torpedoes": 0,
                    "aircraft": 0,
                    "artillery": 82,
                    "anti_aircraft": 41
                },
                "dive_bomber": null
            },
            "upgrades": [
                4273131440,
                4259499952,
                4261597104,
                4262645680,
                4287811504,
                4268937136,
                4267888560,
                4275228592,
                4269985712,
                4281520048
            ],
            "tier": 6,
            "next_ships": {
                "4284430032": 78500
            },
            "mod_slots": 4,
            "type": "Battleship",
            "is_special": false,
            "name": "扶桑"
        }
    }
}