{
    "status": "ok",
    "meta": {
        "count": 1,
        "page_total": 1,
        "total": 1,
        "limit": 100,
        "page": 1
    },
    "data": {
        "4281251536": {
            "description": "アメリカのオマハ級軽巡洋艦の諸元について知った日本の技師陣は、戦闘能力を向上させた大型の巡洋艦の計画案を設計しました。本級は、水雷戦隊の旗艦と偵察艦としての任務に使用することが予定されていました。排水量が増えたことで、推進力が強化され、主砲の門数を 7 門に増えています。1 番艦球磨は、第二次世界大戦中にフィリピン上陸作戦とニューギニアでの戦いに参加し、オランダ領東インドの海域を哨戒しました。しかし 1944 年 1 月 11 日、本艦はマラッカ海峡においてイギリス潜水艦タリホーの雷撃を受け、火災が発生した後、沈没しました。",
            "price_gold": 0,
            "ship_id_str": "PJSC013",
            "has_demo_profile": false,
            "images": {
                "small": "https://wows-gloss-icons.wgcdn.co/icons/vehicle/small/PJSC013_f2735e49834b31420c33478d2a72d2d5461dbe046e49219a7d121fe4cc44a658.png",
                "large": "https://wows-gloss-icons.wgcdn.co/icons/vehicle/large/PJSC013_ec052b2fa52ce9dd37ff84d32f18441205a7a64e47a3475ce78a6af61882a84c.png",
                "medium": "https://wows-gloss-icons.wgcdn.co/icons/vehicle/medium/PJSC013_35d29d8ce26ef16e0f62d6c71abdd8db19ce6c0dba0e5d7b9acf71a1181b8499.png",
                "contour": "https://wows-gloss-icons.wgcdn.co/icons/vehicle/contour/PJSC013_aa44824ffab5d7a27ed813ca0baa831b8a99ceaf7a2c0b17ed8d2840babe491e.png"
            },
            "modules": {
                "engine": [
                    3968708304
                ],
                "torpedo_bomber": [],
                "fighter": [],
                "hull": [
                    3957075664,
                    3958124240
                ],
                "artillery": [
                    3968839376
                ],
                "torpedoes": [
                    3978702544
                ],
                "fire_control": [
                    3956715216,
                    3957763792
                ],
                "sonar": [],
                "flight_control": [],
                "dive_bomber": []
            },
            "modules_tree": {
                "3956715216": {
                    "name": "Type4 mod. 2",
                    "next_modules": null,
                    "is_default": false,
                    "price_xp": 900,
                    "price_credit": 140000,
                    "next_ships": [
                        4079924944
                    ],
                    "module_id": 3956715216,
                    "type": "Suo",
                    "module_id_str": "PJUS322"
                },
                "3957763792": {
                    "name": "Type4 mod. 1",
                    "next_modules": [
                        3956715216
                    ],
                    "is_default": true,
                    "price_xp": 0,
                    "price_credit": 60000,
                    "next_ships": null,
                    "module_id": 3957763792,
                    "type": "Suo",
                    "module_id_str": "PJUS321"
                },
                "3968839376": {
                    "name": "140 mm/50 3rd Year Type (単装砲座)",
                    "next_modules": null,
                    "is_default": true,
                    "price_xp": 0,
                    "price_credit": 44000,
                    "next_ships": null,
                    "module_id": 3968839376,
                    "type": "Artillery",
                    "module_id_str": "PJUA311"
                },
                "3968708304": {
                    "name": "推力: 90,000 馬力",
                    "next_modules": null,
                    "is_default": true,
                    "price_xp": 0,
                    "price_credit": 40000,
                    "next_ships": null,
                    "module_id": 3968708304,
                    "type": "Engine",
                    "module_id_str": "PJUE311"
                },
                "3957075664": {
                    "name": "球磨 (B)",
                    "next_modules": null,
                    "is_default": false,
                    "price_xp": 2000,
                    "price_credit": 300000,
                    "next_ships": [
                        4289640144
                    ],
                    "module_id": 3957075664,
                    "type": "Hull",
                    "module_id_str": "PJUH322"
                },
                "3958124240": {
                    "name": "球磨 (A)",
                    "next_modules": [
                        3957075664
                    ],
                    "is_default": true,
                    "price_xp": 0,
                    "price_credit": 80000,
                    "next_ships": null,
                    "module_id": 3958124240,
                    "type": "Hull",
                    "module_id_str": "PJUH321"
                },
                "3978702544": {
                    "name": "Type 6",
                    "next_modules": null,
                    "is_default": true,
                    "price_xp": 0,
                    "price_credit": 200000,
                    "next_ships": null,
                    "module_id": 3978702544,
                    "type": "Torpedoes",
                    "module_id_str": "PJUT301"
                }
            },
            "nation": "japan",
            "is_premium": false,
            "ship_id": 4281251536,
            "price_credit": 684000,
            "default_profile": {
                "engine": {
                    "engine_id_str": "PJUE311",
                    "max_speed": 34.5,
                    "engine_id": 3968708304
                },
                "torpedo_bomber": null,
                "anti_aircraft": {
                    "slots": {
                        "0": {
                            "distance": -1.0,
                            "avg_damage": null,
                            "caliber": 6,
                            "name": "6.5 mm/115 3rd Year Type (単装銃座)",
                            "guns": 2
                        },
                        "1": {
                            "distance": -1.0,
                            "avg_damage": null,
                            "caliber": 76,
                            "name": "76 mm /40 3rd Year Type (単装砲座)",
                            "guns": 2
                        }
                    },
                    "defense": 10
                },
                "depth_charge": null,
                "mobility": {
                    "rudder_time": 6.9,
                    "total": 60,
                    "max_speed": 34.5,
                    "turning_radius": 640
                },
                "hull": {
                    "hull_id": 3958124240,
                    "hull_id_str": "PJUH321",
                    "torpedoes_barrels": 4,
                    "anti_aircraft_barrels": 4,
                    "range": {
                        "max": 65,
                        "min": 10
                    },
                    "health": 23000,
                    "planes_amount": null,
                    "artillery_barrels": 7,
                    "atba_barrels": 0
                },
                "atbas": {
                    "distance": 0.0
                },
                "artillery": {
                    "max_dispersion": 113,
                    "shells": {
                        "AP": {
                            "burn_probability": null,
                            "bullet_speed": 850,
                            "name": "140 mm Capped Common Shell",
                            "damage": 2700,
                            "bullet_mass": 38,
                            "type": "AP"
                        },
                        "HE": {
                            "burn_probability": 10.0,
                            "bullet_speed": 850,
                            "name": "140 mm HE Type0",
                            "damage": 2400,
                            "bullet_mass": 38,
                            "type": "HE"
                        }
                    },
                    "shot_delay": 6.0,
                    "rotation_time": 21.2,
                    "distance": 11.7,
                    "artillery_id": 3968839376,
                    "artillery_id_str": "PJUA311",
                    "slots": {
                        "0": {
                            "barrels": 1,
                            "name": "140 mm/50 3rd Year Type (単装砲座)",
                            "guns": 7
                        }
                    },
                    "gun_rate": 10.0
                },
                "torpedoes": {
                    "visibility_dist": 1.2,
                    "distance": 7.0,
                    "torpedoes_id": 3978702544,
                    "torpedo_name": "533 mm Type6",
                    "reload_time": 42,
                    "torpedo_speed": 57,
                    "rotation_time": 7.2,
                    "torpedoes_id_str": "PJUT301",
                    "slots": {
                        "0": {
                            "barrels": 2,
                            "caliber": 533,
                            "name": "533 mm 連装",
                            "guns": 4
                        }
                    },
                    "max_damage": 10833
                },
                "fighters": null,
                "submarine_mobility": null,
                "fire_control": {
                    "fire_control_id": 3957763792,
                    "distance": 0.0,
                    "distance_increase": null,
                    "fire_control_id_str": "PJUS321"
                },
                "submarine_sonar": null,
                "battle_level_range_max": 5,
                "battle_level_range_min": 4,
                "flight_control": null,
                "submarine_battery": null,
                "concealment": {
                    "total": 67,
                    "detect_distance_by_plane": 5.2,
                    "detect_distance_by_submarine": 5.2,
                    "detect_distance_by_ship": 11.0
                },
                "armour": {
                    "casemate": {
                        "max": -1,
                        "min": -1
                    },
                    "deck": {
                        "max": -1,
                        "min": -1
                    },
                    "flood_damage": 0,
                    "range": {
                        "max": 65,
                        "min": 10
                    },
                    "health": 23000,
                    "extremities": {
                        "max": -1,
                        "min": -1
                    },
                    "total": 29,
                    "citadel": {
                        "max": -1,
                        "min": -1
                    }
                },
                "weaponry": {
                    "torpedoes": 19,
                    "aircraft": 0,
                    "artillery": 62,
                    "anti_aircraft": 10
                },
                "dive_bomber": null
            },
            "upgrades": [
                4273131440,
                4261597104,
                4262645680
            ],
            "tier": 4,
            "next_ships": {
                "4079924944": 11500,
                "4289640144": 11500
            },
            "mod_slots": 2,
            "type": "Cruiser",
            "is_special": false,
            "name": "球磨"
        }
    }
}