{
    "status": "ok",
    "meta": {
        "count": 1,
        "page_total": 1,
        "total": 1,
        "limit": 100,
        "page": 1
    },
    "data": {
        "4075730640": {
            "description": "日本海軍の補充計画には、15 門の 155 mm 砲を三連装砲塔に収めて搭載した排水量 8,450 トンの巡洋艦を 2 隻建造することが盛り込まれていました。この計画案は実現されなかったものの、その更なる開発が、利根型重巡洋艦の誕生に繋がりました。代替的な設計案として、これらの巡洋艦に 150 mm 両用砲を搭載し、アメリカ軍の艦上機および陸上機に対抗するための防空巡洋艦を開発することも検討されていました。",
            "price_gold": 0,
            "ship_id_str": "PJSC209",
            "has_demo_profile": false,
            "images": {
                "small": "https://wows-gloss-icons.wgcdn.co/icons/vehicle/small/PJSC209_89599a33f3e9dd45b273b4817cae2435d601a22fba42f75f0c9fe13b7ca4e62c.png",
                "large": "https://wows-gloss-icons.wgcdn.co/icons/vehicle/large/PJSC209_321a47debc53fd7e9016eb4c331cb3b09bf790dfbf10d99ac8f4aa0084658459.png",
                "medium": "https://wows-gloss-icons.wgcdn.co/icons/vehicle/medium/PJSC209_ef8bf0eaf9c9ff7bb25061124e23409eb8fcb193811a749b6b2c98497eba19f6.png",
                "contour": "https://wows-gloss-icons.wgcdn.co/icons/vehicle/contour/PJSC209_9bc9e861175ee6de7ec1bee0c44500f910da445d3dce8317e05732689976d8bb.png"
            },
            "modules": {
                "engine": [
                    3451760336
                ],
                "torpedo_bomber": [],
                "fighter": [],
                "hull": [
                    3450613456,
                    3449564880
                ],
                "artillery": [
                    3452939984
                ],
                "torpedoes": [
                    3447074512
                ],
                "fire_control": [
                    3440815824,
                    3441864400
                ],
                "sonar": [],
                "flight_control": [],
                "dive_bomber": []
            },
            "modules_tree": {
                "3447074512": {
                    "name": "Type 93",
                    "next_modules": null,
                    "is_default": true,
                    "price_xp": 0,
                    "price_credit": 1300000,
                    "next_ships": null,
                    "module_id": 3447074512,
                    "type": "Torpedoes",
                    "module_id_str": "PJUT808"
                },
                "3441864400": {
                    "name": "Type9 mod. 1",
                    "next_modules": [
                        3440815824
                    ],
                    "is_default": true,
                    "price_xp": 0,
                    "price_credit": 1300000,
                    "next_ships": null,
                    "module_id": 3441864400,
                    "type": "Suo",
                    "module_id_str": "PJUS813"
                },
                "3449564880": {
                    "name": "高梁 (B)",
                    "next_modules": null,
                    "is_default": false,
                    "price_xp": 48000,
                    "price_credit": 3000000,
                    "next_ships": [
                        4074682064
                    ],
                    "module_id": 3449564880,
                    "type": "Hull",
                    "module_id_str": "PJUH806"
                },
                "3452939984": {
                    "name": "150 mm/60 5th Year Type (三連装砲塔)",
                    "next_modules": null,
                    "is_default": true,
                    "price_xp": 0,
                    "price_credit": 1300000,
                    "next_ships": null,
                    "module_id": 3452939984,
                    "type": "Artillery",
                    "module_id_str": "PJUA803"
                },
                "3450613456": {
                    "name": "高梁 (A)",
                    "next_modules": [
                        3449564880
                    ],
                    "is_default": true,
                    "price_xp": 0,
                    "price_credit": 1950000,
                    "next_ships": null,
                    "module_id": 3450613456,
                    "type": "Hull",
                    "module_id_str": "PJUH805"
                },
                "3440815824": {
                    "name": "Type9 mod. 2",
                    "next_modules": null,
                    "is_default": false,
                    "price_xp": 32000,
                    "price_credit": 2000000,
                    "next_ships": null,
                    "module_id": 3440815824,
                    "type": "Suo",
                    "module_id_str": "PJUS814"
                },
                "3451760336": {
                    "name": "推力: 152,000 馬力",
                    "next_modules": null,
                    "is_default": true,
                    "price_xp": 0,
                    "price_credit": 1300000,
                    "next_ships": null,
                    "module_id": 3451760336,
                    "type": "Engine",
                    "module_id_str": "PJUE804"
                }
            },
            "nation": "japan",
            "is_premium": false,
            "ship_id": 4075730640,
            "price_credit": 13000000,
            "default_profile": {
                "engine": {
                    "engine_id_str": "PJUE804",
                    "max_speed": 34.5,
                    "engine_id": 3451760336
                },
                "torpedo_bomber": null,
                "anti_aircraft": {
                    "slots": {
                        "0": {
                            "distance": -1.0,
                            "avg_damage": null,
                            "caliber": 25,
                            "name": "25 mm/60 Type 96 (単装砲座)",
                            "guns": 16
                        },
                        "1": {
                            "distance": -1.0,
                            "avg_damage": null,
                            "caliber": 25,
                            "name": "25 mm/60 Type 96 (三連装砲座)",
                            "guns": 10
                        },
                        "2": {
                            "distance": -1.0,
                            "avg_damage": null,
                            "caliber": 100,
                            "name": "100 mm/65 Type 98 (連装砲座)",
                            "guns": 4
                        },
                        "3": {
                            "distance": -1.0,
                            "avg_damage": null,
                            "caliber": 150,
                            "name": "150 mm/60 5th Year Type (三連装砲塔)",
                            "guns": 5
                        }
                    },
                    "defense": 74
                },
                "depth_charge": null,
                "mobility": {
                    "rudder_time": 12.0,
                    "total": 54,
                    "max_speed": 34.5,
                    "turning_radius": 860
                },
                "hull": {
                    "hull_id": 3450613456,
                    "hull_id_str": "PJUH805",
                    "torpedoes_barrels": 4,
                    "anti_aircraft_barrels": 35,
                    "range": {
                        "max": 160,
                        "min": 13
                    },
                    "health": 43400,
                    "planes_amount": null,
                    "artillery_barrels": 5,
                    "atba_barrels": 4
                },
                "atbas": {
                    "distance": 7.0,
                    "slots": {
                        "0": {
                            "burn_probability": 6.0,
                            "bullet_speed": 1000,
                            "name": "100 mm HE Type98",
                            "shot_delay": 2.9,
                            "damage": 1700,
                            "bullet_mass": 13,
                            "type": "HE",
                            "gun_rate": 21.0
                        }
                    }
                },
                "artillery": {
                    "max_dispersion": 136,
                    "shells": {
                        "AP": {
                            "burn_probability": null,
                            "bullet_speed": 930,
                            "name": "150 mm AP Type 0",
                            "damage": 2850,
                            "bullet_mass": 41,
                            "type": "AP"
                        },
                        "HE": {
                            "burn_probability": 10.0,
                            "bullet_speed": 930,
                            "name": "150 mm HE Type 0",
                            "damage": 2350,
                            "bullet_mass": 41,
                            "type": "HE"
                        }
                    },
                    "shot_delay": 15.0,
                    "rotation_time": 6.0,
                    "distance": 15.0,
                    "artillery_id": 3452939984,
                    "artillery_id_str": "PJUA803",
                    "slots": {
                        "0": {
                            "barrels": 3,
                            "name": "150 mm/60 5th Year Type (三連装砲塔)",
                            "guns": 5
                        }
                    },
                    "gun_rate": 4.0
                },
                "torpedoes": {
                    "visibility_dist": 1.7,
                    "distance": 15.0,
                    "torpedoes_id": 3447074512,
                    "torpedo_name": "Type93",
                    "reload_time": 120,
                    "torpedo_speed": 57,
                    "rotation_time": 7.2,
                    "torpedoes_id_str": "PJUT808",
                    "slots": {
                        "0": {
                            "barrels": 4,
                            "caliber": 610,
                            "name": "610 mm 四連装",
                            "guns": 4
                        }
                    },
                    "max_damage": 20966
                },
                "fighters": null,
                "submarine_mobility": null,
                "fire_control": {
                    "fire_control_id": 3441864400,
                    "distance": 0.0,
                    "distance_increase": null,
                    "fire_control_id_str": "PJUS813"
                },
                "submarine_sonar": null,
                "battle_level_range_max": 11,
                "battle_level_range_min": 9,
                "flight_control": null,
                "submarine_battery": null,
                "concealment": {
                    "total": 53,
                    "detect_distance_by_plane": 8.5,
                    "detect_distance_by_submarine": 8.5,
                    "detect_distance_by_ship": 12.5
                },
                "armour": {
                    "casemate": {
                        "max": -1,
                        "min": -1
                    },
                    "deck": {
                        "max": -1,
                        "min": -1
                    },
                    "flood_damage": 13,
                    "range": {
                        "max": 160,
                        "min": 13
                    },
                    "health": 43400,
                    "extremities": {
                        "max": -1,
                        "min": -1
                    },
                    "total": 59,
                    "citadel": {
                        "max": -1,
                        "min": -1
                    }
                },
                "weaponry": {
                    "torpedoes": 63,
                    "aircraft": 0,
                    "artillery": 68,
                    "anti_aircraft": 74
                },
                "dive_bomber": null
            },
            "upgrades": [
                4287811504,
                4281520048,
                4273131440,
                4261597104,
                4220702640,
                4265791408,
                4269985712,
                4278374320,
                4262645680,
                4266839984,
                4268937136,
                4275228592,
                4279422896,
                4259499952,
                4267888560,
                4257402800,
                4280471472
            ],
            "tier": 9,
            "next_ships": {
                "4074682064": 240000
            },
            "mod_slots": 6,
            "type": "Cruiser",
            "is_special": false,
            "name": "高梁"
        }
    }
}