{
    "status": "ok",
    "meta": {
        "count": 1,
        "page_total": 1,
        "total": 1,
        "limit": 100,
        "page": 1
    },
    "data": {
        "4185896656": {
            "description": "日本は第一次世界大戦直後に、全通型の飛行甲板を備えた航空母艦の試作を開始しました。「特務船」として計画された鳳翔は、構想段階から航空母艦として設計され、完成した世界初の艦艇となっています。1922 年 12 月に就役した本艦は、当初は艦載機の能力試験のために運用されていましたが、その後は 1937 年の上海事変や日中戦争でも一定の役割を果たしました。鳳翔はその後、連合艦隊に編入され、艦隊の主力部隊のために偵察および対潜任務を遂行しました。",
            "price_gold": 0,
            "ship_id_str": "PJSA104",
            "has_demo_profile": false,
            "images": {
                "small": "https://wows-gloss-icons.wgcdn.co/icons/vehicle/small/PJSA104_7d7342a688ea162287c65071f89954cf0720400daa96bccbed5f3a6dc76868c8.png",
                "large": "https://wows-gloss-icons.wgcdn.co/icons/vehicle/large/PJSA104_fee4a50e6838d92a02041c8df09961a317ac9e518af5173216104180c76c8df1.png",
                "medium": "https://wows-gloss-icons.wgcdn.co/icons/vehicle/medium/PJSA104_fa79144f37a931231b87557d6c6d506f17125eb81efee5d0f709290192b79854.png",
                "contour": "https://wows-gloss-icons.wgcdn.co/icons/vehicle/contour/PJSA104_6d2f02663b6917bd14988b672a3322714a322a6e864d211d1b1d1f99d198be4a.png"
            },
            "modules": {
                "engine": [
                    3925716688
                ],
                "torpedo_bomber": [
                    3977195216
                ],
                "fighter": [
                    3976965840
                ],
                "hull": [
                    3922472656,
                    3923521232
                ],
                "artillery": [],
                "torpedoes": [],
                "fire_control": [],
                "sonar": [],
                "flight_control": [],
                "dive_bomber": [
                    3979226832
                ]
            },
            "modules_tree": {
                "3925716688": {
                    "name": "推力: 30,000 馬力",
                    "next_modules": null,
                    "is_default": true,
                    "price_xp": 0,
                    "price_credit": 40000,
                    "next_ships": null,
                    "module_id": 3925716688,
                    "type": "Engine",
                    "module_id_str": "PJUE352"
                },
                "3922472656": {
                    "name": "鳳翔 (B)",
                    "next_modules": null,
                    "is_default": false,
                    "price_xp": 3000,
                    "price_credit": 250000,
                    "next_ships": [
                        4183799504
                    ],
                    "module_id": 3922472656,
                    "type": "Hull",
                    "module_id_str": "PJUH355"
                },
                "3979226832": {
                    "name": "D1A 九四艦爆",
                    "next_modules": null,
                    "is_default": true,
                    "price_xp": 0,
                    "price_credit": 50000,
                    "next_ships": null,
                    "module_id": 3979226832,
                    "type": "DiveBomber",
                    "module_id_str": "PJUD301"
                },
                "3977195216": {
                    "name": "B4Y 九六艦攻",
                    "next_modules": null,
                    "is_default": true,
                    "price_xp": 0,
                    "price_credit": 50000,
                    "next_ships": null,
                    "module_id": 3977195216,
                    "type": "TorpedoBomber",
                    "module_id_str": "PJUB303"
                },
                "3976965840": {
                    "name": "A4N",
                    "next_modules": null,
                    "is_default": true,
                    "price_xp": 0,
                    "price_credit": 50000,
                    "next_ships": null,
                    "module_id": 3976965840,
                    "type": "Fighter",
                    "module_id_str": "PJUI303"
                },
                "3923521232": {
                    "name": "鳳翔 (A)",
                    "next_modules": [
                        3922472656
                    ],
                    "is_default": true,
                    "price_xp": 0,
                    "price_credit": 100000,
                    "next_ships": null,
                    "module_id": 3923521232,
                    "type": "Hull",
                    "module_id_str": "PJUH354"
                }
            },
            "nation": "japan",
            "is_premium": false,
            "ship_id": 4185896656,
            "price_credit": 1000000,
            "default_profile": {
                "engine": {
                    "engine_id_str": "PJUE352",
                    "max_speed": 25.0,
                    "engine_id": 3925716688
                },
                "torpedo_bomber": {
                    "torpedo_distance": 3.0,
                    "plane_level": 4,
                    "squadrons": 5,
                    "name": "B4Y 九六艦攻",
                    "cruise_speed": 97,
                    "prepare_time": null,
                    "torpedo_damage": 5800,
                    "count_in_squadron": {
                        "max": null,
                        "min": null
                    },
                    "torpedo_max_speed": 40,
                    "torpedo_bomber_id_str": "PJUB303",
                    "gunner_damage": null,
                    "max_damage": 5800,
                    "max_health": 1380,
                    "torpedo_bomber_id": 3977195216,
                    "torpedo_name": null
                },
                "anti_aircraft": {
                    "slots": {
                        "0": {
                            "distance": -1.0,
                            "avg_damage": null,
                            "caliber": 13,
                            "name": "13 mm/76 Type 93 (連装銃座)",
                            "guns": 6
                        }
                    },
                    "defense": 14
                },
                "depth_charge": null,
                "mobility": {
                    "rudder_time": 11.1,
                    "total": 36,
                    "max_speed": 25.0,
                    "turning_radius": 740
                },
                "hull": {
                    "hull_id": 3923521232,
                    "hull_id_str": "PJUH354",
                    "torpedoes_barrels": 0,
                    "anti_aircraft_barrels": 6,
                    "range": {
                        "max": 20,
                        "min": 6
                    },
                    "health": 31000,
                    "planes_amount": null,
                    "artillery_barrels": 0,
                    "atba_barrels": 4
                },
                "atbas": {
                    "distance": 3.5,
                    "slots": {
                        "0": {
                            "burn_probability": 10.0,
                            "bullet_speed": 850,
                            "name": "140 mm HE Type0",
                            "shot_delay": 3.0,
                            "damage": 2400,
                            "bullet_mass": 38,
                            "type": "HE",
                            "gun_rate": 20.0
                        }
                    }
                },
                "artillery": null,
                "torpedoes": null,
                "fighters": {
                    "fighters_id": 3976965840,
                    "squadrons": 2,
                    "name": "A4N",
                    "cruise_speed": 108,
                    "prepare_time": null,
                    "gunner_damage": null,
                    "fighters_id_str": "PJUI303",
                    "count_in_squadron": {
                        "max": null,
                        "min": null
                    },
                    "max_ammo": null,
                    "plane_level": 4,
                    "avg_damage": null,
                    "max_health": 1150
                },
                "submarine_mobility": null,
                "fire_control": null,
                "submarine_sonar": null,
                "battle_level_range_max": 5,
                "battle_level_range_min": 4,
                "flight_control": null,
                "submarine_battery": null,
                "concealment": {
                    "total": 76,
                    "detect_distance_by_plane": 6.5,
                    "detect_distance_by_submarine": 6.5,
                    "detect_distance_by_ship": 8.6
                },
                "armour": {
                    "casemate": {
                        "max": -1,
                        "min": -1
                    },
                    "deck": {
                        "max": -1,
                        "min": -1
                    },
                    "flood_damage": 0,
                    "range": {
                        "max": 20,
                        "min": 6
                    },
                    "health": 31000,
                    "extremities": {
                        "max": -1,
                        "min": -1
                    },
                    "total": 37,
                    "citadel": {
                        "max": -1,
                        "min": -1
                    }
                },
                "weaponry": {
                    "torpedoes": 0,
                    "aircraft": 32,
                    "artillery": 3,
                    "anti_aircraft": 14
                },
                "dive_bomber": {
                    "squadrons": 3,
                    "name": "D1A 九四艦爆",
                    "cruise_speed": 98,
                    "dive_bomber_id": 3979226832,
                    "prepare_time": null,
                    "gunner_damage": null,
                    "bomb_damage": null,
                    "count_in_squadron": {
                        "max": null,
                        "min": null
                    },
                    "bomb_name": null,
                    "bomb_bullet_mass": 251,
                    "plane_level": 4,
                    "bomb_burn_probability": 0.0,
                    "max_damage": null,
                    "max_health": 1360,
                    "dive_bomber_id_str": "PJUD301",
                    "accuracy": {
                        "max": null,
                        "min": null
                    }
                }
            },
            "upgrades": [
                4273131440,
                4290957232,
                4261597104
            ],
            "tier": 4,
            "next_ships": {
                "4183799504": 40000
            },
            "mod_slots": 2,
            "type": "AirCarrier",
            "is_special": false,
            "name": "鳳翔"
        }
    }
}